{
  "type": "FeatureCollection",
  "features": [
    {
      "type": "Feature",
      "geometry": {
        "type": "Polygon",
        "coordinates": [
          [
            [
              -118.725257,
              34.062598
            ],
            [
              -118.725267,
              34.062588
            ],
            [
              -118.725267,
              34.062583
            ],
            [
              -118.725272,
              34.062578
            ],
            [
              -118.725272,
              34.062573
            ],
            [
              -118.725262,
              34.062563
            ],
            [
              -118.725262,
              34.062558
            ],
            [
              -118.72524700000001,
              34.062543
            ],
            [
              -118.725237,
              34.062553
            ],
            [
              -118.725237,
              34.062558
            ],
            [
              -118.725222,
              34.062573
            ],
            [
              -118.725227,
              34.062578
            ],
            [
              -118.725232,
              34.062578
            ],
            [
              -118.72524700000001,
              34.062593
            ],
            [
              -118.725252,
              34.062593
            ],
            [
              -118.725257,
              34.062598
            ]
          ]
        ]
      },
      "properties": {
        "building_id": 180,
        "scenario_id": 1,
        "damage_class": "no-damage",
        "confidence": 0.5075,
        "probabilities": {
          "no-damage": 0.5075,
          "minor-damage": 0.049,
          "major-damage": 0.3259,
          "destroyed": 0.1176
        },
        "gt_damage_class": "destroyed",
        "source": "AI Prediction (Siamese ResNet18)",
        "is_prediction": true
      }
    },
    {
      "type": "Feature",
      "geometry": {
        "type": "Polygon",
        "coordinates": [
          [
            [
              -118.72502200000001,
              34.063698
            ],
            [
              -118.725052,
              34.063668
            ],
            [
              -118.725042,
              34.063658
            ],
            [
              -118.725042,
              34.063653
            ],
            [
              -118.725027,
              34.063638
            ],
            [
              -118.725012,
              34.063653
            ],
            [
              -118.725007,
              34.063653
            ],
            [
              -118.724992,
              34.063668
            ],
            [
              -118.72502200000001,
              34.063698
            ]
          ]
        ]
      },
      "properties": {
        "building_id": 181,
        "scenario_id": 1,
        "damage_class": "no-damage",
        "confidence": 0.9422,
        "probabilities": {
          "no-damage": 0.9422,
          "minor-damage": 0.0366,
          "major-damage": 0.0142,
          "destroyed": 0.007
        },
        "gt_damage_class": "destroyed",
        "source": "AI Prediction (Siamese ResNet18)",
        "is_prediction": true
      }
    },
    {
      "type": "Feature",
      "geometry": {
        "type": "Polygon",
        "coordinates": [
          [
            [
              -118.718023,
              34.071447
            ],
            [
              -118.718028,
              34.071442
            ],
            [
              -118.71814300000001,
              34.071442
            ],
            [
              -118.718148,
              34.071436999999996
            ],
            [
              -118.718203,
              34.071436999999996
            ],
            [
              -118.718203,
              34.071431999999994
            ],
            [
              -118.718208,
              34.071427
            ],
            [
              -118.718208,
              34.071422
            ],
            [
              -118.718213,
              34.071417
            ],
            [
              -118.718213,
              34.071407
            ],
            [
              -118.71821800000001,
              34.071402
            ],
            [
              -118.71821800000001,
              34.071397
            ],
            [
              -118.71822300000001,
              34.071391999999996
            ],
            [
              -118.71822300000001,
              34.071382
            ],
            [
              -118.71822800000001,
              34.071377
            ],
            [
              -118.71822800000001,
              34.071366999999995
            ],
            [
              -118.71823300000001,
              34.071362
            ],
            [
              -118.71823300000001,
              34.071357
            ],
            [
              -118.718238,
              34.071352
            ],
            [
              -118.718238,
              34.071346999999996
            ],
            [
              -118.71817800000001,
              34.071346999999996
            ],
            [
              -118.71817300000001,
              34.071352
            ],
            [
              -118.718058,
              34.071352
            ],
            [
              -118.71805300000001,
              34.071357
            ],
            [
              -118.71799800000001,
              34.071357
            ],
            [
              -118.71799800000001,
              34.071362
            ],
            [
              -118.717993,
              34.071366999999995
            ],
            [
              -118.717993,
              34.071377
            ],
            [
              -118.717988,
              34.071382
            ],
            [
              -118.717988,
              34.071391999999996
            ],
            [
              -118.717983,
              34.071397
            ],
            [
              -118.717983,
              34.071407
            ],
            [
              -118.717978,
              34.071411999999995
            ],
            [
              -118.717978,
              34.071422
            ],
            [
              -118.717973,
              34.071427
            ],
            [
              -118.717973,
              34.071436999999996
            ],
            [
              -118.717968,
              34.071442
            ],
            [
              -118.717968,
              34.071447
            ],
            [
              -118.718023,
              34.071447
            ]
          ]
        ]
      },
      "properties": {
        "building_id": 182,
        "scenario_id": 1,
        "damage_class": "major-damage",
        "confidence": 0.7079,
        "probabilities": {
          "no-damage": 0.0421,
          "minor-damage": 0.22,
          "major-damage": 0.7079,
          "destroyed": 0.03
        },
        "gt_damage_class": "destroyed",
        "source": "AI Prediction (Siamese ResNet18)",
        "is_prediction": true
      }
    },
    {
      "type": "Feature",
      "geometry": {
        "type": "Polygon",
        "coordinates": [
          [
            [
              -118.729046,
              34.072341
            ],
            [
              -118.729046,
              34.072321
            ],
            [
              -118.729051,
              34.072316
            ],
            [
              -118.729051,
              34.072271
            ],
            [
              -118.729056,
              34.072266
            ],
            [
              -118.729056,
              34.072241000000005
            ],
            [
              -118.729006,
              34.072241000000005
            ],
            [
              -118.729001,
              34.072236000000004
            ],
            [
              -118.728956,
              34.072236000000004
            ],
            [
              -118.728956,
              34.072261000000005
            ],
            [
              -118.728951,
              34.072266
            ],
            [
              -118.728951,
              34.072286000000005
            ],
            [
              -118.72894600000001,
              34.072291
            ],
            [
              -118.728916,
              34.072291
            ],
            [
              -118.728916,
              34.072311
            ],
            [
              -118.728921,
              34.072316
            ],
            [
              -118.728921,
              34.072341
            ],
            [
              -118.729046,
              34.072341
            ]
          ]
        ]
      },
      "properties": {
        "building_id": 183,
        "scenario_id": 1,
        "damage_class": "minor-damage",
        "confidence": 0.951,
        "probabilities": {
          "no-damage": 0.0394,
          "minor-damage": 0.951,
          "major-damage": 0.0036,
          "destroyed": 0.006
        },
        "gt_damage_class": "destroyed",
        "source": "AI Prediction (Siamese ResNet18)",
        "is_prediction": true
      }
    },
    {
      "type": "Feature",
      "geometry": {
        "type": "Polygon",
        "coordinates": [
          [
            [
              -118.727761,
              34.072441000000005
            ],
            [
              -118.727766,
              34.072436
            ],
            [
              -118.727831,
              34.072436
            ],
            [
              -118.727831,
              34.072391
            ],
            [
              -118.727696,
              34.072391
            ],
            [
              -118.727696,
              34.072411
            ],
            [
              -118.727701,
              34.072416000000004
            ],
            [
              -118.727701,
              34.072441000000005
            ],
            [
              -118.727761,
              34.072441000000005
            ]
          ]
        ]
      },
      "properties": {
        "building_id": 184,
        "scenario_id": 1,
        "damage_class": "minor-damage",
        "confidence": 0.4848,
        "probabilities": {
          "no-damage": 0.1091,
          "minor-damage": 0.4848,
          "major-damage": 0.0632,
          "destroyed": 0.3429
        },
        "gt_damage_class": "destroyed",
        "source": "AI Prediction (Siamese ResNet18)",
        "is_prediction": true
      }
    },
    {
      "type": "Feature",
      "geometry": {
        "type": "Polygon",
        "coordinates": [
          [
            [
              -118.728876,
              34.072511000000006
            ],
            [
              -118.728876,
              34.072471
            ],
            [
              -118.728881,
              34.072466000000006
            ],
            [
              -118.728881,
              34.072391
            ],
            [
              -118.728886,
              34.072386
            ],
            [
              -118.728886,
              34.072346
            ],
            [
              -118.728866,
              34.072346
            ],
            [
              -118.728861,
              34.072341
            ],
            [
              -118.728846,
              34.072341
            ],
            [
              -118.728846,
              34.072361
            ],
            [
              -118.728841,
              34.072366
            ],
            [
              -118.728841,
              34.072401
            ],
            [
              -118.728836,
              34.072406
            ],
            [
              -118.728836,
              34.072421000000006
            ],
            [
              -118.728831,
              34.072426
            ],
            [
              -118.728821,
              34.072426
            ],
            [
              -118.728816,
              34.072421000000006
            ],
            [
              -118.728816,
              34.072406
            ],
            [
              -118.72881100000001,
              34.072401
            ],
            [
              -118.72881100000001,
              34.072386
            ],
            [
              -118.728801,
              34.072376000000006
            ],
            [
              -118.728801,
              34.072346
            ],
            [
              -118.728796,
              34.072346
            ],
            [
              -118.728791,
              34.072341
            ],
            [
              -118.728781,
              34.072341
            ],
            [
              -118.728776,
              34.072336
            ],
            [
              -118.728771,
              34.072336
            ],
            [
              -118.728771,
              34.072416000000004
            ],
            [
              -118.728776,
              34.072416000000004
            ],
            [
              -118.728781,
              34.072421000000006
            ],
            [
              -118.728786,
              34.072421000000006
            ],
            [
              -118.728791,
              34.072426
            ],
            [
              -118.728791,
              34.072431
            ],
            [
              -118.728796,
              34.072436
            ],
            [
              -118.728796,
              34.072461000000004
            ],
            [
              -118.728801,
              34.072466000000006
            ],
            [
              -118.728801,
              34.072491
            ],
            [
              -118.728806,
              34.072496
            ],
            [
              -118.728806,
              34.072511000000006
            ],
            [
              -118.728876,
              34.072511000000006
            ]
          ]
        ]
      },
      "properties": {
        "building_id": 185,
        "scenario_id": 1,
        "damage_class": "destroyed",
        "confidence": 0.6483,
        "probabilities": {
          "no-damage": 0.0463,
          "minor-damage": 0.2276,
          "major-damage": 0.0778,
          "destroyed": 0.6483
        },
        "gt_damage_class": "destroyed",
        "source": "AI Prediction (Siamese ResNet18)",
        "is_prediction": true
      }
    },
    {
      "type": "Feature",
      "geometry": {
        "type": "Polygon",
        "coordinates": [
          [
            [
              -118.728846,
              34.072631
            ],
            [
              -118.728846,
              34.072596000000004
            ],
            [
              -118.728851,
              34.072591
            ],
            [
              -118.728851,
              34.072556000000006
            ],
            [
              -118.728776,
              34.072556000000006
            ],
            [
              -118.728776,
              34.072571
            ],
            [
              -118.728781,
              34.072576000000005
            ],
            [
              -118.728781,
              34.072611
            ],
            [
              -118.728786,
              34.072616000000004
            ],
            [
              -118.728786,
              34.072631
            ],
            [
              -118.728846,
              34.072631
            ]
          ]
        ]
      },
      "properties": {
        "building_id": 186,
        "scenario_id": 1,
        "damage_class": "destroyed",
        "confidence": 0.9611,
        "probabilities": {
          "no-damage": 0.0145,
          "minor-damage": 0.0091,
          "major-damage": 0.0152,
          "destroyed": 0.9611
        },
        "gt_damage_class": "destroyed",
        "source": "AI Prediction (Siamese ResNet18)",
        "is_prediction": true
      }
    },
    {
      "type": "Feature",
      "geometry": {
        "type": "Polygon",
        "coordinates": [
          [
            [
              -118.73083,
              34.081155
            ],
            [
              -118.73083,
              34.08115
            ],
            [
              -118.730835,
              34.081145
            ],
            [
              -118.730835,
              34.08114
            ],
            [
              -118.73084,
              34.081135
            ],
            [
              -118.73084,
              34.08113
            ],
            [
              -118.730845,
              34.081125
            ],
            [
              -118.730845,
              34.08112
            ],
            [
              -118.73085,
              34.081115
            ],
            [
              -118.73085,
              34.08111
            ],
            [
              -118.730855,
              34.081105
            ],
            [
              -118.730855,
              34.081095
            ],
            [
              -118.73085999999999,
              34.08109
            ],
            [
              -118.73085999999999,
              34.081085
            ],
            [
              -118.730865,
              34.08108
            ],
            [
              -118.730865,
              34.081075
            ],
            [
              -118.73087,
              34.08107
            ],
            [
              -118.73087,
              34.081065
            ],
            [
              -118.730875,
              34.08106
            ],
            [
              -118.730875,
              34.081055
            ],
            [
              -118.73087,
              34.081055
            ],
            [
              -118.730865,
              34.08105
            ],
            [
              -118.73085999999999,
              34.08105
            ],
            [
              -118.730855,
              34.081045
            ],
            [
              -118.73085,
              34.081045
            ],
            [
              -118.730845,
              34.08104
            ],
            [
              -118.73084,
              34.08104
            ],
            [
              -118.730835,
              34.081035
            ],
            [
              -118.730825,
              34.081035
            ],
            [
              -118.73082,
              34.08103
            ],
            [
              -118.73081499999999,
              34.08103
            ],
            [
              -118.73081,
              34.081025
            ],
            [
              -118.730805,
              34.081025
            ],
            [
              -118.7308,
              34.08102
            ],
            [
              -118.73079,
              34.08102
            ],
            [
              -118.730785,
              34.081015
            ],
            [
              -118.73078,
              34.081015
            ],
            [
              -118.730775,
              34.08101
            ],
            [
              -118.73076999999999,
              34.08101
            ],
            [
              -118.730765,
              34.081005
            ],
            [
              -118.73076,
              34.081005
            ],
            [
              -118.730755,
              34.081
            ],
            [
              -118.73075,
              34.081
            ],
            [
              -118.73075,
              34.081005
            ],
            [
              -118.730745,
              34.08101
            ],
            [
              -118.730745,
              34.081015
            ],
            [
              -118.73074,
              34.08102
            ],
            [
              -118.73074,
              34.081025
            ],
            [
              -118.730735,
              34.08103
            ],
            [
              -118.730735,
              34.081035
            ],
            [
              -118.73073,
              34.08104
            ],
            [
              -118.73073,
              34.081045
            ],
            [
              -118.73072499999999,
              34.08105
            ],
            [
              -118.73072499999999,
              34.081055
            ],
            [
              -118.73072,
              34.08106
            ],
            [
              -118.73072,
              34.081065
            ],
            [
              -118.730715,
              34.08107
            ],
            [
              -118.730715,
              34.081075
            ],
            [
              -118.73071,
              34.08108
            ],
            [
              -118.73071,
              34.081085
            ],
            [
              -118.730705,
              34.08109
            ],
            [
              -118.730705,
              34.081095
            ],
            [
              -118.7307,
              34.0811
            ],
            [
              -118.730705,
              34.0811
            ],
            [
              -118.73071,
              34.081105
            ],
            [
              -118.730715,
              34.081105
            ],
            [
              -118.73072,
              34.08111
            ],
            [
              -118.73072499999999,
              34.08111
            ],
            [
              -118.73073,
              34.081115
            ],
            [
              -118.73074,
              34.081115
            ],
            [
              -118.730745,
              34.08112
            ],
            [
              -118.73075,
              34.08112
            ],
            [
              -118.730755,
              34.081125
            ],
            [
              -118.73076,
              34.081125
            ],
            [
              -118.730765,
              34.08113
            ],
            [
              -118.730775,
              34.08113
            ],
            [
              -118.73078,
              34.081135
            ],
            [
              -118.730785,
              34.081135
            ],
            [
              -118.73079,
              34.08114
            ],
            [
              -118.7308,
              34.08114
            ],
            [
              -118.730805,
              34.081145
            ],
            [
              -118.73081,
              34.081145
            ],
            [
              -118.73081499999999,
              34.08115
            ],
            [
              -118.73082,
              34.08115
            ],
            [
              -118.730825,
              34.081155
            ],
            [
              -118.73083,
              34.081155
            ]
          ]
        ]
      },
      "properties": {
        "building_id": 187,
        "scenario_id": 1,
        "damage_class": "minor-damage",
        "confidence": 0.5694,
        "probabilities": {
          "no-damage": 0.2166,
          "minor-damage": 0.5694,
          "major-damage": 0.0831,
          "destroyed": 0.1309
        },
        "gt_damage_class": "no-damage",
        "source": "AI Prediction (Siamese ResNet18)",
        "is_prediction": true
      }
    },
    {
      "type": "Feature",
      "geometry": {
        "type": "Polygon",
        "coordinates": [
          [
            [
              -118.73494,
              34.08133
            ],
            [
              -118.73494,
              34.081315000000004
            ],
            [
              -118.734945,
              34.08131
            ],
            [
              -118.734945,
              34.0813
            ],
            [
              -118.73495,
              34.081295
            ],
            [
              -118.734995,
              34.081295
            ],
            [
              -118.734995,
              34.081285
            ],
            [
              -118.735,
              34.08128
            ],
            [
              -118.735,
              34.081205
            ],
            [
              -118.73494,
              34.081205
            ],
            [
              -118.73494,
              34.081215
            ],
            [
              -118.734935,
              34.08122
            ],
            [
              -118.734925,
              34.08122
            ],
            [
              -118.73492,
              34.081215
            ],
            [
              -118.73491,
              34.081215
            ],
            [
              -118.73491,
              34.08123
            ],
            [
              -118.734905,
              34.081235
            ],
            [
              -118.734905,
              34.08125
            ],
            [
              -118.7349,
              34.081255
            ],
            [
              -118.7349,
              34.081325
            ],
            [
              -118.734915,
              34.081325
            ],
            [
              -118.73492,
              34.08133
            ],
            [
              -118.73494,
              34.08133
            ]
          ]
        ]
      },
      "properties": {
        "building_id": 188,
        "scenario_id": 1,
        "damage_class": "no-damage",
        "confidence": 0.3408,
        "probabilities": {
          "no-damage": 0.3408,
          "minor-damage": 0.3297,
          "major-damage": 0.2247,
          "destroyed": 0.1047
        },
        "gt_damage_class": "no-damage",
        "source": "AI Prediction (Siamese ResNet18)",
        "is_prediction": true
      }
    },
    {
      "type": "Feature",
      "geometry": {
        "type": "Polygon",
        "coordinates": [
          [
            [
              -118.734245,
              34.08152
            ],
            [
              -118.73425,
              34.081515
            ],
            [
              -118.734255,
              34.081515
            ],
            [
              -118.73426,
              34.08151
            ],
            [
              -118.734265,
              34.08151
            ],
            [
              -118.73427,
              34.081505
            ],
            [
              -118.734275,
              34.081505
            ],
            [
              -118.73428,
              34.0815
            ],
            [
              -118.734285,
              34.0815
            ],
            [
              -118.73429,
              34.081495
            ],
            [
              -118.7343,
              34.081495
            ],
            [
              -118.734305,
              34.08149
            ],
            [
              -118.73431,
              34.08149
            ],
            [
              -118.734315,
              34.081485
            ],
            [
              -118.73432,
              34.081485
            ],
            [
              -118.734325,
              34.08148
            ],
            [
              -118.73433,
              34.08148
            ],
            [
              -118.734335,
              34.081475
            ],
            [
              -118.73434,
              34.081475
            ],
            [
              -118.734345,
              34.08147
            ],
            [
              -118.73435,
              34.08147
            ],
            [
              -118.73435,
              34.081465
            ],
            [
              -118.734345,
              34.08146
            ],
            [
              -118.734345,
              34.081455
            ],
            [
              -118.73434,
              34.081450000000004
            ],
            [
              -118.73434,
              34.08144
            ],
            [
              -118.734335,
              34.081435
            ],
            [
              -118.734335,
              34.08143
            ],
            [
              -118.73433,
              34.081425
            ],
            [
              -118.73433,
              34.08142
            ],
            [
              -118.734325,
              34.08142
            ],
            [
              -118.73432,
              34.081425
            ],
            [
              -118.734315,
              34.081425
            ],
            [
              -118.73431,
              34.08143
            ],
            [
              -118.734305,
              34.08143
            ],
            [
              -118.7343,
              34.081435
            ],
            [
              -118.73429,
              34.081435
            ],
            [
              -118.734285,
              34.08144
            ],
            [
              -118.73428,
              34.08144
            ],
            [
              -118.734275,
              34.081445
            ],
            [
              -118.73427,
              34.081445
            ],
            [
              -118.734265,
              34.081450000000004
            ],
            [
              -118.73426,
              34.081450000000004
            ],
            [
              -118.73426,
              34.081455
            ],
            [
              -118.734265,
              34.08146
            ],
            [
              -118.734265,
              34.08147
            ],
            [
              -118.73427,
              34.081475
            ],
            [
              -118.73426,
              34.081485
            ],
            [
              -118.734245,
              34.081485
            ],
            [
              -118.73424,
              34.08149
            ],
            [
              -118.734235,
              34.08149
            ],
            [
              -118.734235,
              34.0815
            ],
            [
              -118.73424,
              34.081505
            ],
            [
              -118.73424,
              34.08152
            ],
            [
              -118.734245,
              34.08152
            ]
          ]
        ]
      },
      "properties": {
        "building_id": 189,
        "scenario_id": 1,
        "damage_class": "no-damage",
        "confidence": 0.6894,
        "probabilities": {
          "no-damage": 0.6894,
          "minor-damage": 0.1136,
          "major-damage": 0.0577,
          "destroyed": 0.1392
        },
        "gt_damage_class": "no-damage",
        "source": "AI Prediction (Siamese ResNet18)",
        "is_prediction": true
      }
    },
    {
      "type": "Feature",
      "geometry": {
        "type": "Polygon",
        "coordinates": [
          [
            [
              -118.7345,
              34.08152
            ],
            [
              -118.7345,
              34.08151
            ],
            [
              -118.734505,
              34.081505
            ],
            [
              -118.734505,
              34.08148
            ],
            [
              -118.73451,
              34.081475
            ],
            [
              -118.73451,
              34.081450000000004
            ],
            [
              -118.734515,
              34.081445
            ],
            [
              -118.734515,
              34.08142
            ],
            [
              -118.73452,
              34.081415
            ],
            [
              -118.73452,
              34.081405000000004
            ],
            [
              -118.7345,
              34.081405000000004
            ],
            [
              -118.734495,
              34.0814
            ],
            [
              -118.73446,
              34.0814
            ],
            [
              -118.734455,
              34.081395
            ],
            [
              -118.73444,
              34.081395
            ],
            [
              -118.73444,
              34.081415
            ],
            [
              -118.734435,
              34.08142
            ],
            [
              -118.734435,
              34.081455
            ],
            [
              -118.73443,
              34.08146
            ],
            [
              -118.73443,
              34.081495
            ],
            [
              -118.734425,
              34.0815
            ],
            [
              -118.734425,
              34.081515
            ],
            [
              -118.73446,
              34.081515
            ],
            [
              -118.734465,
              34.08152
            ],
            [
              -118.7345,
              34.08152
            ]
          ]
        ]
      },
      "properties": {
        "building_id": 190,
        "scenario_id": 1,
        "damage_class": "no-damage",
        "confidence": 0.7758,
        "probabilities": {
          "no-damage": 0.7758,
          "minor-damage": 0.1656,
          "major-damage": 0.0362,
          "destroyed": 0.0225
        },
        "gt_damage_class": "no-damage",
        "source": "AI Prediction (Siamese ResNet18)",
        "is_prediction": true
      }
    },
    {
      "type": "Feature",
      "geometry": {
        "type": "Polygon",
        "coordinates": [
          [
            [
              -118.730255,
              34.08158
            ],
            [
              -118.730255,
              34.081575
            ],
            [
              -118.73026,
              34.08157
            ],
            [
              -118.73026,
              34.08155
            ],
            [
              -118.730265,
              34.081545
            ],
            [
              -118.730265,
              34.08152
            ],
            [
              -118.73027,
              34.081515
            ],
            [
              -118.73027,
              34.08149
            ],
            [
              -118.730275,
              34.081485
            ],
            [
              -118.730275,
              34.08146
            ],
            [
              -118.73028,
              34.081455
            ],
            [
              -118.73028,
              34.081445
            ],
            [
              -118.730285,
              34.08144
            ],
            [
              -118.7303,
              34.08144
            ],
            [
              -118.730305,
              34.081445
            ],
            [
              -118.73032,
              34.081445
            ],
            [
              -118.73032,
              34.081435
            ],
            [
              -118.730325,
              34.08143
            ],
            [
              -118.730325,
              34.081415
            ],
            [
              -118.73033,
              34.08141
            ],
            [
              -118.73033,
              34.08139
            ],
            [
              -118.730335,
              34.081385
            ],
            [
              -118.730335,
              34.08137
            ],
            [
              -118.73034,
              34.081365
            ],
            [
              -118.73034,
              34.081345
            ],
            [
              -118.730345,
              34.08134
            ],
            [
              -118.730345,
              34.081325
            ],
            [
              -118.73035,
              34.08132
            ],
            [
              -118.73035,
              34.08131
            ],
            [
              -118.73034,
              34.08131
            ],
            [
              -118.730335,
              34.081305
            ],
            [
              -118.73031,
              34.081305
            ],
            [
              -118.730305,
              34.0813
            ],
            [
              -118.730285,
              34.0813
            ],
            [
              -118.73028,
              34.081295
            ],
            [
              -118.730255,
              34.081295
            ],
            [
              -118.73025,
              34.08129
            ],
            [
              -118.730225,
              34.08129
            ],
            [
              -118.73022,
              34.081285
            ],
            [
              -118.7302,
              34.081285
            ],
            [
              -118.730195,
              34.08128
            ],
            [
              -118.73017,
              34.08128
            ],
            [
              -118.730165,
              34.081275
            ],
            [
              -118.730155,
              34.081275
            ],
            [
              -118.730155,
              34.08131
            ],
            [
              -118.73015,
              34.081315000000004
            ],
            [
              -118.73015,
              34.08138
            ],
            [
              -118.730145,
              34.081385
            ],
            [
              -118.730145,
              34.08142
            ],
            [
              -118.73016,
              34.08142
            ],
            [
              -118.730165,
              34.081425
            ],
            [
              -118.730195,
              34.081425
            ],
            [
              -118.7302,
              34.08143
            ],
            [
              -118.73023,
              34.08143
            ],
            [
              -118.730235,
              34.081435
            ],
            [
              -118.730265,
              34.081435
            ],
            [
              -118.73027,
              34.08144
            ],
            [
              -118.730265,
              34.081445
            ],
            [
              -118.73023,
              34.081445
            ],
            [
              -118.730225,
              34.08144
            ],
            [
              -118.730175,
              34.08144
            ],
            [
              -118.730175,
              34.081455
            ],
            [
              -118.73017,
              34.08146
            ],
            [
              -118.73017,
              34.08149
            ],
            [
              -118.730165,
              34.081495
            ],
            [
              -118.730165,
              34.081525
            ],
            [
              -118.73016,
              34.08153
            ],
            [
              -118.73016,
              34.081545
            ],
            [
              -118.730195,
              34.081545
            ],
            [
              -118.7302,
              34.08155
            ],
            [
              -118.7302,
              34.081555
            ],
            [
              -118.730205,
              34.08156
            ],
            [
              -118.730205,
              34.081575
            ],
            [
              -118.730225,
              34.081575
            ],
            [
              -118.73023,
              34.08158
            ],
            [
              -118.730255,
              34.08158
            ]
          ]
        ]
      },
      "properties": {
        "building_id": 191,
        "scenario_id": 1,
        "damage_class": "no-damage",
        "confidence": 0.534,
        "probabilities": {
          "no-damage": 0.534,
          "minor-damage": 0.2011,
          "major-damage": 0.1427,
          "destroyed": 0.1222
        },
        "gt_damage_class": "no-damage",
        "source": "AI Prediction (Siamese ResNet18)",
        "is_prediction": true
      }
    },
    {
      "type": "Feature",
      "geometry": {
        "type": "Polygon",
        "coordinates": [
          [
            [
              -118.73419,
              34.08162
            ],
            [
              -118.73419,
              34.081605
            ],
            [
              -118.734195,
              34.0816
            ],
            [
              -118.734195,
              34.081575
            ],
            [
              -118.7342,
              34.08157
            ],
            [
              -118.7342,
              34.08154
            ],
            [
              -118.734205,
              34.081535
            ],
            [
              -118.734205,
              34.08152
            ],
            [
              -118.734155,
              34.08152
            ],
            [
              -118.734155,
              34.081565
            ],
            [
              -118.73415,
              34.08157
            ],
            [
              -118.73415,
              34.081615
            ],
            [
              -118.734165,
              34.081615
            ],
            [
              -118.73417,
              34.08162
            ],
            [
              -118.73419,
              34.08162
            ]
          ]
        ]
      },
      "properties": {
        "building_id": 192,
        "scenario_id": 1,
        "damage_class": "no-damage",
        "confidence": 0.4303,
        "probabilities": {
          "no-damage": 0.4303,
          "minor-damage": 0.231,
          "major-damage": 0.1869,
          "destroyed": 0.1518
        },
        "gt_damage_class": "no-damage",
        "source": "AI Prediction (Siamese ResNet18)",
        "is_prediction": true
      }
    },
    {
      "type": "Feature",
      "geometry": {
        "type": "Polygon",
        "coordinates": [
          [
            [
              -118.73075,
              34.08163
            ],
            [
              -118.73075,
              34.08162
            ],
            [
              -118.730755,
              34.081615
            ],
            [
              -118.730755,
              34.081605
            ],
            [
              -118.73076,
              34.0816
            ],
            [
              -118.730765,
              34.0816
            ],
            [
              -118.73076999999999,
              34.081605
            ],
            [
              -118.730785,
              34.081605
            ],
            [
              -118.73079,
              34.08161
            ],
            [
              -118.7308,
              34.08161
            ],
            [
              -118.7308,
              34.081605
            ],
            [
              -118.730805,
              34.0816
            ],
            [
              -118.730805,
              34.081585
            ],
            [
              -118.73081,
              34.08158
            ],
            [
              -118.73081,
              34.08157
            ],
            [
              -118.73081499999999,
              34.081565
            ],
            [
              -118.73081499999999,
              34.08155
            ],
            [
              -118.73082,
              34.081545
            ],
            [
              -118.73082,
              34.08153
            ],
            [
              -118.730825,
              34.081525
            ],
            [
              -118.730825,
              34.08152
            ],
            [
              -118.73081499999999,
              34.08152
            ],
            [
              -118.73081,
              34.081515
            ],
            [
              -118.730795,
              34.081515
            ],
            [
              -118.73079,
              34.08151
            ],
            [
              -118.730775,
              34.08151
            ],
            [
              -118.73076999999999,
              34.081505
            ],
            [
              -118.730755,
              34.081505
            ],
            [
              -118.73075,
              34.0815
            ],
            [
              -118.730735,
              34.0815
            ],
            [
              -118.73073,
              34.081495
            ],
            [
              -118.730715,
              34.081495
            ],
            [
              -118.73071,
              34.08149
            ],
            [
              -118.730695,
              34.08149
            ],
            [
              -118.73069,
              34.081485
            ],
            [
              -118.730685,
              34.081485
            ],
            [
              -118.730685,
              34.0815
            ],
            [
              -118.73067999999999,
              34.081505
            ],
            [
              -118.73067999999999,
              34.08151
            ],
            [
              -118.730675,
              34.081515
            ],
            [
              -118.73067,
              34.081515
            ],
            [
              -118.730665,
              34.08151
            ],
            [
              -118.73065,
              34.08151
            ],
            [
              -118.730645,
              34.081505
            ],
            [
              -118.73063,
              34.081505
            ],
            [
              -118.730625,
              34.0815
            ],
            [
              -118.73061,
              34.0815
            ],
            [
              -118.730605,
              34.081495
            ],
            [
              -118.730595,
              34.081495
            ],
            [
              -118.730595,
              34.081515
            ],
            [
              -118.73059,
              34.08152
            ],
            [
              -118.73059,
              34.08156
            ],
            [
              -118.730585,
              34.081565
            ],
            [
              -118.730585,
              34.081585
            ],
            [
              -118.73059,
              34.081585
            ],
            [
              -118.730595,
              34.08159
            ],
            [
              -118.7306,
              34.08159
            ],
            [
              -118.730605,
              34.081595
            ],
            [
              -118.730615,
              34.081595
            ],
            [
              -118.73062,
              34.0816
            ],
            [
              -118.73063499999999,
              34.0816
            ],
            [
              -118.73064,
              34.081605
            ],
            [
              -118.730655,
              34.081605
            ],
            [
              -118.73066,
              34.08161
            ],
            [
              -118.730675,
              34.08161
            ],
            [
              -118.73067999999999,
              34.081615
            ],
            [
              -118.730695,
              34.081615
            ],
            [
              -118.7307,
              34.08162
            ],
            [
              -118.730715,
              34.08162
            ],
            [
              -118.73072,
              34.081625
            ],
            [
              -118.730735,
              34.081625
            ],
            [
              -118.73074,
              34.08163
            ],
            [
              -118.73075,
              34.08163
            ]
          ]
        ]
      },
      "properties": {
        "building_id": 193,
        "scenario_id": 1,
        "damage_class": "minor-damage",
        "confidence": 0.5003,
        "probabilities": {
          "no-damage": 0.4091,
          "minor-damage": 0.5003,
          "major-damage": 0.0739,
          "destroyed": 0.0167
        },
        "gt_damage_class": "no-damage",
        "source": "AI Prediction (Siamese ResNet18)",
        "is_prediction": true
      }
    },
    {
      "type": "Feature",
      "geometry": {
        "type": "Polygon",
        "coordinates": [
          [
            [
              -118.73392,
              34.0817
            ],
            [
              -118.733925,
              34.081695
            ],
            [
              -118.73394,
              34.081695
            ],
            [
              -118.733945,
              34.08169
            ],
            [
              -118.733955,
              34.08169
            ],
            [
              -118.73396,
              34.081685
            ],
            [
              -118.733975,
              34.081685
            ],
            [
              -118.73398,
              34.08168
            ],
            [
              -118.733985,
              34.08168
            ],
            [
              -118.733985,
              34.081675
            ],
            [
              -118.73398,
              34.08167
            ],
            [
              -118.73398,
              34.081655
            ],
            [
              -118.733975,
              34.08165
            ],
            [
              -118.733975,
              34.08164
            ],
            [
              -118.73397,
              34.081635
            ],
            [
              -118.73397,
              34.081625
            ],
            [
              -118.733965,
              34.08162
            ],
            [
              -118.733965,
              34.081605
            ],
            [
              -118.73396,
              34.0816
            ],
            [
              -118.73396,
              34.081595
            ],
            [
              -118.733955,
              34.081595
            ],
            [
              -118.73395,
              34.0816
            ],
            [
              -118.73394,
              34.0816
            ],
            [
              -118.733935,
              34.081605
            ],
            [
              -118.733925,
              34.081605
            ],
            [
              -118.73392,
              34.08161
            ],
            [
              -118.733915,
              34.08161
            ],
            [
              -118.73391,
              34.081615
            ],
            [
              -118.7339,
              34.081615
            ],
            [
              -118.733895,
              34.08162
            ],
            [
              -118.73389,
              34.08162
            ],
            [
              -118.73389,
              34.081625
            ],
            [
              -118.733895,
              34.08163
            ],
            [
              -118.733895,
              34.08164
            ],
            [
              -118.7339,
              34.081645
            ],
            [
              -118.7339,
              34.081655
            ],
            [
              -118.733905,
              34.08166
            ],
            [
              -118.733905,
              34.081675
            ],
            [
              -118.73391,
              34.08168
            ],
            [
              -118.73391,
              34.08169
            ],
            [
              -118.733915,
              34.081695
            ],
            [
              -118.733915,
              34.0817
            ],
            [
              -118.73392,
              34.0817
            ]
          ]
        ]
      },
      "properties": {
        "building_id": 194,
        "scenario_id": 1,
        "damage_class": "minor-damage",
        "confidence": 0.5355,
        "probabilities": {
          "no-damage": 0.1108,
          "minor-damage": 0.5355,
          "major-damage": 0.0791,
          "destroyed": 0.2746
        },
        "gt_damage_class": "no-damage",
        "source": "AI Prediction (Siamese ResNet18)",
        "is_prediction": true
      }
    },
    {
      "type": "Feature",
      "geometry": {
        "type": "Polygon",
        "coordinates": [
          [
            [
              -118.731715,
              34.08173
            ],
            [
              -118.73172,
              34.081725
            ],
            [
              -118.731725,
              34.081725
            ],
            [
              -118.73173,
              34.08172
            ],
            [
              -118.731735,
              34.08172
            ],
            [
              -118.73174,
              34.081715
            ],
            [
              -118.731745,
              34.081715
            ],
            [
              -118.731745,
              34.08165
            ],
            [
              -118.7317,
              34.08165
            ],
            [
              -118.7317,
              34.081665
            ],
            [
              -118.731695,
              34.08167
            ],
            [
              -118.73169,
              34.08167
            ],
            [
              -118.73169,
              34.08168
            ],
            [
              -118.731695,
              34.081685
            ],
            [
              -118.731695,
              34.081705
            ],
            [
              -118.7317,
              34.08171
            ],
            [
              -118.7317,
              34.08172
            ],
            [
              -118.731705,
              34.081725
            ],
            [
              -118.73170999999999,
              34.081725
            ],
            [
              -118.731715,
              34.08173
            ]
          ]
        ]
      },
      "properties": {
        "building_id": 195,
        "scenario_id": 1,
        "damage_class": "minor-damage",
        "confidence": 0.4976,
        "probabilities": {
          "no-damage": 0.2845,
          "minor-damage": 0.4976,
          "major-damage": 0.1925,
          "destroyed": 0.0254
        },
        "gt_damage_class": "no-damage",
        "source": "AI Prediction (Siamese ResNet18)",
        "is_prediction": true
      }
    },
    {
      "type": "Feature",
      "geometry": {
        "type": "Polygon",
        "coordinates": [
          [
            [
              -118.72996,
              34.08174
            ],
            [
              -118.72996,
              34.081725
            ],
            [
              -118.72996499999999,
              34.08172
            ],
            [
              -118.72996499999999,
              34.08171
            ],
            [
              -118.72997,
              34.081705
            ],
            [
              -118.729975,
              34.081705
            ],
            [
              -118.72998,
              34.08171
            ],
            [
              -118.730005,
              34.08171
            ],
            [
              -118.73001,
              34.081715
            ],
            [
              -118.730035,
              34.081715
            ],
            [
              -118.73004,
              34.08172
            ],
            [
              -118.73005,
              34.08172
            ],
            [
              -118.73005,
              34.081715
            ],
            [
              -118.730055,
              34.08171
            ],
            [
              -118.730055,
              34.081695
            ],
            [
              -118.73006,
              34.08169
            ],
            [
              -118.73006,
              34.08168
            ],
            [
              -118.730065,
              34.081675
            ],
            [
              -118.730065,
              34.081665
            ],
            [
              -118.73007,
              34.08166
            ],
            [
              -118.73007,
              34.081645
            ],
            [
              -118.730075,
              34.08164
            ],
            [
              -118.730075,
              34.081635
            ],
            [
              -118.73007,
              34.081635
            ],
            [
              -118.730055,
              34.08162
            ],
            [
              -118.73006,
              34.081615
            ],
            [
              -118.730085,
              34.081615
            ],
            [
              -118.730085,
              34.081605
            ],
            [
              -118.73009,
              34.0816
            ],
            [
              -118.73009,
              34.081575
            ],
            [
              -118.730095,
              34.08157
            ],
            [
              -118.730095,
              34.08155
            ],
            [
              -118.7301,
              34.081545
            ],
            [
              -118.7301,
              34.08152
            ],
            [
              -118.730105,
              34.081515
            ],
            [
              -118.730105,
              34.081495
            ],
            [
              -118.73011,
              34.08149
            ],
            [
              -118.73011,
              34.081465
            ],
            [
              -118.730115,
              34.08146
            ],
            [
              -118.730115,
              34.081450000000004
            ],
            [
              -118.73011,
              34.081445
            ],
            [
              -118.73011,
              34.08144
            ],
            [
              -118.7301,
              34.08143
            ],
            [
              -118.7301,
              34.081425
            ],
            [
              -118.73009,
              34.081415
            ],
            [
              -118.73009,
              34.08141
            ],
            [
              -118.730085,
              34.081405000000004
            ],
            [
              -118.73008,
              34.081405000000004
            ],
            [
              -118.730075,
              34.0814
            ],
            [
              -118.73007,
              34.0814
            ],
            [
              -118.730065,
              34.081395
            ],
            [
              -118.73006,
              34.081395
            ],
            [
              -118.730055,
              34.08139
            ],
            [
              -118.730045,
              34.08139
            ],
            [
              -118.73004,
              34.081385
            ],
            [
              -118.730035,
              34.081385
            ],
            [
              -118.73003,
              34.08138
            ],
            [
              -118.73002,
              34.08138
            ],
            [
              -118.730015,
              34.081375
            ],
            [
              -118.73001,
              34.081375
            ],
            [
              -118.730005,
              34.08137
            ],
            [
              -118.73,
              34.08137
            ],
            [
              -118.729995,
              34.081365
            ],
            [
              -118.729985,
              34.081365
            ],
            [
              -118.72998,
              34.081360000000004
            ],
            [
              -118.729975,
              34.081360000000004
            ],
            [
              -118.72997,
              34.081355
            ],
            [
              -118.72996499999999,
              34.081355
            ],
            [
              -118.72996,
              34.08135
            ],
            [
              -118.72994,
              34.08135
            ],
            [
              -118.729935,
              34.081345
            ],
            [
              -118.729905,
              34.081345
            ],
            [
              -118.7299,
              34.08134
            ],
            [
              -118.729885,
              34.08134
            ],
            [
              -118.729885,
              34.081565
            ],
            [
              -118.729895,
              34.081565
            ],
            [
              -118.7299,
              34.08157
            ],
            [
              -118.72991999999999,
              34.08157
            ],
            [
              -118.729925,
              34.081575
            ],
            [
              -118.729945,
              34.081575
            ],
            [
              -118.72995,
              34.08158
            ],
            [
              -118.72996,
              34.08158
            ],
            [
              -118.72996,
              34.081555
            ],
            [
              -118.72996499999999,
              34.08155
            ],
            [
              -118.72996499999999,
              34.081525
            ],
            [
              -118.72997,
              34.08152
            ],
            [
              -118.73,
              34.08152
            ],
            [
              -118.730005,
              34.081525
            ],
            [
              -118.730005,
              34.081555
            ],
            [
              -118.73,
              34.08156
            ],
            [
              -118.73,
              34.081595
            ],
            [
              -118.730005,
              34.0816
            ],
            [
              -118.73,
              34.081605
            ],
            [
              -118.729995,
              34.081605
            ],
            [
              -118.72999,
              34.0816
            ],
            [
              -118.72997,
              34.0816
            ],
            [
              -118.72996499999999,
              34.081595
            ],
            [
              -118.729955,
              34.081595
            ],
            [
              -118.729955,
              34.081605
            ],
            [
              -118.729945,
              34.081615
            ],
            [
              -118.729885,
              34.081615
            ],
            [
              -118.729885,
              34.081725
            ],
            [
              -118.729895,
              34.081725
            ],
            [
              -118.7299,
              34.08173
            ],
            [
              -118.72991999999999,
              34.08173
            ],
            [
              -118.729925,
              34.081735
            ],
            [
              -118.729945,
              34.081735
            ],
            [
              -118.72995,
              34.08174
            ],
            [
              -118.72996,
              34.08174
            ]
          ]
        ]
      },
      "properties": {
        "building_id": 196,
        "scenario_id": 1,
        "damage_class": "minor-damage",
        "confidence": 0.5913,
        "probabilities": {
          "no-damage": 0.2639,
          "minor-damage": 0.5913,
          "major-damage": 0.1373,
          "destroyed": 0.0075
        },
        "gt_damage_class": "no-damage",
        "source": "AI Prediction (Siamese ResNet18)",
        "is_prediction": true
      }
    },
    {
      "type": "Feature",
      "geometry": {
        "type": "Polygon",
        "coordinates": [
          [
            [
              -118.730465,
              34.081745
            ],
            [
              -118.730465,
              34.08174
            ],
            [
              -118.73047,
              34.081735
            ],
            [
              -118.73047,
              34.08172
            ],
            [
              -118.730475,
              34.081715
            ],
            [
              -118.730475,
              34.081705
            ],
            [
              -118.73048,
              34.0817
            ],
            [
              -118.73048,
              34.081685
            ],
            [
              -118.730485,
              34.08168
            ],
            [
              -118.730485,
              34.081665
            ],
            [
              -118.73049,
              34.08166
            ],
            [
              -118.73049,
              34.08165
            ],
            [
              -118.730495,
              34.081645
            ],
            [
              -118.730495,
              34.08163
            ],
            [
              -118.7305,
              34.081625
            ],
            [
              -118.7305,
              34.08161
            ],
            [
              -118.730505,
              34.081605
            ],
            [
              -118.730505,
              34.081585
            ],
            [
              -118.73051,
              34.08158
            ],
            [
              -118.73051,
              34.08156
            ],
            [
              -118.730515,
              34.081555
            ],
            [
              -118.730515,
              34.081535
            ],
            [
              -118.73052,
              34.08153
            ],
            [
              -118.73052,
              34.08151
            ],
            [
              -118.730525,
              34.081505
            ],
            [
              -118.730525,
              34.08147
            ],
            [
              -118.73053,
              34.081465
            ],
            [
              -118.73053,
              34.081445
            ],
            [
              -118.730535,
              34.08144
            ],
            [
              -118.73054,
              34.08144
            ],
            [
              -118.73054,
              34.081425
            ],
            [
              -118.730545,
              34.08142
            ],
            [
              -118.730545,
              34.081405000000004
            ],
            [
              -118.73054,
              34.081405000000004
            ],
            [
              -118.730535,
              34.0814
            ],
            [
              -118.73052,
              34.0814
            ],
            [
              -118.73051,
              34.08139
            ],
            [
              -118.73051,
              34.08137
            ],
            [
              -118.730515,
              34.081365
            ],
            [
              -118.730515,
              34.08134
            ],
            [
              -118.730495,
              34.08134
            ],
            [
              -118.73049,
              34.081335
            ],
            [
              -118.73045,
              34.081335
            ],
            [
              -118.730445,
              34.08133
            ],
            [
              -118.73041,
              34.08133
            ],
            [
              -118.730405,
              34.081325
            ],
            [
              -118.730385,
              34.081325
            ],
            [
              -118.730385,
              34.081335
            ],
            [
              -118.73038,
              34.08134
            ],
            [
              -118.730365,
              34.08134
            ],
            [
              -118.730365,
              34.08137
            ],
            [
              -118.73036,
              34.081375
            ],
            [
              -118.73036,
              34.08143
            ],
            [
              -118.730355,
              34.081435
            ],
            [
              -118.730355,
              34.08147
            ],
            [
              -118.73035,
              34.081475
            ],
            [
              -118.73035,
              34.08149
            ],
            [
              -118.730345,
              34.081495
            ],
            [
              -118.730345,
              34.08151
            ],
            [
              -118.73034,
              34.081515
            ],
            [
              -118.73034,
              34.08153
            ],
            [
              -118.730335,
              34.081535
            ],
            [
              -118.730335,
              34.08155
            ],
            [
              -118.73033,
              34.081555
            ],
            [
              -118.73033,
              34.08157
            ],
            [
              -118.730325,
              34.081575
            ],
            [
              -118.730325,
              34.081615
            ],
            [
              -118.73032,
              34.08162
            ],
            [
              -118.73032,
              34.08168
            ],
            [
              -118.730315,
              34.081685
            ],
            [
              -118.730315,
              34.081715
            ],
            [
              -118.730325,
              34.081715
            ],
            [
              -118.73033,
              34.08172
            ],
            [
              -118.73035,
              34.08172
            ],
            [
              -118.730355,
              34.081725
            ],
            [
              -118.730375,
              34.081725
            ],
            [
              -118.73038,
              34.08173
            ],
            [
              -118.7304,
              34.08173
            ],
            [
              -118.730405,
              34.081735
            ],
            [
              -118.730425,
              34.081735
            ],
            [
              -118.73043,
              34.08174
            ],
            [
              -118.73045,
              34.08174
            ],
            [
              -118.730455,
              34.081745
            ],
            [
              -118.730465,
              34.081745
            ]
          ]
        ]
      },
      "properties": {
        "building_id": 197,
        "scenario_id": 1,
        "damage_class": "major-damage",
        "confidence": 0.3423,
        "probabilities": {
          "no-damage": 0.3209,
          "minor-damage": 0.2333,
          "major-damage": 0.3423,
          "destroyed": 0.1036
        },
        "gt_damage_class": "no-damage",
        "source": "AI Prediction (Siamese ResNet18)",
        "is_prediction": true
      }
    },
    {
      "type": "Feature",
      "geometry": {
        "type": "Polygon",
        "coordinates": [
          [
            [
              -118.73087,
              34.081785
            ],
            [
              -118.73087,
              34.081765
            ],
            [
              -118.730875,
              34.08176
            ],
            [
              -118.730875,
              34.08172
            ],
            [
              -118.73088,
              34.081715
            ],
            [
              -118.73088,
              34.081695
            ],
            [
              -118.73085999999999,
              34.081695
            ],
            [
              -118.730855,
              34.08169
            ],
            [
              -118.73081,
              34.08169
            ],
            [
              -118.730805,
              34.081685
            ],
            [
              -118.730785,
              34.081685
            ],
            [
              -118.730785,
              34.081705
            ],
            [
              -118.73078,
              34.08171
            ],
            [
              -118.73078,
              34.08175
            ],
            [
              -118.730775,
              34.081755
            ],
            [
              -118.730775,
              34.081775
            ],
            [
              -118.730795,
              34.081775
            ],
            [
              -118.7308,
              34.08178
            ],
            [
              -118.730845,
              34.08178
            ],
            [
              -118.73085,
              34.081785
            ],
            [
              -118.73087,
              34.081785
            ]
          ]
        ]
      },
      "properties": {
        "building_id": 198,
        "scenario_id": 1,
        "damage_class": "no-damage",
        "confidence": 0.6948,
        "probabilities": {
          "no-damage": 0.6948,
          "minor-damage": 0.1269,
          "major-damage": 0.0859,
          "destroyed": 0.0925
        },
        "gt_damage_class": "no-damage",
        "source": "AI Prediction (Siamese ResNet18)",
        "is_prediction": true
      }
    },
    {
      "type": "Feature",
      "geometry": {
        "type": "Polygon",
        "coordinates": [
          [
            [
              -118.731595,
              34.08181
            ],
            [
              -118.731595,
              34.081805
            ],
            [
              -118.7316,
              34.0818
            ],
            [
              -118.7316,
              34.081795
            ],
            [
              -118.731605,
              34.08179
            ],
            [
              -118.731605,
              34.08178
            ],
            [
              -118.73161,
              34.081775
            ],
            [
              -118.73161,
              34.08177
            ],
            [
              -118.731615,
              34.081765
            ],
            [
              -118.731615,
              34.081755
            ],
            [
              -118.73161999999999,
              34.08175
            ],
            [
              -118.73161999999999,
              34.081745
            ],
            [
              -118.731625,
              34.08174
            ],
            [
              -118.731625,
              34.081735
            ],
            [
              -118.73161999999999,
              34.08173
            ],
            [
              -118.731615,
              34.08173
            ],
            [
              -118.73161,
              34.081725
            ],
            [
              -118.731605,
              34.081725
            ],
            [
              -118.731595,
              34.081715
            ],
            [
              -118.73159,
              34.081715
            ],
            [
              -118.731585,
              34.08171
            ],
            [
              -118.731585,
              34.081705
            ],
            [
              -118.73159,
              34.0817
            ],
            [
              -118.73159,
              34.081695
            ],
            [
              -118.731585,
              34.081695
            ],
            [
              -118.73158,
              34.08169
            ],
            [
              -118.731575,
              34.08169
            ],
            [
              -118.73157,
              34.081685
            ],
            [
              -118.731565,
              34.081685
            ],
            [
              -118.73156,
              34.08168
            ],
            [
              -118.73155,
              34.08168
            ],
            [
              -118.731545,
              34.081675
            ],
            [
              -118.73154,
              34.081675
            ],
            [
              -118.731535,
              34.08167
            ],
            [
              -118.73153,
              34.08167
            ],
            [
              -118.731525,
              34.081665
            ],
            [
              -118.731515,
              34.081665
            ],
            [
              -118.73151,
              34.08166
            ],
            [
              -118.731505,
              34.08166
            ],
            [
              -118.7315,
              34.081655
            ],
            [
              -118.73149,
              34.081655
            ],
            [
              -118.731485,
              34.08165
            ],
            [
              -118.73148,
              34.08165
            ],
            [
              -118.731475,
              34.081645
            ],
            [
              -118.73147,
              34.081645
            ],
            [
              -118.731465,
              34.08164
            ],
            [
              -118.731455,
              34.08164
            ],
            [
              -118.73145,
              34.081635
            ],
            [
              -118.731445,
              34.081635
            ],
            [
              -118.73144,
              34.08163
            ],
            [
              -118.731435,
              34.08163
            ],
            [
              -118.73143,
              34.081625
            ],
            [
              -118.731425,
              34.081625
            ],
            [
              -118.731425,
              34.08163
            ],
            [
              -118.73142,
              34.081635
            ],
            [
              -118.73142,
              34.081645
            ],
            [
              -118.731415,
              34.08165
            ],
            [
              -118.731415,
              34.08166
            ],
            [
              -118.73141,
              34.081665
            ],
            [
              -118.73141,
              34.081675
            ],
            [
              -118.731405,
              34.08168
            ],
            [
              -118.731405,
              34.08169
            ],
            [
              -118.7314,
              34.081695
            ],
            [
              -118.7314,
              34.081705
            ],
            [
              -118.731395,
              34.08171
            ],
            [
              -118.731395,
              34.08172
            ],
            [
              -118.73139,
              34.081725
            ],
            [
              -118.73139,
              34.081735
            ],
            [
              -118.731385,
              34.08174
            ],
            [
              -118.731385,
              34.08175
            ],
            [
              -118.73138,
              34.081755
            ],
            [
              -118.73138,
              34.08176
            ],
            [
              -118.731385,
              34.08176
            ],
            [
              -118.73139,
              34.081765
            ],
            [
              -118.7314,
              34.081765
            ],
            [
              -118.731405,
              34.08177
            ],
            [
              -118.731415,
              34.08177
            ],
            [
              -118.73142,
              34.081775
            ],
            [
              -118.731425,
              34.081775
            ],
            [
              -118.73143,
              34.08178
            ],
            [
              -118.73144,
              34.08178
            ],
            [
              -118.731445,
              34.081785
            ],
            [
              -118.731455,
              34.081785
            ],
            [
              -118.73146,
              34.08179
            ],
            [
              -118.731465,
              34.08179
            ],
            [
              -118.731475,
              34.08178
            ],
            [
              -118.731475,
              34.081775
            ],
            [
              -118.731485,
              34.081765
            ],
            [
              -118.73149,
              34.081765
            ],
            [
              -118.731495,
              34.08177
            ],
            [
              -118.7315,
              34.08177
            ],
            [
              -118.731505,
              34.081775
            ],
            [
              -118.731515,
              34.081775
            ],
            [
              -118.73152,
              34.08178
            ],
            [
              -118.731525,
              34.08178
            ],
            [
              -118.73153,
              34.081785
            ],
            [
              -118.731535,
              34.081785
            ],
            [
              -118.73154,
              34.08179
            ],
            [
              -118.73155,
              34.08179
            ],
            [
              -118.731555,
              34.081795
            ],
            [
              -118.73156,
              34.081795
            ],
            [
              -118.731565,
              34.0818
            ],
            [
              -118.731575,
              34.0818
            ],
            [
              -118.73158,
              34.081805
            ],
            [
              -118.731585,
              34.081805
            ],
            [
              -118.73159,
              34.08181
            ],
            [
              -118.731595,
              34.08181
            ]
          ]
        ]
      },
      "properties": {
        "building_id": 199,
        "scenario_id": 1,
        "damage_class": "no-damage",
        "confidence": 0.7584,
        "probabilities": {
          "no-damage": 0.7584,
          "minor-damage": 0.2251,
          "major-damage": 0.0104,
          "destroyed": 0.0061
        },
        "gt_damage_class": "no-damage",
        "source": "AI Prediction (Siamese ResNet18)",
        "is_prediction": true
      }
    },
    {
      "type": "Feature",
      "geometry": {
        "type": "Polygon",
        "coordinates": [
          [
            [
              -118.73128,
              34.081830000000004
            ],
            [
              -118.731285,
              34.081825
            ],
            [
              -118.73129,
              34.081825
            ],
            [
              -118.731295,
              34.08182
            ],
            [
              -118.7313,
              34.08182
            ],
            [
              -118.7313,
              34.08181
            ],
            [
              -118.731305,
              34.081805
            ],
            [
              -118.731305,
              34.081785
            ],
            [
              -118.73131,
              34.08178
            ],
            [
              -118.73131,
              34.08176
            ],
            [
              -118.731315,
              34.081755
            ],
            [
              -118.731315,
              34.081735
            ],
            [
              -118.73132,
              34.08173
            ],
            [
              -118.73132,
              34.08171
            ],
            [
              -118.731325,
              34.081705
            ],
            [
              -118.731325,
              34.0817
            ],
            [
              -118.73133,
              34.081695
            ],
            [
              -118.73134,
              34.081695
            ],
            [
              -118.73134,
              34.081685
            ],
            [
              -118.731345,
              34.08168
            ],
            [
              -118.731345,
              34.08166
            ],
            [
              -118.73135,
              34.081655
            ],
            [
              -118.73135,
              34.08164
            ],
            [
              -118.731355,
              34.081635
            ],
            [
              -118.731355,
              34.081615
            ],
            [
              -118.73136,
              34.08161
            ],
            [
              -118.73136,
              34.08159
            ],
            [
              -118.731365,
              34.081585
            ],
            [
              -118.731365,
              34.081575
            ],
            [
              -118.731355,
              34.081575
            ],
            [
              -118.73135,
              34.08157
            ],
            [
              -118.731325,
              34.08157
            ],
            [
              -118.73132,
              34.081565
            ],
            [
              -118.7313,
              34.081565
            ],
            [
              -118.731295,
              34.08156
            ],
            [
              -118.73127,
              34.08156
            ],
            [
              -118.731265,
              34.081555
            ],
            [
              -118.731255,
              34.081555
            ],
            [
              -118.731255,
              34.081565
            ],
            [
              -118.73125,
              34.08157
            ],
            [
              -118.73125,
              34.081585
            ],
            [
              -118.731245,
              34.08159
            ],
            [
              -118.731245,
              34.081605
            ],
            [
              -118.73124,
              34.08161
            ],
            [
              -118.73124,
              34.081625
            ],
            [
              -118.731235,
              34.08163
            ],
            [
              -118.731235,
              34.081635
            ],
            [
              -118.73123,
              34.08164
            ],
            [
              -118.73121,
              34.08164
            ],
            [
              -118.731205,
              34.081635
            ],
            [
              -118.731185,
              34.081635
            ],
            [
              -118.731185,
              34.081645
            ],
            [
              -118.73118,
              34.08165
            ],
            [
              -118.73118,
              34.081675
            ],
            [
              -118.731175,
              34.08168
            ],
            [
              -118.731175,
              34.081705
            ],
            [
              -118.73117,
              34.08171
            ],
            [
              -118.73117,
              34.08173
            ],
            [
              -118.731165,
              34.081735
            ],
            [
              -118.731165,
              34.08176
            ],
            [
              -118.73116,
              34.081765
            ],
            [
              -118.73116,
              34.08179
            ],
            [
              -118.731155,
              34.081795
            ],
            [
              -118.731155,
              34.081805
            ],
            [
              -118.731165,
              34.081805
            ],
            [
              -118.73117,
              34.08181
            ],
            [
              -118.73119,
              34.08181
            ],
            [
              -118.731195,
              34.081815
            ],
            [
              -118.73121,
              34.081815
            ],
            [
              -118.731215,
              34.08182
            ],
            [
              -118.731235,
              34.08182
            ],
            [
              -118.73124,
              34.081825
            ],
            [
              -118.73126,
              34.081825
            ],
            [
              -118.731265,
              34.081830000000004
            ],
            [
              -118.73128,
              34.081830000000004
            ]
          ]
        ]
      },
      "properties": {
        "building_id": 200,
        "scenario_id": 1,
        "damage_class": "minor-damage",
        "confidence": 0.7372,
        "probabilities": {
          "no-damage": 0.2341,
          "minor-damage": 0.7372,
          "major-damage": 0.0176,
          "destroyed": 0.0111
        },
        "gt_damage_class": "no-damage",
        "source": "AI Prediction (Siamese ResNet18)",
        "is_prediction": true
      }
    },
    {
      "type": "Feature",
      "geometry": {
        "type": "Polygon",
        "coordinates": [
          [
            [
              -118.73024,
              34.081855
            ],
            [
              -118.730245,
              34.08185
            ],
            [
              -118.730245,
              34.08184
            ],
            [
              -118.73025,
              34.081835
            ],
            [
              -118.73025,
              34.08181
            ],
            [
              -118.730255,
              34.081805
            ],
            [
              -118.730255,
              34.08178
            ],
            [
              -118.73026,
              34.081775
            ],
            [
              -118.73026,
              34.08175
            ],
            [
              -118.730265,
              34.081745
            ],
            [
              -118.730265,
              34.08172
            ],
            [
              -118.73027,
              34.081715
            ],
            [
              -118.73027,
              34.08169
            ],
            [
              -118.730275,
              34.081685
            ],
            [
              -118.730275,
              34.08166
            ],
            [
              -118.73028,
              34.081655
            ],
            [
              -118.73028,
              34.081605
            ],
            [
              -118.73027,
              34.081605
            ],
            [
              -118.730265,
              34.0816
            ],
            [
              -118.73024,
              34.0816
            ],
            [
              -118.730235,
              34.081595
            ],
            [
              -118.73021,
              34.081595
            ],
            [
              -118.730205,
              34.08159
            ],
            [
              -118.730185,
              34.08159
            ],
            [
              -118.73018,
              34.081585
            ],
            [
              -118.730155,
              34.081585
            ],
            [
              -118.73015,
              34.08158
            ],
            [
              -118.73014,
              34.08158
            ],
            [
              -118.73014,
              34.0816
            ],
            [
              -118.730135,
              34.081605
            ],
            [
              -118.730135,
              34.08164
            ],
            [
              -118.73013,
              34.081645
            ],
            [
              -118.73013,
              34.081665
            ],
            [
              -118.730125,
              34.08167
            ],
            [
              -118.73012,
              34.08167
            ],
            [
              -118.73011,
              34.08168
            ],
            [
              -118.73011,
              34.081685
            ],
            [
              -118.730105,
              34.08169
            ],
            [
              -118.730105,
              34.081705
            ],
            [
              -118.7301,
              34.08171
            ],
            [
              -118.7301,
              34.08172
            ],
            [
              -118.730085,
              34.081735
            ],
            [
              -118.730075,
              34.081735
            ],
            [
              -118.73007,
              34.08174
            ],
            [
              -118.730065,
              34.08174
            ],
            [
              -118.730065,
              34.081755
            ],
            [
              -118.73006,
              34.08176
            ],
            [
              -118.73006,
              34.08179
            ],
            [
              -118.730055,
              34.081795
            ],
            [
              -118.730055,
              34.08181
            ],
            [
              -118.73007,
              34.08181
            ],
            [
              -118.730075,
              34.081815
            ],
            [
              -118.730105,
              34.081815
            ],
            [
              -118.73011,
              34.08182
            ],
            [
              -118.73014,
              34.08182
            ],
            [
              -118.730145,
              34.081825
            ],
            [
              -118.730155,
              34.081825
            ],
            [
              -118.73016,
              34.081830000000004
            ],
            [
              -118.73016,
              34.081845
            ],
            [
              -118.730175,
              34.081845
            ],
            [
              -118.73018,
              34.08185
            ],
            [
              -118.730215,
              34.08185
            ],
            [
              -118.73022,
              34.081855
            ],
            [
              -118.73024,
              34.081855
            ]
          ]
        ]
      },
      "properties": {
        "building_id": 201,
        "scenario_id": 1,
        "damage_class": "no-damage",
        "confidence": 0.9107,
        "probabilities": {
          "no-damage": 0.9107,
          "minor-damage": 0.0798,
          "major-damage": 0.0052,
          "destroyed": 0.0043
        },
        "gt_damage_class": "no-damage",
        "source": "AI Prediction (Siamese ResNet18)",
        "is_prediction": true
      }
    },
    {
      "type": "Feature",
      "geometry": {
        "type": "Polygon",
        "coordinates": [
          [
            [
              -118.730435,
              34.081875000000004
            ],
            [
              -118.730435,
              34.08186
            ],
            [
              -118.73044,
              34.081855
            ],
            [
              -118.73044,
              34.081830000000004
            ],
            [
              -118.730445,
              34.081825
            ],
            [
              -118.730445,
              34.081795
            ],
            [
              -118.73045,
              34.08179
            ],
            [
              -118.73045,
              34.081775
            ],
            [
              -118.730435,
              34.081775
            ],
            [
              -118.73043,
              34.08177
            ],
            [
              -118.730405,
              34.08177
            ],
            [
              -118.7304,
              34.081765
            ],
            [
              -118.73037,
              34.081765
            ],
            [
              -118.730365,
              34.08176
            ],
            [
              -118.730335,
              34.08176
            ],
            [
              -118.73033,
              34.081755
            ],
            [
              -118.730305,
              34.081755
            ],
            [
              -118.7303,
              34.08175
            ],
            [
              -118.730285,
              34.08175
            ],
            [
              -118.730285,
              34.08177
            ],
            [
              -118.73028,
              34.081775
            ],
            [
              -118.73028,
              34.08182
            ],
            [
              -118.730275,
              34.081825
            ],
            [
              -118.730275,
              34.081845
            ],
            [
              -118.73029,
              34.081845
            ],
            [
              -118.730295,
              34.08185
            ],
            [
              -118.73032,
              34.08185
            ],
            [
              -118.730325,
              34.081855
            ],
            [
              -118.73035,
              34.081855
            ],
            [
              -118.730355,
              34.08186
            ],
            [
              -118.73038,
              34.08186
            ],
            [
              -118.730385,
              34.081865
            ],
            [
              -118.73041,
              34.081865
            ],
            [
              -118.730415,
              34.08187
            ],
            [
              -118.73043,
              34.08187
            ],
            [
              -118.730435,
              34.081875000000004
            ]
          ]
        ]
      },
      "properties": {
        "building_id": 202,
        "scenario_id": 1,
        "damage_class": "major-damage",
        "confidence": 0.6381,
        "probabilities": {
          "no-damage": 0.0838,
          "minor-damage": 0.258,
          "major-damage": 0.6381,
          "destroyed": 0.0201
        },
        "gt_damage_class": "no-damage",
        "source": "AI Prediction (Siamese ResNet18)",
        "is_prediction": true
      }
    },
    {
      "type": "Feature",
      "geometry": {
        "type": "Polygon",
        "coordinates": [
          [
            [
              -118.7317,
              34.08188
            ],
            [
              -118.731705,
              34.081875000000004
            ],
            [
              -118.731715,
              34.081875000000004
            ],
            [
              -118.73172,
              34.08187
            ],
            [
              -118.731725,
              34.08187
            ],
            [
              -118.731725,
              34.08186
            ],
            [
              -118.73173,
              34.081855
            ],
            [
              -118.73173,
              34.081830000000004
            ],
            [
              -118.731735,
              34.081825
            ],
            [
              -118.731735,
              34.0818
            ],
            [
              -118.73174,
              34.081795
            ],
            [
              -118.73174,
              34.08178
            ],
            [
              -118.731715,
              34.081755
            ],
            [
              -118.731715,
              34.08175
            ],
            [
              -118.73169,
              34.081725
            ],
            [
              -118.73166499999999,
              34.08175
            ],
            [
              -118.73166,
              34.08175
            ],
            [
              -118.731625,
              34.081785
            ],
            [
              -118.731625,
              34.08179
            ],
            [
              -118.731615,
              34.0818
            ],
            [
              -118.731695,
              34.08188
            ],
            [
              -118.7317,
              34.08188
            ]
          ]
        ]
      },
      "properties": {
        "building_id": 203,
        "scenario_id": 1,
        "damage_class": "no-damage",
        "confidence": 0.631,
        "probabilities": {
          "no-damage": 0.631,
          "minor-damage": 0.329,
          "major-damage": 0.0271,
          "destroyed": 0.0129
        },
        "gt_damage_class": "no-damage",
        "source": "AI Prediction (Siamese ResNet18)",
        "is_prediction": true
      }
    },
    {
      "type": "Feature",
      "geometry": {
        "type": "Polygon",
        "coordinates": [
          [
            [
              -118.730385,
              34.081955
            ],
            [
              -118.730385,
              34.08193
            ],
            [
              -118.73039,
              34.081925
            ],
            [
              -118.730405,
              34.081925
            ],
            [
              -118.73041,
              34.08193
            ],
            [
              -118.73043,
              34.08193
            ],
            [
              -118.73043,
              34.081885
            ],
            [
              -118.730415,
              34.081885
            ],
            [
              -118.73041,
              34.08188
            ],
            [
              -118.730375,
              34.08188
            ],
            [
              -118.73037,
              34.081875000000004
            ],
            [
              -118.73034,
              34.081875000000004
            ],
            [
              -118.730335,
              34.08187
            ],
            [
              -118.7303,
              34.08187
            ],
            [
              -118.730295,
              34.081865
            ],
            [
              -118.73028,
              34.081865
            ],
            [
              -118.73028,
              34.081905
            ],
            [
              -118.730275,
              34.08191
            ],
            [
              -118.730275,
              34.081945
            ],
            [
              -118.7303,
              34.081945
            ],
            [
              -118.730305,
              34.08195
            ],
            [
              -118.730355,
              34.08195
            ],
            [
              -118.73036,
              34.081955
            ],
            [
              -118.730385,
              34.081955
            ]
          ]
        ]
      },
      "properties": {
        "building_id": 204,
        "scenario_id": 1,
        "damage_class": "no-damage",
        "confidence": 0.4642,
        "probabilities": {
          "no-damage": 0.4642,
          "minor-damage": 0.3046,
          "major-damage": 0.1696,
          "destroyed": 0.0616
        },
        "gt_damage_class": "no-damage",
        "source": "AI Prediction (Siamese ResNet18)",
        "is_prediction": true
      }
    },
    {
      "type": "Feature",
      "geometry": {
        "type": "Polygon",
        "coordinates": [
          [
            [
              -118.731555,
              34.081995
            ],
            [
              -118.731555,
              34.08199
            ],
            [
              -118.73156,
              34.081985
            ],
            [
              -118.73156,
              34.08198
            ],
            [
              -118.731565,
              34.081975
            ],
            [
              -118.731565,
              34.08197
            ],
            [
              -118.73157,
              34.081965
            ],
            [
              -118.73157,
              34.08196
            ],
            [
              -118.731575,
              34.081955
            ],
            [
              -118.731575,
              34.08195
            ],
            [
              -118.73157,
              34.08195
            ],
            [
              -118.731565,
              34.081945
            ],
            [
              -118.73156,
              34.081945
            ],
            [
              -118.731555,
              34.08194
            ],
            [
              -118.73155,
              34.08194
            ],
            [
              -118.731545,
              34.081935
            ],
            [
              -118.731535,
              34.081945
            ],
            [
              -118.73153,
              34.081945
            ],
            [
              -118.731525,
              34.08194
            ],
            [
              -118.73152,
              34.08194
            ],
            [
              -118.731515,
              34.081935
            ],
            [
              -118.73151,
              34.081935
            ],
            [
              -118.73151,
              34.08194
            ],
            [
              -118.731505,
              34.081945
            ],
            [
              -118.731505,
              34.08195
            ],
            [
              -118.7315,
              34.081955
            ],
            [
              -118.7315,
              34.08196
            ],
            [
              -118.731495,
              34.081965
            ],
            [
              -118.731495,
              34.08197
            ],
            [
              -118.7315,
              34.08197
            ],
            [
              -118.731505,
              34.081975
            ],
            [
              -118.73151,
              34.081975
            ],
            [
              -118.731515,
              34.08198
            ],
            [
              -118.73152,
              34.08198
            ],
            [
              -118.731525,
              34.081985
            ],
            [
              -118.731535,
              34.081985
            ],
            [
              -118.73154,
              34.08199
            ],
            [
              -118.731545,
              34.08199
            ],
            [
              -118.73155,
              34.081995
            ],
            [
              -118.731555,
              34.081995
            ]
          ]
        ]
      },
      "properties": {
        "building_id": 205,
        "scenario_id": 1,
        "damage_class": "no-damage",
        "confidence": 0.9707,
        "probabilities": {
          "no-damage": 0.9707,
          "minor-damage": 0.0076,
          "major-damage": 0.0075,
          "destroyed": 0.0142
        },
        "gt_damage_class": "no-damage",
        "source": "AI Prediction (Siamese ResNet18)",
        "is_prediction": true
      }
    },
    {
      "type": "Feature",
      "geometry": {
        "type": "Polygon",
        "coordinates": [
          [
            [
              -118.73195,
              34.082
            ],
            [
              -118.731955,
              34.081995
            ],
            [
              -118.731955,
              34.08199
            ],
            [
              -118.73196,
              34.081985
            ],
            [
              -118.73196,
              34.08198
            ],
            [
              -118.73197,
              34.08197
            ],
            [
              -118.73198,
              34.08197
            ],
            [
              -118.731985,
              34.081975
            ],
            [
              -118.73201,
              34.081975
            ],
            [
              -118.732015,
              34.08198
            ],
            [
              -118.73204,
              34.08198
            ],
            [
              -118.732045,
              34.081985
            ],
            [
              -118.73207,
              34.081985
            ],
            [
              -118.732075,
              34.08199
            ],
            [
              -118.7321,
              34.08199
            ],
            [
              -118.732105,
              34.081995
            ],
            [
              -118.73212,
              34.081995
            ],
            [
              -118.73212,
              34.081985
            ],
            [
              -118.732125,
              34.08198
            ],
            [
              -118.732125,
              34.08196
            ],
            [
              -118.73213,
              34.081955
            ],
            [
              -118.73213,
              34.08194
            ],
            [
              -118.732135,
              34.081935
            ],
            [
              -118.732135,
              34.081915
            ],
            [
              -118.73214,
              34.08191
            ],
            [
              -118.73214,
              34.0819
            ],
            [
              -118.732135,
              34.0819
            ],
            [
              -118.73213,
              34.081895
            ],
            [
              -118.732125,
              34.081895
            ],
            [
              -118.73212,
              34.08189
            ],
            [
              -118.732115,
              34.08189
            ],
            [
              -118.73211,
              34.081885
            ],
            [
              -118.73211,
              34.08188
            ],
            [
              -118.732105,
              34.081875000000004
            ],
            [
              -118.732105,
              34.08187
            ],
            [
              -118.7321,
              34.081865
            ],
            [
              -118.7321,
              34.08186
            ],
            [
              -118.732095,
              34.081855
            ],
            [
              -118.732095,
              34.08185
            ],
            [
              -118.73209,
              34.081845
            ],
            [
              -118.73208,
              34.081845
            ],
            [
              -118.732075,
              34.08184
            ],
            [
              -118.732055,
              34.08184
            ],
            [
              -118.73205,
              34.081835
            ],
            [
              -118.73203,
              34.081835
            ],
            [
              -118.732025,
              34.081830000000004
            ],
            [
              -118.73201,
              34.081830000000004
            ],
            [
              -118.732005,
              34.081825
            ],
            [
              -118.732,
              34.081825
            ],
            [
              -118.731995,
              34.08182
            ],
            [
              -118.731995,
              34.081815
            ],
            [
              -118.73199,
              34.08181
            ],
            [
              -118.73199,
              34.081805
            ],
            [
              -118.731985,
              34.0818
            ],
            [
              -118.73197,
              34.0818
            ],
            [
              -118.731965,
              34.081795
            ],
            [
              -118.731935,
              34.081795
            ],
            [
              -118.73193,
              34.08179
            ],
            [
              -118.7319,
              34.08179
            ],
            [
              -118.731895,
              34.081785
            ],
            [
              -118.731865,
              34.081785
            ],
            [
              -118.73186,
              34.08178
            ],
            [
              -118.73183,
              34.08178
            ],
            [
              -118.731825,
              34.081775
            ],
            [
              -118.731795,
              34.081775
            ],
            [
              -118.73179,
              34.08177
            ],
            [
              -118.731775,
              34.08177
            ],
            [
              -118.731775,
              34.08178
            ],
            [
              -118.73177,
              34.081785
            ],
            [
              -118.73177,
              34.081805
            ],
            [
              -118.731765,
              34.08181
            ],
            [
              -118.731765,
              34.081835
            ],
            [
              -118.73176,
              34.08184
            ],
            [
              -118.73176,
              34.08186
            ],
            [
              -118.73175499999999,
              34.081865
            ],
            [
              -118.73175499999999,
              34.081885
            ],
            [
              -118.73175,
              34.08189
            ],
            [
              -118.73175,
              34.081915
            ],
            [
              -118.731745,
              34.081920000000004
            ],
            [
              -118.731745,
              34.08194
            ],
            [
              -118.73174,
              34.081945
            ],
            [
              -118.73174,
              34.081955
            ],
            [
              -118.73175,
              34.081955
            ],
            [
              -118.73175499999999,
              34.08196
            ],
            [
              -118.73177,
              34.08196
            ],
            [
              -118.731775,
              34.081965
            ],
            [
              -118.731795,
              34.081965
            ],
            [
              -118.73179999999999,
              34.08197
            ],
            [
              -118.73182,
              34.08197
            ],
            [
              -118.731825,
              34.081975
            ],
            [
              -118.73184,
              34.081975
            ],
            [
              -118.73184499999999,
              34.08198
            ],
            [
              -118.731865,
              34.08198
            ],
            [
              -118.73187,
              34.081985
            ],
            [
              -118.73188999999999,
              34.081985
            ],
            [
              -118.731895,
              34.08199
            ],
            [
              -118.73191,
              34.08199
            ],
            [
              -118.731915,
              34.081995
            ],
            [
              -118.731935,
              34.081995
            ],
            [
              -118.73194,
              34.082
            ],
            [
              -118.73195,
              34.082
            ]
          ]
        ]
      },
      "properties": {
        "building_id": 206,
        "scenario_id": 1,
        "damage_class": "no-damage",
        "confidence": 0.8826,
        "probabilities": {
          "no-damage": 0.8826,
          "minor-damage": 0.0829,
          "major-damage": 0.0214,
          "destroyed": 0.013
        },
        "gt_damage_class": "no-damage",
        "source": "AI Prediction (Siamese ResNet18)",
        "is_prediction": true
      }
    },
    {
      "type": "Feature",
      "geometry": {
        "type": "Polygon",
        "coordinates": [
          [
            [
              -118.731055,
              34.08201
            ],
            [
              -118.731055,
              34.082
            ],
            [
              -118.73106,
              34.081995
            ],
            [
              -118.73106,
              34.08198
            ],
            [
              -118.731065,
              34.081975
            ],
            [
              -118.731065,
              34.081955
            ],
            [
              -118.73107,
              34.08195
            ],
            [
              -118.73107,
              34.081935
            ],
            [
              -118.731075,
              34.08193
            ],
            [
              -118.731075,
              34.081915
            ],
            [
              -118.73108,
              34.08191
            ],
            [
              -118.73108,
              34.08189
            ],
            [
              -118.731085,
              34.081885
            ],
            [
              -118.731085,
              34.08187
            ],
            [
              -118.73109,
              34.081865
            ],
            [
              -118.73109,
              34.081845
            ],
            [
              -118.731095,
              34.08184
            ],
            [
              -118.731095,
              34.081825
            ],
            [
              -118.7311,
              34.08182
            ],
            [
              -118.7311,
              34.08181
            ],
            [
              -118.731095,
              34.08181
            ],
            [
              -118.73109,
              34.081805
            ],
            [
              -118.731075,
              34.081805
            ],
            [
              -118.73107,
              34.0818
            ],
            [
              -118.731055,
              34.0818
            ],
            [
              -118.73105,
              34.081795
            ],
            [
              -118.731035,
              34.081795
            ],
            [
              -118.73103,
              34.08179
            ],
            [
              -118.731015,
              34.08179
            ],
            [
              -118.73101,
              34.081785
            ],
            [
              -118.730995,
              34.081785
            ],
            [
              -118.73099,
              34.08178
            ],
            [
              -118.730975,
              34.08178
            ],
            [
              -118.73097,
              34.081775
            ],
            [
              -118.730965,
              34.081775
            ],
            [
              -118.730965,
              34.081785
            ],
            [
              -118.73096,
              34.08179
            ],
            [
              -118.73096,
              34.081815
            ],
            [
              -118.730955,
              34.08182
            ],
            [
              -118.730955,
              34.08184
            ],
            [
              -118.73094999999999,
              34.081845
            ],
            [
              -118.73094999999999,
              34.08187
            ],
            [
              -118.730945,
              34.081875000000004
            ],
            [
              -118.730945,
              34.081895
            ],
            [
              -118.73094,
              34.0819
            ],
            [
              -118.73094,
              34.081925
            ],
            [
              -118.730935,
              34.08193
            ],
            [
              -118.730935,
              34.08194
            ],
            [
              -118.73094999999999,
              34.08194
            ],
            [
              -118.730955,
              34.081945
            ],
            [
              -118.73099,
              34.081945
            ],
            [
              -118.730995,
              34.08195
            ],
            [
              -118.731005,
              34.08195
            ],
            [
              -118.73101,
              34.081955
            ],
            [
              -118.73101,
              34.08196
            ],
            [
              -118.731005,
              34.081965
            ],
            [
              -118.731005,
              34.081985
            ],
            [
              -118.731,
              34.08199
            ],
            [
              -118.731,
              34.082
            ],
            [
              -118.73101,
              34.082
            ],
            [
              -118.731015,
              34.082005
            ],
            [
              -118.73104,
              34.082005
            ],
            [
              -118.731045,
              34.08201
            ],
            [
              -118.731055,
              34.08201
            ]
          ]
        ]
      },
      "properties": {
        "building_id": 207,
        "scenario_id": 1,
        "damage_class": "no-damage",
        "confidence": 0.6814,
        "probabilities": {
          "no-damage": 0.6814,
          "minor-damage": 0.2256,
          "major-damage": 0.051,
          "destroyed": 0.042
        },
        "gt_damage_class": "no-damage",
        "source": "AI Prediction (Siamese ResNet18)",
        "is_prediction": true
      }
    },
    {
      "type": "Feature",
      "geometry": {
        "type": "Polygon",
        "coordinates": [
          [
            [
              -118.73457499999999,
              34.082045
            ],
            [
              -118.73457499999999,
              34.082035
            ],
            [
              -118.73458,
              34.08203
            ],
            [
              -118.73458,
              34.082015
            ],
            [
              -118.734585,
              34.08201
            ],
            [
              -118.734585,
              34.08199
            ],
            [
              -118.73459,
              34.081985
            ],
            [
              -118.73459,
              34.08198
            ],
            [
              -118.734595,
              34.081975
            ],
            [
              -118.7346,
              34.081975
            ],
            [
              -118.734605,
              34.08198
            ],
            [
              -118.73463,
              34.08198
            ],
            [
              -118.734635,
              34.081985
            ],
            [
              -118.73465,
              34.081985
            ],
            [
              -118.734655,
              34.08198
            ],
            [
              -118.734655,
              34.08197
            ],
            [
              -118.73466,
              34.081965
            ],
            [
              -118.73466,
              34.081945
            ],
            [
              -118.73466499999999,
              34.08194
            ],
            [
              -118.73466499999999,
              34.081925
            ],
            [
              -118.73467,
              34.081920000000004
            ],
            [
              -118.73467,
              34.0819
            ],
            [
              -118.734675,
              34.081895
            ],
            [
              -118.734675,
              34.081875000000004
            ],
            [
              -118.73468,
              34.08187
            ],
            [
              -118.73468,
              34.08185
            ],
            [
              -118.734685,
              34.081845
            ],
            [
              -118.734685,
              34.081830000000004
            ],
            [
              -118.73469,
              34.081825
            ],
            [
              -118.73469,
              34.081805
            ],
            [
              -118.734695,
              34.0818
            ],
            [
              -118.734695,
              34.08179
            ],
            [
              -118.734685,
              34.08179
            ],
            [
              -118.73468,
              34.081785
            ],
            [
              -118.73466499999999,
              34.081785
            ],
            [
              -118.73466,
              34.08178
            ],
            [
              -118.73464,
              34.08178
            ],
            [
              -118.734635,
              34.081775
            ],
            [
              -118.73461999999999,
              34.081775
            ],
            [
              -118.734615,
              34.08177
            ],
            [
              -118.7346,
              34.08177
            ],
            [
              -118.734595,
              34.081765
            ],
            [
              -118.73457499999999,
              34.081765
            ],
            [
              -118.73457,
              34.08176
            ],
            [
              -118.734555,
              34.08176
            ],
            [
              -118.73455,
              34.081755
            ],
            [
              -118.73454,
              34.081755
            ],
            [
              -118.73454,
              34.081765
            ],
            [
              -118.734535,
              34.08177
            ],
            [
              -118.734535,
              34.081795
            ],
            [
              -118.73452999999999,
              34.0818
            ],
            [
              -118.73452999999999,
              34.08182
            ],
            [
              -118.734525,
              34.081825
            ],
            [
              -118.734525,
              34.08185
            ],
            [
              -118.73452,
              34.081855
            ],
            [
              -118.73452,
              34.08186
            ],
            [
              -118.734515,
              34.081865
            ],
            [
              -118.734505,
              34.081865
            ],
            [
              -118.7345,
              34.08186
            ],
            [
              -118.73449,
              34.08186
            ],
            [
              -118.73449,
              34.0819
            ],
            [
              -118.734485,
              34.081905
            ],
            [
              -118.734485,
              34.08198
            ],
            [
              -118.73448,
              34.081985
            ],
            [
              -118.73448,
              34.08202
            ],
            [
              -118.734485,
              34.082025
            ],
            [
              -118.73449,
              34.082025
            ],
            [
              -118.734495,
              34.08203
            ],
            [
              -118.7345,
              34.08203
            ],
            [
              -118.734505,
              34.082035
            ],
            [
              -118.73452,
              34.082035
            ],
            [
              -118.734525,
              34.08204
            ],
            [
              -118.734555,
              34.08204
            ],
            [
              -118.73456,
              34.082045
            ],
            [
              -118.73457499999999,
              34.082045
            ]
          ]
        ]
      },
      "properties": {
        "building_id": 208,
        "scenario_id": 1,
        "damage_class": "no-damage",
        "confidence": 0.773,
        "probabilities": {
          "no-damage": 0.773,
          "minor-damage": 0.2173,
          "major-damage": 0.0062,
          "destroyed": 0.0034
        },
        "gt_damage_class": "no-damage",
        "source": "AI Prediction (Siamese ResNet18)",
        "is_prediction": true
      }
    },
    {
      "type": "Feature",
      "geometry": {
        "type": "Polygon",
        "coordinates": [
          [
            [
              -118.73424,
              34.08211
            ],
            [
              -118.73424,
              34.0821
            ],
            [
              -118.734245,
              34.082095
            ],
            [
              -118.734245,
              34.08207
            ],
            [
              -118.73425,
              34.082065
            ],
            [
              -118.73425,
              34.082045
            ],
            [
              -118.734255,
              34.08204
            ],
            [
              -118.734255,
              34.082015
            ],
            [
              -118.73426,
              34.08201
            ],
            [
              -118.73426,
              34.081985
            ],
            [
              -118.734265,
              34.08198
            ],
            [
              -118.734265,
              34.08197
            ],
            [
              -118.73427,
              34.081965
            ],
            [
              -118.734285,
              34.081965
            ],
            [
              -118.73429,
              34.08197
            ],
            [
              -118.73433,
              34.08197
            ],
            [
              -118.734335,
              34.081975
            ],
            [
              -118.734375,
              34.081975
            ],
            [
              -118.73438,
              34.08198
            ],
            [
              -118.73442,
              34.08198
            ],
            [
              -118.734425,
              34.081985
            ],
            [
              -118.734445,
              34.081985
            ],
            [
              -118.73444,
              34.08198
            ],
            [
              -118.73444,
              34.08197
            ],
            [
              -118.734445,
              34.081965
            ],
            [
              -118.734445,
              34.08194
            ],
            [
              -118.73445,
              34.081935
            ],
            [
              -118.73445,
              34.08191
            ],
            [
              -118.734455,
              34.081905
            ],
            [
              -118.734455,
              34.08188
            ],
            [
              -118.73446,
              34.081875000000004
            ],
            [
              -118.73446,
              34.081865
            ],
            [
              -118.73445,
              34.081865
            ],
            [
              -118.73444,
              34.081855
            ],
            [
              -118.73444,
              34.081845
            ],
            [
              -118.734445,
              34.08184
            ],
            [
              -118.734445,
              34.081815
            ],
            [
              -118.73445,
              34.08181
            ],
            [
              -118.73445,
              34.081795
            ],
            [
              -118.734445,
              34.08179
            ],
            [
              -118.734445,
              34.081785
            ],
            [
              -118.734435,
              34.081775
            ],
            [
              -118.734425,
              34.081775
            ],
            [
              -118.73442,
              34.08177
            ],
            [
              -118.734405,
              34.08177
            ],
            [
              -118.7344,
              34.081765
            ],
            [
              -118.73439,
              34.081765
            ],
            [
              -118.73439,
              34.08177
            ],
            [
              -118.734385,
              34.081775
            ],
            [
              -118.734385,
              34.081785
            ],
            [
              -118.73438,
              34.08179
            ],
            [
              -118.73438,
              34.081795
            ],
            [
              -118.734375,
              34.0818
            ],
            [
              -118.734375,
              34.08181
            ],
            [
              -118.73437,
              34.081815
            ],
            [
              -118.73437,
              34.08182
            ],
            [
              -118.734365,
              34.081825
            ],
            [
              -118.73436,
              34.081825
            ],
            [
              -118.734355,
              34.081830000000004
            ],
            [
              -118.734325,
              34.081830000000004
            ],
            [
              -118.73432,
              34.081825
            ],
            [
              -118.734315,
              34.081825
            ],
            [
              -118.7343,
              34.08181
            ],
            [
              -118.7343,
              34.081805
            ],
            [
              -118.734295,
              34.0818
            ],
            [
              -118.734285,
              34.0818
            ],
            [
              -118.734285,
              34.081805
            ],
            [
              -118.73428,
              34.08181
            ],
            [
              -118.73428,
              34.081825
            ],
            [
              -118.734275,
              34.081830000000004
            ],
            [
              -118.734275,
              34.081845
            ],
            [
              -118.73427,
              34.08185
            ],
            [
              -118.73427,
              34.081865
            ],
            [
              -118.734265,
              34.08187
            ],
            [
              -118.734265,
              34.08188
            ],
            [
              -118.73426,
              34.081885
            ],
            [
              -118.734255,
              34.08188
            ],
            [
              -118.734255,
              34.08186
            ],
            [
              -118.73426,
              34.081855
            ],
            [
              -118.73426,
              34.08184
            ],
            [
              -118.734265,
              34.081835
            ],
            [
              -118.734265,
              34.081815
            ],
            [
              -118.73427,
              34.08181
            ],
            [
              -118.73427,
              34.08179
            ],
            [
              -118.734275,
              34.081785
            ],
            [
              -118.734275,
              34.081765
            ],
            [
              -118.73428,
              34.08176
            ],
            [
              -118.73428,
              34.08175
            ],
            [
              -118.734265,
              34.081735
            ],
            [
              -118.734265,
              34.08173
            ],
            [
              -118.73425,
              34.081715
            ],
            [
              -118.73425,
              34.0817
            ],
            [
              -118.734255,
              34.081695
            ],
            [
              -118.734255,
              34.08168
            ],
            [
              -118.73425,
              34.081675
            ],
            [
              -118.734245,
              34.081675
            ],
            [
              -118.73424,
              34.08167
            ],
            [
              -118.734235,
              34.08167
            ],
            [
              -118.734225,
              34.08166
            ],
            [
              -118.73422,
              34.08166
            ],
            [
              -118.734215,
              34.081655
            ],
            [
              -118.73421,
              34.081655
            ],
            [
              -118.734205,
              34.08165
            ],
            [
              -118.734205,
              34.081655
            ],
            [
              -118.7342,
              34.08166
            ],
            [
              -118.7342,
              34.08167
            ],
            [
              -118.734195,
              34.081675
            ],
            [
              -118.734195,
              34.081685
            ],
            [
              -118.73419,
              34.08169
            ],
            [
              -118.73419,
              34.081695
            ],
            [
              -118.734185,
              34.0817
            ],
            [
              -118.734185,
              34.08171
            ],
            [
              -118.73418,
              34.081715
            ],
            [
              -118.73418,
              34.081725
            ],
            [
              -118.734165,
              34.08174
            ],
            [
              -118.73415,
              34.08174
            ],
            [
              -118.734145,
              34.081745
            ],
            [
              -118.734135,
              34.081745
            ],
            [
              -118.73413,
              34.08175
            ],
            [
              -118.734125,
              34.08175
            ],
            [
              -118.734125,
              34.08176
            ],
            [
              -118.73412,
              34.081765
            ],
            [
              -118.73412,
              34.08178
            ],
            [
              -118.734115,
              34.081785
            ],
            [
              -118.734115,
              34.0818
            ],
            [
              -118.73411,
              34.081805
            ],
            [
              -118.73411,
              34.081825
            ],
            [
              -118.734105,
              34.081830000000004
            ],
            [
              -118.734105,
              34.081845
            ],
            [
              -118.7341,
              34.08185
            ],
            [
              -118.7341,
              34.081865
            ],
            [
              -118.734095,
              34.08187
            ],
            [
              -118.734095,
              34.08188
            ],
            [
              -118.734105,
              34.08188
            ],
            [
              -118.73411,
              34.081885
            ],
            [
              -118.734135,
              34.081885
            ],
            [
              -118.73414,
              34.08189
            ],
            [
              -118.734145,
              34.08189
            ],
            [
              -118.73415,
              34.081895
            ],
            [
              -118.73415,
              34.081905
            ],
            [
              -118.734145,
              34.08191
            ],
            [
              -118.734145,
              34.081925
            ],
            [
              -118.73415,
              34.081925
            ],
            [
              -118.734155,
              34.08193
            ],
            [
              -118.734165,
              34.08193
            ],
            [
              -118.73417,
              34.081935
            ],
            [
              -118.73418,
              34.081935
            ],
            [
              -118.734185,
              34.08194
            ],
            [
              -118.734195,
              34.08194
            ],
            [
              -118.7342,
              34.081945
            ],
            [
              -118.73421,
              34.081945
            ],
            [
              -118.734215,
              34.08195
            ],
            [
              -118.734215,
              34.081955
            ],
            [
              -118.73422,
              34.08196
            ],
            [
              -118.734215,
              34.081965
            ],
            [
              -118.734205,
              34.081965
            ],
            [
              -118.7342,
              34.08196
            ],
            [
              -118.734185,
              34.08196
            ],
            [
              -118.73418,
              34.081955
            ],
            [
              -118.734165,
              34.081955
            ],
            [
              -118.73416,
              34.08195
            ],
            [
              -118.734145,
              34.08195
            ],
            [
              -118.73414,
              34.081945
            ],
            [
              -118.734125,
              34.081945
            ],
            [
              -118.73412,
              34.08194
            ],
            [
              -118.734105,
              34.08194
            ],
            [
              -118.7341,
              34.081935
            ],
            [
              -118.734095,
              34.081935
            ],
            [
              -118.73409,
              34.08194
            ],
            [
              -118.73409,
              34.081945
            ],
            [
              -118.734085,
              34.08195
            ],
            [
              -118.734085,
              34.081955
            ],
            [
              -118.73409,
              34.08196
            ],
            [
              -118.73409,
              34.081965
            ],
            [
              -118.734095,
              34.081965
            ],
            [
              -118.7341,
              34.08197
            ],
            [
              -118.734115,
              34.08197
            ],
            [
              -118.73412,
              34.081975
            ],
            [
              -118.734135,
              34.081975
            ],
            [
              -118.73414,
              34.08198
            ],
            [
              -118.734155,
              34.08198
            ],
            [
              -118.734165,
              34.08199
            ],
            [
              -118.734155,
              34.082
            ],
            [
              -118.734135,
              34.082
            ],
            [
              -118.73413,
              34.081995
            ],
            [
              -118.734105,
              34.081995
            ],
            [
              -118.734105,
              34.08201
            ],
            [
              -118.7341,
              34.082015
            ],
            [
              -118.7341,
              34.08205
            ],
            [
              -118.734095,
              34.082055
            ],
            [
              -118.734095,
              34.08207
            ],
            [
              -118.734105,
              34.08207
            ],
            [
              -118.73411,
              34.082075
            ],
            [
              -118.734125,
              34.082075
            ],
            [
              -118.73413,
              34.08208
            ],
            [
              -118.734135,
              34.08208
            ],
            [
              -118.73414,
              34.082085
            ],
            [
              -118.734135,
              34.08209
            ],
            [
              -118.734145,
              34.08209
            ],
            [
              -118.73415,
              34.082095
            ],
            [
              -118.73417,
              34.082095
            ],
            [
              -118.734175,
              34.0821
            ],
            [
              -118.7342,
              34.0821
            ],
            [
              -118.734205,
              34.082105
            ],
            [
              -118.734225,
              34.082105
            ],
            [
              -118.73423,
              34.08211
            ],
            [
              -118.73424,
              34.08211
            ]
          ]
        ]
      },
      "properties": {
        "building_id": 209,
        "scenario_id": 1,
        "damage_class": "no-damage",
        "confidence": 0.7476,
        "probabilities": {
          "no-damage": 0.7476,
          "minor-damage": 0.1963,
          "major-damage": 0.0359,
          "destroyed": 0.0202
        },
        "gt_damage_class": "no-damage",
        "source": "AI Prediction (Siamese ResNet18)",
        "is_prediction": true
      }
    },
    {
      "type": "Feature",
      "geometry": {
        "type": "Polygon",
        "coordinates": [
          [
            [
              -118.73125,
              34.08212
            ],
            [
              -118.73125,
              34.082115
            ],
            [
              -118.731255,
              34.08211
            ],
            [
              -118.731255,
              34.082095
            ],
            [
              -118.73126,
              34.08209
            ],
            [
              -118.73126,
              34.082075
            ],
            [
              -118.731265,
              34.08207
            ],
            [
              -118.731265,
              34.082055
            ],
            [
              -118.73127,
              34.08205
            ],
            [
              -118.73127,
              34.082035
            ],
            [
              -118.731275,
              34.08203
            ],
            [
              -118.731275,
              34.082015
            ],
            [
              -118.73128,
              34.08201
            ],
            [
              -118.73128,
              34.081995
            ],
            [
              -118.731285,
              34.08199
            ],
            [
              -118.731285,
              34.081975
            ],
            [
              -118.73129,
              34.08197
            ],
            [
              -118.73129,
              34.081955
            ],
            [
              -118.731295,
              34.08195
            ],
            [
              -118.731295,
              34.081935
            ],
            [
              -118.7313,
              34.08193
            ],
            [
              -118.7313,
              34.081915
            ],
            [
              -118.731305,
              34.08191
            ],
            [
              -118.731305,
              34.081895
            ],
            [
              -118.73131,
              34.08189
            ],
            [
              -118.73131,
              34.081875000000004
            ],
            [
              -118.731315,
              34.08187
            ],
            [
              -118.731315,
              34.08186
            ],
            [
              -118.731305,
              34.08186
            ],
            [
              -118.7313,
              34.081855
            ],
            [
              -118.731275,
              34.081855
            ],
            [
              -118.73127,
              34.08185
            ],
            [
              -118.731245,
              34.08185
            ],
            [
              -118.73124,
              34.081845
            ],
            [
              -118.731215,
              34.081845
            ],
            [
              -118.73121,
              34.08184
            ],
            [
              -118.731185,
              34.08184
            ],
            [
              -118.73118,
              34.081835
            ],
            [
              -118.731155,
              34.081835
            ],
            [
              -118.73115,
              34.081830000000004
            ],
            [
              -118.73114,
              34.081830000000004
            ],
            [
              -118.73114,
              34.08184
            ],
            [
              -118.731135,
              34.081845
            ],
            [
              -118.731135,
              34.08186
            ],
            [
              -118.73113,
              34.081865
            ],
            [
              -118.73113,
              34.08188
            ],
            [
              -118.731125,
              34.081885
            ],
            [
              -118.731125,
              34.0819
            ],
            [
              -118.73112,
              34.081905
            ],
            [
              -118.73112,
              34.081925
            ],
            [
              -118.731115,
              34.08193
            ],
            [
              -118.731115,
              34.081945
            ],
            [
              -118.73111,
              34.08195
            ],
            [
              -118.73111,
              34.081965
            ],
            [
              -118.731105,
              34.08197
            ],
            [
              -118.731105,
              34.081985
            ],
            [
              -118.7311,
              34.08199
            ],
            [
              -118.7311,
              34.082005
            ],
            [
              -118.731095,
              34.08201
            ],
            [
              -118.731095,
              34.08202
            ],
            [
              -118.7311,
              34.08202
            ],
            [
              -118.73111,
              34.08203
            ],
            [
              -118.73111,
              34.082055
            ],
            [
              -118.731105,
              34.08206
            ],
            [
              -118.731105,
              34.082085
            ],
            [
              -118.73111,
              34.08209
            ],
            [
              -118.731115,
              34.08209
            ],
            [
              -118.73112,
              34.082095
            ],
            [
              -118.731125,
              34.082095
            ],
            [
              -118.73113,
              34.0821
            ],
            [
              -118.731135,
              34.0821
            ],
            [
              -118.73114,
              34.082095
            ],
            [
              -118.731145,
              34.082095
            ],
            [
              -118.73115,
              34.08209
            ],
            [
              -118.731155,
              34.08209
            ],
            [
              -118.731155,
              34.08208
            ],
            [
              -118.73116,
              34.082075
            ],
            [
              -118.73116,
              34.08206
            ],
            [
              -118.731165,
              34.082055
            ],
            [
              -118.73117,
              34.082055
            ],
            [
              -118.731175,
              34.08205
            ],
            [
              -118.73118,
              34.082055
            ],
            [
              -118.73118,
              34.08208
            ],
            [
              -118.731175,
              34.082085
            ],
            [
              -118.731175,
              34.082105
            ],
            [
              -118.731185,
              34.082105
            ],
            [
              -118.73119,
              34.08211
            ],
            [
              -118.73121,
              34.08211
            ],
            [
              -118.731215,
              34.082115
            ],
            [
              -118.731235,
              34.082115
            ],
            [
              -118.73124,
              34.08212
            ],
            [
              -118.73125,
              34.08212
            ]
          ]
        ]
      },
      "properties": {
        "building_id": 210,
        "scenario_id": 1,
        "damage_class": "no-damage",
        "confidence": 0.5161,
        "probabilities": {
          "no-damage": 0.5161,
          "minor-damage": 0.1959,
          "major-damage": 0.1088,
          "destroyed": 0.1792
        },
        "gt_damage_class": "no-damage",
        "source": "AI Prediction (Siamese ResNet18)",
        "is_prediction": true
      }
    },
    {
      "type": "Feature",
      "geometry": {
        "type": "Polygon",
        "coordinates": [
          [
            [
              -118.733995,
              34.082145
            ],
            [
              -118.733995,
              34.082135
            ],
            [
              -118.734,
              34.08213
            ],
            [
              -118.734,
              34.08211
            ],
            [
              -118.734005,
              34.082105
            ],
            [
              -118.734005,
              34.082085
            ],
            [
              -118.73401,
              34.08208
            ],
            [
              -118.73401,
              34.08206
            ],
            [
              -118.734015,
              34.082055
            ],
            [
              -118.734015,
              34.08203
            ],
            [
              -118.73402,
              34.082025
            ],
            [
              -118.73402,
              34.082005
            ],
            [
              -118.734025,
              34.082
            ],
            [
              -118.734025,
              34.08198
            ],
            [
              -118.73403,
              34.081975
            ],
            [
              -118.73403,
              34.081965
            ],
            [
              -118.73402,
              34.081965
            ],
            [
              -118.734015,
              34.08196
            ],
            [
              -118.73399,
              34.08196
            ],
            [
              -118.733985,
              34.081955
            ],
            [
              -118.733965,
              34.081955
            ],
            [
              -118.73396,
              34.08195
            ],
            [
              -118.733935,
              34.08195
            ],
            [
              -118.73393,
              34.081945
            ],
            [
              -118.73391,
              34.081945
            ],
            [
              -118.733905,
              34.08194
            ],
            [
              -118.73388,
              34.08194
            ],
            [
              -118.733875,
              34.081935
            ],
            [
              -118.733865,
              34.081935
            ],
            [
              -118.733865,
              34.08194
            ],
            [
              -118.73385999999999,
              34.081945
            ],
            [
              -118.73385999999999,
              34.08195
            ],
            [
              -118.733855,
              34.081955
            ],
            [
              -118.733855,
              34.08196
            ],
            [
              -118.73385,
              34.081965
            ],
            [
              -118.73385,
              34.08197
            ],
            [
              -118.733845,
              34.081975
            ],
            [
              -118.733845,
              34.08198
            ],
            [
              -118.73384,
              34.081985
            ],
            [
              -118.73384,
              34.08199
            ],
            [
              -118.733835,
              34.081995
            ],
            [
              -118.733835,
              34.082
            ],
            [
              -118.73383,
              34.082005
            ],
            [
              -118.73383,
              34.08201
            ],
            [
              -118.733825,
              34.082015
            ],
            [
              -118.733825,
              34.08202
            ],
            [
              -118.73382,
              34.082025
            ],
            [
              -118.73382,
              34.08203
            ],
            [
              -118.733825,
              34.082035
            ],
            [
              -118.733825,
              34.082045
            ],
            [
              -118.73383,
              34.08205
            ],
            [
              -118.73383,
              34.08206
            ],
            [
              -118.733835,
              34.082065
            ],
            [
              -118.733835,
              34.08207
            ],
            [
              -118.73384,
              34.082075
            ],
            [
              -118.73384,
              34.082085
            ],
            [
              -118.733845,
              34.08209
            ],
            [
              -118.733845,
              34.0821
            ],
            [
              -118.73385,
              34.082105
            ],
            [
              -118.73385,
              34.08211
            ],
            [
              -118.733855,
              34.082115
            ],
            [
              -118.73385999999999,
              34.082115
            ],
            [
              -118.733865,
              34.08212
            ],
            [
              -118.73387,
              34.08212
            ],
            [
              -118.733875,
              34.082125
            ],
            [
              -118.73388,
              34.082125
            ],
            [
              -118.733885,
              34.08213
            ],
            [
              -118.73389,
              34.08213
            ],
            [
              -118.733895,
              34.082135
            ],
            [
              -118.7339,
              34.082135
            ],
            [
              -118.733905,
              34.08214
            ],
            [
              -118.73395,
              34.08214
            ],
            [
              -118.733955,
              34.082145
            ],
            [
              -118.733995,
              34.082145
            ]
          ]
        ]
      },
      "properties": {
        "building_id": 211,
        "scenario_id": 1,
        "damage_class": "no-damage",
        "confidence": 0.5229,
        "probabilities": {
          "no-damage": 0.5229,
          "minor-damage": 0.3913,
          "major-damage": 0.0601,
          "destroyed": 0.0257
        },
        "gt_damage_class": "no-damage",
        "source": "AI Prediction (Siamese ResNet18)",
        "is_prediction": true
      }
    },
    {
      "type": "Feature",
      "geometry": {
        "type": "Polygon",
        "coordinates": [
          [
            [
              -118.73221,
              34.0822
            ],
            [
              -118.73221,
              34.082195
            ],
            [
              -118.732215,
              34.08219
            ],
            [
              -118.732215,
              34.082175
            ],
            [
              -118.73222,
              34.08217
            ],
            [
              -118.73222,
              34.082155
            ],
            [
              -118.732225,
              34.08215
            ],
            [
              -118.732225,
              34.082135
            ],
            [
              -118.73223,
              34.08213
            ],
            [
              -118.73223,
              34.082115
            ],
            [
              -118.732235,
              34.08211
            ],
            [
              -118.732235,
              34.082095
            ],
            [
              -118.73224,
              34.08209
            ],
            [
              -118.73224,
              34.082085
            ],
            [
              -118.732245,
              34.08208
            ],
            [
              -118.73225,
              34.082085
            ],
            [
              -118.732265,
              34.082085
            ],
            [
              -118.73227,
              34.08209
            ],
            [
              -118.732285,
              34.08209
            ],
            [
              -118.73229,
              34.082095
            ],
            [
              -118.732305,
              34.082095
            ],
            [
              -118.73231,
              34.0821
            ],
            [
              -118.73232,
              34.0821
            ],
            [
              -118.732325,
              34.082095
            ],
            [
              -118.73233,
              34.082095
            ],
            [
              -118.732335,
              34.08209
            ],
            [
              -118.73234,
              34.08209
            ],
            [
              -118.732345,
              34.082085
            ],
            [
              -118.73235,
              34.082085
            ],
            [
              -118.732355,
              34.08208
            ],
            [
              -118.73236,
              34.082085
            ],
            [
              -118.732365,
              34.082085
            ],
            [
              -118.73237,
              34.08209
            ],
            [
              -118.73237,
              34.082105
            ],
            [
              -118.73238,
              34.082105
            ],
            [
              -118.732385,
              34.08211
            ],
            [
              -118.73241,
              34.08211
            ],
            [
              -118.732415,
              34.082115
            ],
            [
              -118.732435,
              34.082115
            ],
            [
              -118.73244,
              34.08212
            ],
            [
              -118.73246,
              34.08212
            ],
            [
              -118.732465,
              34.082125
            ],
            [
              -118.73249,
              34.082125
            ],
            [
              -118.732495,
              34.08213
            ],
            [
              -118.732505,
              34.08213
            ],
            [
              -118.732505,
              34.08212
            ],
            [
              -118.73251,
              34.082115
            ],
            [
              -118.73251,
              34.0821
            ],
            [
              -118.732515,
              34.082095
            ],
            [
              -118.732515,
              34.08208
            ],
            [
              -118.73252,
              34.082075
            ],
            [
              -118.73252,
              34.082065
            ],
            [
              -118.73251,
              34.082065
            ],
            [
              -118.732505,
              34.08206
            ],
            [
              -118.73249,
              34.08206
            ],
            [
              -118.732485,
              34.082055
            ],
            [
              -118.73247,
              34.082055
            ],
            [
              -118.732465,
              34.08205
            ],
            [
              -118.73245,
              34.08205
            ],
            [
              -118.73244,
              34.08204
            ],
            [
              -118.73244,
              34.08203
            ],
            [
              -118.732445,
              34.082025
            ],
            [
              -118.732445,
              34.082
            ],
            [
              -118.73245,
              34.081995
            ],
            [
              -118.73245,
              34.081965
            ],
            [
              -118.732455,
              34.08196
            ],
            [
              -118.732455,
              34.081945
            ],
            [
              -118.732445,
              34.081945
            ],
            [
              -118.73244,
              34.08194
            ],
            [
              -118.732425,
              34.08194
            ],
            [
              -118.73242,
              34.081935
            ],
            [
              -118.7324,
              34.081935
            ],
            [
              -118.732395,
              34.08193
            ],
            [
              -118.73238,
              34.08193
            ],
            [
              -118.732375,
              34.081925
            ],
            [
              -118.732355,
              34.081925
            ],
            [
              -118.73235,
              34.081920000000004
            ],
            [
              -118.732335,
              34.081920000000004
            ],
            [
              -118.73233,
              34.081915
            ],
            [
              -118.73231,
              34.081915
            ],
            [
              -118.732305,
              34.08191
            ],
            [
              -118.73229,
              34.08191
            ],
            [
              -118.732285,
              34.081905
            ],
            [
              -118.732265,
              34.081905
            ],
            [
              -118.73226,
              34.0819
            ],
            [
              -118.732245,
              34.0819
            ],
            [
              -118.73224,
              34.081895
            ],
            [
              -118.73222,
              34.081895
            ],
            [
              -118.732215,
              34.08189
            ],
            [
              -118.7322,
              34.08189
            ],
            [
              -118.732195,
              34.081885
            ],
            [
              -118.732185,
              34.081885
            ],
            [
              -118.732185,
              34.081895
            ],
            [
              -118.73218,
              34.0819
            ],
            [
              -118.73218,
              34.081920000000004
            ],
            [
              -118.732175,
              34.081925
            ],
            [
              -118.732175,
              34.081945
            ],
            [
              -118.73217,
              34.08195
            ],
            [
              -118.73217,
              34.081965
            ],
            [
              -118.732165,
              34.08197
            ],
            [
              -118.732165,
              34.08199
            ],
            [
              -118.73216,
              34.081995
            ],
            [
              -118.73216,
              34.082015
            ],
            [
              -118.732155,
              34.08202
            ],
            [
              -118.732155,
              34.08204
            ],
            [
              -118.73215,
              34.082045
            ],
            [
              -118.73215,
              34.082065
            ],
            [
              -118.732145,
              34.08207
            ],
            [
              -118.732145,
              34.08209
            ],
            [
              -118.73214,
              34.082095
            ],
            [
              -118.73214,
              34.082115
            ],
            [
              -118.732135,
              34.08212
            ],
            [
              -118.732135,
              34.082135
            ],
            [
              -118.73213,
              34.08214
            ],
            [
              -118.73213,
              34.08216
            ],
            [
              -118.732125,
              34.082165
            ],
            [
              -118.732125,
              34.082185
            ],
            [
              -118.73212,
              34.08219
            ],
            [
              -118.73212,
              34.0822
            ],
            [
              -118.73221,
              34.0822
            ]
          ]
        ]
      },
      "properties": {
        "building_id": 212,
        "scenario_id": 1,
        "damage_class": "minor-damage",
        "confidence": 0.728,
        "probabilities": {
          "no-damage": 0.1283,
          "minor-damage": 0.728,
          "major-damage": 0.1093,
          "destroyed": 0.0344
        },
        "gt_damage_class": "no-damage",
        "source": "AI Prediction (Siamese ResNet18)",
        "is_prediction": true
      }
    },
    {
      "type": "Feature",
      "geometry": {
        "type": "Polygon",
        "coordinates": [
          [
            [
              -118.734415,
              34.0822
            ],
            [
              -118.734415,
              34.082185
            ],
            [
              -118.73442,
              34.08218
            ],
            [
              -118.73442,
              34.082165
            ],
            [
              -118.73441,
              34.082165
            ],
            [
              -118.734405,
              34.08216
            ],
            [
              -118.7344,
              34.08216
            ],
            [
              -118.734395,
              34.082155
            ],
            [
              -118.73439,
              34.082155
            ],
            [
              -118.734385,
              34.08215
            ],
            [
              -118.734385,
              34.082145
            ],
            [
              -118.73438,
              34.08214
            ],
            [
              -118.73438,
              34.08213
            ],
            [
              -118.73437,
              34.08213
            ],
            [
              -118.734365,
              34.082125
            ],
            [
              -118.73435,
              34.082125
            ],
            [
              -118.734345,
              34.08212
            ],
            [
              -118.73434,
              34.08212
            ],
            [
              -118.73434,
              34.082155
            ],
            [
              -118.734335,
              34.08216
            ],
            [
              -118.73433,
              34.082155
            ],
            [
              -118.73433,
              34.08214
            ],
            [
              -118.734325,
              34.082135
            ],
            [
              -118.734325,
              34.08213
            ],
            [
              -118.73432,
              34.08213
            ],
            [
              -118.734315,
              34.082125
            ],
            [
              -118.73431,
              34.082125
            ],
            [
              -118.7343,
              34.082115
            ],
            [
              -118.734295,
              34.082115
            ],
            [
              -118.73429,
              34.08211
            ],
            [
              -118.734285,
              34.08211
            ],
            [
              -118.73428,
              34.082105
            ],
            [
              -118.734275,
              34.08211
            ],
            [
              -118.734275,
              34.082175
            ],
            [
              -118.73427,
              34.08218
            ],
            [
              -118.73427,
              34.082195
            ],
            [
              -118.73428,
              34.082195
            ],
            [
              -118.734285,
              34.0822
            ],
            [
              -118.73431,
              34.0822
            ],
            [
              -118.73431,
              34.08219
            ],
            [
              -118.73432,
              34.08218
            ],
            [
              -118.734325,
              34.082185
            ],
            [
              -118.734325,
              34.08219
            ],
            [
              -118.73433,
              34.082195
            ],
            [
              -118.73433,
              34.0822
            ],
            [
              -118.734415,
              34.0822
            ]
          ]
        ]
      },
      "properties": {
        "building_id": 213,
        "scenario_id": 1,
        "damage_class": "no-damage",
        "confidence": 0.4352,
        "probabilities": {
          "no-damage": 0.4352,
          "minor-damage": 0.1216,
          "major-damage": 0.3176,
          "destroyed": 0.1256
        },
        "gt_damage_class": "no-damage",
        "source": "AI Prediction (Siamese ResNet18)",
        "is_prediction": true
      }
    },
    {
      "type": "Feature",
      "geometry": {
        "type": "Polygon",
        "coordinates": [
          [
            [
              -118.734525,
              34.0822
            ],
            [
              -118.734525,
              34.08219
            ],
            [
              -118.73452999999999,
              34.082185
            ],
            [
              -118.73452999999999,
              34.082175
            ],
            [
              -118.734535,
              34.08217
            ],
            [
              -118.734545,
              34.08217
            ],
            [
              -118.73455,
              34.082175
            ],
            [
              -118.734565,
              34.082175
            ],
            [
              -118.73457,
              34.08218
            ],
            [
              -118.734585,
              34.08218
            ],
            [
              -118.73459,
              34.082185
            ],
            [
              -118.7346,
              34.082185
            ],
            [
              -118.7346,
              34.082175
            ],
            [
              -118.734605,
              34.08217
            ],
            [
              -118.734605,
              34.082155
            ],
            [
              -118.73461,
              34.08215
            ],
            [
              -118.73461,
              34.08213
            ],
            [
              -118.734615,
              34.082125
            ],
            [
              -118.734615,
              34.08211
            ],
            [
              -118.73461999999999,
              34.082105
            ],
            [
              -118.73461999999999,
              34.082085
            ],
            [
              -118.734625,
              34.08208
            ],
            [
              -118.734625,
              34.08207
            ],
            [
              -118.734615,
              34.08207
            ],
            [
              -118.73461,
              34.082065
            ],
            [
              -118.73459,
              34.082065
            ],
            [
              -118.734585,
              34.08206
            ],
            [
              -118.73457,
              34.08206
            ],
            [
              -118.734565,
              34.082055
            ],
            [
              -118.734555,
              34.082055
            ],
            [
              -118.734555,
              34.08206
            ],
            [
              -118.73455,
              34.082065
            ],
            [
              -118.73454,
              34.082065
            ],
            [
              -118.734535,
              34.08206
            ],
            [
              -118.73451,
              34.08206
            ],
            [
              -118.734505,
              34.082055
            ],
            [
              -118.73448,
              34.082055
            ],
            [
              -118.734475,
              34.08205
            ],
            [
              -118.734465,
              34.08205
            ],
            [
              -118.734465,
              34.08206
            ],
            [
              -118.73446,
              34.082065
            ],
            [
              -118.73446,
              34.08208
            ],
            [
              -118.734455,
              34.082085
            ],
            [
              -118.734455,
              34.0821
            ],
            [
              -118.73445,
              34.082105
            ],
            [
              -118.73445,
              34.08212
            ],
            [
              -118.734445,
              34.082125
            ],
            [
              -118.734445,
              34.08213
            ],
            [
              -118.73444,
              34.082135
            ],
            [
              -118.734435,
              34.08213
            ],
            [
              -118.734425,
              34.08213
            ],
            [
              -118.734425,
              34.082155
            ],
            [
              -118.73443,
              34.082155
            ],
            [
              -118.734435,
              34.08216
            ],
            [
              -118.73444,
              34.08216
            ],
            [
              -118.734445,
              34.082165
            ],
            [
              -118.734445,
              34.08218
            ],
            [
              -118.73444,
              34.082185
            ],
            [
              -118.73444,
              34.0822
            ],
            [
              -118.734525,
              34.0822
            ]
          ]
        ]
      },
      "properties": {
        "building_id": 214,
        "scenario_id": 1,
        "damage_class": "no-damage",
        "confidence": 0.9337,
        "probabilities": {
          "no-damage": 0.9337,
          "minor-damage": 0.0454,
          "major-damage": 0.0148,
          "destroyed": 0.0061
        },
        "gt_damage_class": "no-damage",
        "source": "AI Prediction (Siamese ResNet18)",
        "is_prediction": true
      }
    },
    {
      "type": "Feature",
      "geometry": {
        "type": "Polygon",
        "coordinates": [
          [
            [
              -118.73482,
              34.0822
            ],
            [
              -118.73482,
              34.08219
            ],
            [
              -118.734825,
              34.082185
            ],
            [
              -118.734825,
              34.08216
            ],
            [
              -118.73483,
              34.082155
            ],
            [
              -118.73483,
              34.08213
            ],
            [
              -118.734835,
              34.082125
            ],
            [
              -118.734835,
              34.0821
            ],
            [
              -118.73484,
              34.082095
            ],
            [
              -118.73484,
              34.08208
            ],
            [
              -118.734835,
              34.08208
            ],
            [
              -118.73483,
              34.082075
            ],
            [
              -118.734815,
              34.082075
            ],
            [
              -118.73481,
              34.08207
            ],
            [
              -118.734795,
              34.08207
            ],
            [
              -118.73479,
              34.082065
            ],
            [
              -118.734775,
              34.082065
            ],
            [
              -118.73477,
              34.08206
            ],
            [
              -118.73475499999999,
              34.08206
            ],
            [
              -118.73475,
              34.082055
            ],
            [
              -118.734735,
              34.082055
            ],
            [
              -118.73473,
              34.08205
            ],
            [
              -118.734715,
              34.08205
            ],
            [
              -118.73470999999999,
              34.082045
            ],
            [
              -118.734695,
              34.082045
            ],
            [
              -118.73469,
              34.08204
            ],
            [
              -118.734685,
              34.08204
            ],
            [
              -118.734655,
              34.08207
            ],
            [
              -118.734675,
              34.08209
            ],
            [
              -118.734675,
              34.0821
            ],
            [
              -118.73467,
              34.082105
            ],
            [
              -118.73467,
              34.08212
            ],
            [
              -118.73466499999999,
              34.082125
            ],
            [
              -118.73466499999999,
              34.082145
            ],
            [
              -118.73466,
              34.08215
            ],
            [
              -118.73466,
              34.082165
            ],
            [
              -118.734655,
              34.08217
            ],
            [
              -118.734655,
              34.082185
            ],
            [
              -118.73465,
              34.08219
            ],
            [
              -118.73465,
              34.0822
            ],
            [
              -118.73482,
              34.0822
            ]
          ]
        ]
      },
      "properties": {
        "building_id": 215,
        "scenario_id": 1,
        "damage_class": "major-damage",
        "confidence": 0.5476,
        "probabilities": {
          "no-damage": 0.2306,
          "minor-damage": 0.1507,
          "major-damage": 0.5476,
          "destroyed": 0.071
        },
        "gt_damage_class": "no-damage",
        "source": "AI Prediction (Siamese ResNet18)",
        "is_prediction": true
      }
    },
    {
      "type": "Feature",
      "geometry": {
        "type": "Polygon",
        "coordinates": [
          [
            [
              -118.735,
              34.0822
            ],
            [
              -118.735,
              34.08209
            ],
            [
              -118.73499,
              34.08208
            ],
            [
              -118.734985,
              34.08208
            ],
            [
              -118.734955,
              34.08205
            ],
            [
              -118.734955,
              34.082045
            ],
            [
              -118.73495,
              34.08204
            ],
            [
              -118.73495,
              34.082035
            ],
            [
              -118.734945,
              34.08203
            ],
            [
              -118.734945,
              34.082015
            ],
            [
              -118.73494,
              34.08201
            ],
            [
              -118.73494,
              34.081995
            ],
            [
              -118.734945,
              34.08199
            ],
            [
              -118.734945,
              34.081975
            ],
            [
              -118.73495,
              34.08197
            ],
            [
              -118.73495,
              34.08196
            ],
            [
              -118.734955,
              34.081955
            ],
            [
              -118.734955,
              34.08195
            ],
            [
              -118.73496,
              34.081945
            ],
            [
              -118.73496,
              34.08194
            ],
            [
              -118.73497,
              34.08193
            ],
            [
              -118.734975,
              34.08193
            ],
            [
              -118.73498,
              34.081925
            ],
            [
              -118.734985,
              34.081925
            ],
            [
              -118.73499,
              34.081920000000004
            ],
            [
              -118.735,
              34.081920000000004
            ],
            [
              -118.735,
              34.08169
            ],
            [
              -118.734995,
              34.08169
            ],
            [
              -118.73499,
              34.081685
            ],
            [
              -118.734985,
              34.081685
            ],
            [
              -118.73498,
              34.08168
            ],
            [
              -118.734975,
              34.08168
            ],
            [
              -118.73497,
              34.081675
            ],
            [
              -118.734965,
              34.081675
            ],
            [
              -118.73496,
              34.08167
            ],
            [
              -118.734955,
              34.08167
            ],
            [
              -118.73495,
              34.081675
            ],
            [
              -118.73495,
              34.08168
            ],
            [
              -118.734955,
              34.081685
            ],
            [
              -118.734955,
              34.08169
            ],
            [
              -118.734965,
              34.0817
            ],
            [
              -118.734965,
              34.081705
            ],
            [
              -118.73497,
              34.08171
            ],
            [
              -118.73497,
              34.081735
            ],
            [
              -118.734965,
              34.08174
            ],
            [
              -118.734935,
              34.08174
            ],
            [
              -118.73493,
              34.081735
            ],
            [
              -118.73493,
              34.08173
            ],
            [
              -118.73486,
              34.08173
            ],
            [
              -118.73486,
              34.08177
            ],
            [
              -118.73488,
              34.08177
            ],
            [
              -118.734885,
              34.081775
            ],
            [
              -118.7349,
              34.081775
            ],
            [
              -118.734905,
              34.08178
            ],
            [
              -118.734905,
              34.081795
            ],
            [
              -118.7349,
              34.0818
            ],
            [
              -118.7349,
              34.08184
            ],
            [
              -118.734895,
              34.081845
            ],
            [
              -118.734895,
              34.08188
            ],
            [
              -118.73489,
              34.081885
            ],
            [
              -118.73489,
              34.081935
            ],
            [
              -118.734895,
              34.08194
            ],
            [
              -118.734895,
              34.082
            ],
            [
              -118.7349,
              34.082005
            ],
            [
              -118.7349,
              34.082035
            ],
            [
              -118.734895,
              34.08204
            ],
            [
              -118.73489,
              34.08204
            ],
            [
              -118.73488,
              34.08205
            ],
            [
              -118.734875,
              34.08205
            ],
            [
              -118.73487,
              34.082055
            ],
            [
              -118.73487,
              34.082065
            ],
            [
              -118.734865,
              34.08207
            ],
            [
              -118.734865,
              34.08209
            ],
            [
              -118.73486,
              34.082095
            ],
            [
              -118.73486,
              34.08211
            ],
            [
              -118.734855,
              34.082115
            ],
            [
              -118.734855,
              34.082125
            ],
            [
              -118.73486,
              34.082125
            ],
            [
              -118.734865,
              34.08213
            ],
            [
              -118.73488,
              34.08213
            ],
            [
              -118.734885,
              34.082135
            ],
            [
              -118.73489,
              34.082135
            ],
            [
              -118.734895,
              34.08214
            ],
            [
              -118.73489,
              34.082145
            ],
            [
              -118.73489,
              34.08215
            ],
            [
              -118.734885,
              34.082155
            ],
            [
              -118.734885,
              34.082165
            ],
            [
              -118.73488,
              34.08217
            ],
            [
              -118.73488,
              34.08218
            ],
            [
              -118.734875,
              34.082185
            ],
            [
              -118.734875,
              34.08219
            ],
            [
              -118.73487,
              34.082195
            ],
            [
              -118.73487,
              34.0822
            ],
            [
              -118.735,
              34.0822
            ]
          ]
        ]
      },
      "properties": {
        "building_id": 216,
        "scenario_id": 1,
        "damage_class": "minor-damage",
        "confidence": 0.879,
        "probabilities": {
          "no-damage": 0.0763,
          "minor-damage": 0.879,
          "major-damage": 0.0423,
          "destroyed": 0.0025
        },
        "gt_damage_class": "no-damage",
        "source": "AI Prediction (Siamese ResNet18)",
        "is_prediction": true
      }
    },
    {
      "type": "Feature",
      "geometry": {
        "type": "Polygon",
        "coordinates": [
          [
            [
              -118.72559100000001,
              34.077245
            ],
            [
              -118.725596,
              34.07724
            ],
            [
              -118.725621,
              34.07724
            ],
            [
              -118.725626,
              34.077235
            ],
            [
              -118.725646,
              34.077235
            ],
            [
              -118.725651,
              34.07723
            ],
            [
              -118.725671,
              34.07723
            ],
            [
              -118.725676,
              34.077225
            ],
            [
              -118.725701,
              34.077225
            ],
            [
              -118.725706,
              34.07722
            ],
            [
              -118.72572600000001,
              34.07722
            ],
            [
              -118.725731,
              34.077215
            ],
            [
              -118.725756,
              34.077215
            ],
            [
              -118.725761,
              34.07721
            ],
            [
              -118.725771,
              34.07721
            ],
            [
              -118.725771,
              34.0772
            ],
            [
              -118.72576600000001,
              34.077195
            ],
            [
              -118.72576600000001,
              34.07717
            ],
            [
              -118.725761,
              34.077165
            ],
            [
              -118.725761,
              34.07714
            ],
            [
              -118.725756,
              34.077135
            ],
            [
              -118.725756,
              34.077125
            ],
            [
              -118.725746,
              34.077125
            ],
            [
              -118.725741,
              34.07713
            ],
            [
              -118.725716,
              34.07713
            ],
            [
              -118.725711,
              34.077135
            ],
            [
              -118.725691,
              34.077135
            ],
            [
              -118.725686,
              34.07714
            ],
            [
              -118.725661,
              34.07714
            ],
            [
              -118.725656,
              34.077145
            ],
            [
              -118.725631,
              34.077145
            ],
            [
              -118.725626,
              34.07715
            ],
            [
              -118.725606,
              34.07715
            ],
            [
              -118.725601,
              34.077155
            ],
            [
              -118.725576,
              34.077155
            ],
            [
              -118.725571,
              34.07716
            ],
            [
              -118.725561,
              34.07716
            ],
            [
              -118.725561,
              34.07717
            ],
            [
              -118.725566,
              34.077175
            ],
            [
              -118.725566,
              34.07719
            ],
            [
              -118.725571,
              34.077195
            ],
            [
              -118.725571,
              34.07721
            ],
            [
              -118.725576,
              34.077215
            ],
            [
              -118.725576,
              34.07723
            ],
            [
              -118.725581,
              34.077235
            ],
            [
              -118.725581,
              34.077245
            ],
            [
              -118.72559100000001,
              34.077245
            ]
          ]
        ]
      },
      "properties": {
        "building_id": 217,
        "scenario_id": 1,
        "damage_class": "no-damage",
        "confidence": 0.89,
        "probabilities": {
          "no-damage": 0.89,
          "minor-damage": 0.0269,
          "major-damage": 0.0497,
          "destroyed": 0.0334
        },
        "gt_damage_class": "no-damage",
        "source": "AI Prediction (Siamese ResNet18)",
        "is_prediction": true
      }
    },
    {
      "type": "Feature",
      "geometry": {
        "type": "Polygon",
        "coordinates": [
          [
            [
              -118.72639600000001,
              34.077475
            ],
            [
              -118.72639600000001,
              34.077465000000004
            ],
            [
              -118.726401,
              34.07746
            ],
            [
              -118.726401,
              34.07743
            ],
            [
              -118.726386,
              34.07743
            ],
            [
              -118.726381,
              34.077425
            ],
            [
              -118.726371,
              34.077425
            ],
            [
              -118.726371,
              34.077435
            ],
            [
              -118.726366,
              34.07744
            ],
            [
              -118.726361,
              34.07744
            ],
            [
              -118.726356,
              34.077445
            ],
            [
              -118.726361,
              34.07745
            ],
            [
              -118.726361,
              34.077455
            ],
            [
              -118.726381,
              34.077475
            ],
            [
              -118.72639600000001,
              34.077475
            ]
          ]
        ]
      },
      "properties": {
        "building_id": 218,
        "scenario_id": 1,
        "damage_class": "no-damage",
        "confidence": 0.8956,
        "probabilities": {
          "no-damage": 0.8956,
          "minor-damage": 0.0438,
          "major-damage": 0.0223,
          "destroyed": 0.0383
        },
        "gt_damage_class": "destroyed",
        "source": "AI Prediction (Siamese ResNet18)",
        "is_prediction": true
      }
    },
    {
      "type": "Feature",
      "geometry": {
        "type": "Polygon",
        "coordinates": [
          [
            [
              -118.726436,
              34.07748
            ],
            [
              -118.72644100000001,
              34.077475
            ],
            [
              -118.726451,
              34.077475
            ],
            [
              -118.726456,
              34.07747
            ],
            [
              -118.726466,
              34.07747
            ],
            [
              -118.726471,
              34.077465000000004
            ],
            [
              -118.726476,
              34.077465000000004
            ],
            [
              -118.726481,
              34.07746
            ],
            [
              -118.72648600000001,
              34.07746
            ],
            [
              -118.726491,
              34.077455
            ],
            [
              -118.726496,
              34.077455
            ],
            [
              -118.726496,
              34.07745
            ],
            [
              -118.726491,
              34.077445
            ],
            [
              -118.726491,
              34.07743
            ],
            [
              -118.72648600000001,
              34.077425
            ],
            [
              -118.72648600000001,
              34.077420000000004
            ],
            [
              -118.726481,
              34.077420000000004
            ],
            [
              -118.726476,
              34.077425
            ],
            [
              -118.726471,
              34.077425
            ],
            [
              -118.726466,
              34.07743
            ],
            [
              -118.726461,
              34.07743
            ],
            [
              -118.726456,
              34.077435
            ],
            [
              -118.726451,
              34.077435
            ],
            [
              -118.726446,
              34.07744
            ],
            [
              -118.72644100000001,
              34.07744
            ],
            [
              -118.726436,
              34.077445
            ],
            [
              -118.726431,
              34.077445
            ],
            [
              -118.726426,
              34.07745
            ],
            [
              -118.726421,
              34.07745
            ],
            [
              -118.726421,
              34.077455
            ],
            [
              -118.726426,
              34.07746
            ],
            [
              -118.726426,
              34.07747
            ],
            [
              -118.726431,
              34.077475
            ],
            [
              -118.726431,
              34.07748
            ],
            [
              -118.726436,
              34.07748
            ]
          ]
        ]
      },
      "properties": {
        "building_id": 219,
        "scenario_id": 1,
        "damage_class": "no-damage",
        "confidence": 0.4846,
        "probabilities": {
          "no-damage": 0.4846,
          "minor-damage": 0.1963,
          "major-damage": 0.2807,
          "destroyed": 0.0384
        },
        "gt_damage_class": "destroyed",
        "source": "AI Prediction (Siamese ResNet18)",
        "is_prediction": true
      }
    },
    {
      "type": "Feature",
      "geometry": {
        "type": "Polygon",
        "coordinates": [
          [
            [
              -118.71701800000001,
              34.073116000000006
            ],
            [
              -118.71702300000001,
              34.073111000000004
            ],
            [
              -118.717028,
              34.073111000000004
            ],
            [
              -118.717038,
              34.073101
            ],
            [
              -118.717043,
              34.073101
            ],
            [
              -118.717053,
              34.073091000000005
            ],
            [
              -118.717053,
              34.073086
            ],
            [
              -118.71705800000001,
              34.073081
            ],
            [
              -118.71705800000001,
              34.073076
            ],
            [
              -118.71706300000001,
              34.073071000000006
            ],
            [
              -118.71706300000001,
              34.073056
            ],
            [
              -118.71705800000001,
              34.073051
            ],
            [
              -118.71705800000001,
              34.073036
            ],
            [
              -118.717053,
              34.073031
            ],
            [
              -118.717053,
              34.073021000000004
            ],
            [
              -118.717048,
              34.073016
            ],
            [
              -118.717048,
              34.073011
            ],
            [
              -118.717043,
              34.073006
            ],
            [
              -118.717038,
              34.073006
            ],
            [
              -118.717033,
              34.073001000000005
            ],
            [
              -118.717028,
              34.073001000000005
            ],
            [
              -118.71702300000001,
              34.072996
            ],
            [
              -118.71701300000001,
              34.072996
            ],
            [
              -118.717008,
              34.072991
            ],
            [
              -118.71697300000001,
              34.072991
            ],
            [
              -118.71696800000001,
              34.072996
            ],
            [
              -118.716963,
              34.072996
            ],
            [
              -118.716953,
              34.073006
            ],
            [
              -118.716953,
              34.073011
            ],
            [
              -118.716948,
              34.073016
            ],
            [
              -118.716948,
              34.073021000000004
            ],
            [
              -118.716943,
              34.073026000000006
            ],
            [
              -118.716943,
              34.073036
            ],
            [
              -118.71693800000001,
              34.073041
            ],
            [
              -118.71693800000001,
              34.073061
            ],
            [
              -118.716943,
              34.073066000000004
            ],
            [
              -118.716943,
              34.073076
            ],
            [
              -118.716948,
              34.073081
            ],
            [
              -118.716948,
              34.073086
            ],
            [
              -118.716953,
              34.073091000000005
            ],
            [
              -118.716953,
              34.073096
            ],
            [
              -118.716963,
              34.073106
            ],
            [
              -118.71696800000001,
              34.073106
            ],
            [
              -118.71697800000001,
              34.073116000000006
            ],
            [
              -118.71701800000001,
              34.073116000000006
            ]
          ]
        ]
      },
      "properties": {
        "building_id": 220,
        "scenario_id": 1,
        "damage_class": "no-damage",
        "confidence": 0.4125,
        "probabilities": {
          "no-damage": 0.4125,
          "minor-damage": 0.1062,
          "major-damage": 0.273,
          "destroyed": 0.2084
        },
        "gt_damage_class": "no-damage",
        "source": "AI Prediction (Siamese ResNet18)",
        "is_prediction": true
      }
    },
    {
      "type": "Feature",
      "geometry": {
        "type": "Polygon",
        "coordinates": [
          [
            [
              -118.715643,
              34.075766
            ],
            [
              -118.715648,
              34.075761
            ],
            [
              -118.715653,
              34.075761
            ],
            [
              -118.71566800000001,
              34.075746
            ],
            [
              -118.71567300000001,
              34.075746
            ],
            [
              -118.71568300000001,
              34.075736
            ],
            [
              -118.715688,
              34.075736
            ],
            [
              -118.715703,
              34.075721
            ],
            [
              -118.715708,
              34.075721
            ],
            [
              -118.71571800000001,
              34.075711000000005
            ],
            [
              -118.71572300000001,
              34.075711000000005
            ],
            [
              -118.715733,
              34.075701
            ],
            [
              -118.715738,
              34.075701
            ],
            [
              -118.715753,
              34.075686000000005
            ],
            [
              -118.71575800000001,
              34.075686000000005
            ],
            [
              -118.71576300000001,
              34.075681
            ],
            [
              -118.71575800000001,
              34.075676
            ],
            [
              -118.71575800000001,
              34.075671
            ],
            [
              -118.715753,
              34.075666000000005
            ],
            [
              -118.715753,
              34.075661000000004
            ],
            [
              -118.715748,
              34.075656
            ],
            [
              -118.715748,
              34.075651
            ],
            [
              -118.715738,
              34.075641000000005
            ],
            [
              -118.715738,
              34.075636
            ],
            [
              -118.715733,
              34.075631
            ],
            [
              -118.715733,
              34.075626
            ],
            [
              -118.71572300000001,
              34.075616000000004
            ],
            [
              -118.71572300000001,
              34.075611
            ],
            [
              -118.71571800000001,
              34.075606
            ],
            [
              -118.71571800000001,
              34.075601000000006
            ],
            [
              -118.71571300000001,
              34.075596000000004
            ],
            [
              -118.71571300000001,
              34.075591
            ],
            [
              -118.715703,
              34.075581
            ],
            [
              -118.715703,
              34.075576000000005
            ],
            [
              -118.715698,
              34.075571000000004
            ],
            [
              -118.715698,
              34.075566
            ],
            [
              -118.715693,
              34.075561
            ],
            [
              -118.715693,
              34.075556000000006
            ],
            [
              -118.71568300000001,
              34.075546
            ],
            [
              -118.71568300000001,
              34.075541
            ],
            [
              -118.71567800000001,
              34.075536
            ],
            [
              -118.71567800000001,
              34.075531000000005
            ],
            [
              -118.71567300000001,
              34.075526
            ],
            [
              -118.71567300000001,
              34.075521
            ],
            [
              -118.715663,
              34.075511000000006
            ],
            [
              -118.715663,
              34.075506000000004
            ],
            [
              -118.715658,
              34.075501
            ],
            [
              -118.715658,
              34.075496
            ],
            [
              -118.715648,
              34.075486000000005
            ],
            [
              -118.715648,
              34.075481
            ],
            [
              -118.715643,
              34.075476
            ],
            [
              -118.715643,
              34.075471
            ],
            [
              -118.71563800000001,
              34.075466000000006
            ],
            [
              -118.71563800000001,
              34.075461000000004
            ],
            [
              -118.71563300000001,
              34.075456
            ],
            [
              -118.71562800000001,
              34.075461000000004
            ],
            [
              -118.71562300000001,
              34.075461000000004
            ],
            [
              -118.715618,
              34.075466000000006
            ],
            [
              -118.715613,
              34.075466000000006
            ],
            [
              -118.715608,
              34.075471
            ],
            [
              -118.715603,
              34.075471
            ],
            [
              -118.715598,
              34.075476
            ],
            [
              -118.71559300000001,
              34.075476
            ],
            [
              -118.71558300000001,
              34.075486000000005
            ],
            [
              -118.71557800000001,
              34.075486000000005
            ],
            [
              -118.715573,
              34.075491
            ],
            [
              -118.715568,
              34.075491
            ],
            [
              -118.715563,
              34.075496
            ],
            [
              -118.715558,
              34.075496
            ],
            [
              -118.71554800000001,
              34.075506000000004
            ],
            [
              -118.71554300000001,
              34.075506000000004
            ],
            [
              -118.71553800000001,
              34.075511000000006
            ],
            [
              -118.71553300000001,
              34.075511000000006
            ],
            [
              -118.715528,
              34.075516
            ],
            [
              -118.715523,
              34.075516
            ],
            [
              -118.715518,
              34.075521
            ],
            [
              -118.715513,
              34.075521
            ],
            [
              -118.715508,
              34.075526
            ],
            [
              -118.715513,
              34.075531000000005
            ],
            [
              -118.715513,
              34.075536
            ],
            [
              -118.715518,
              34.075541
            ],
            [
              -118.715518,
              34.075546
            ],
            [
              -118.715523,
              34.075551000000004
            ],
            [
              -118.715523,
              34.075556000000006
            ],
            [
              -118.71553300000001,
              34.075566
            ],
            [
              -118.71553300000001,
              34.075571000000004
            ],
            [
              -118.71553800000001,
              34.075576000000005
            ],
            [
              -118.71553800000001,
              34.075581
            ],
            [
              -118.71554300000001,
              34.075586
            ],
            [
              -118.71554300000001,
              34.075591
            ],
            [
              -118.71554800000001,
              34.075596000000004
            ],
            [
              -118.71554800000001,
              34.075601000000006
            ],
            [
              -118.715558,
              34.075611
            ],
            [
              -118.715558,
              34.075616000000004
            ],
            [
              -118.715563,
              34.075621000000005
            ],
            [
              -118.715563,
              34.075626
            ],
            [
              -118.715568,
              34.075631
            ],
            [
              -118.715568,
              34.075636
            ],
            [
              -118.71557800000001,
              34.075646
            ],
            [
              -118.71557800000001,
              34.075651
            ],
            [
              -118.71558300000001,
              34.075656
            ],
            [
              -118.71558300000001,
              34.075661000000004
            ],
            [
              -118.71558800000001,
              34.075666000000005
            ],
            [
              -118.71558800000001,
              34.075671
            ],
            [
              -118.71559300000001,
              34.075676
            ],
            [
              -118.71559300000001,
              34.075681
            ],
            [
              -118.715603,
              34.075691
            ],
            [
              -118.715603,
              34.075696
            ],
            [
              -118.715608,
              34.075701
            ],
            [
              -118.715608,
              34.075706000000004
            ],
            [
              -118.715613,
              34.075711000000005
            ],
            [
              -118.715613,
              34.075716
            ],
            [
              -118.71562300000001,
              34.075726
            ],
            [
              -118.71562300000001,
              34.075731000000005
            ],
            [
              -118.71562800000001,
              34.075736
            ],
            [
              -118.71562800000001,
              34.075741
            ],
            [
              -118.71563300000001,
              34.075746
            ],
            [
              -118.71563300000001,
              34.075751000000004
            ],
            [
              -118.71563800000001,
              34.075756000000005
            ],
            [
              -118.71563800000001,
              34.075761
            ],
            [
              -118.715643,
              34.075766
            ]
          ]
        ]
      },
      "properties": {
        "building_id": 221,
        "scenario_id": 1,
        "damage_class": "no-damage",
        "confidence": 0.3266,
        "probabilities": {
          "no-damage": 0.3266,
          "minor-damage": 0.2955,
          "major-damage": 0.2819,
          "destroyed": 0.096
        },
        "gt_damage_class": "destroyed",
        "source": "AI Prediction (Siamese ResNet18)",
        "is_prediction": true
      }
    },
    {
      "type": "Feature",
      "geometry": {
        "type": "Polygon",
        "coordinates": [
          [
            [
              -118.726691,
              34.063813
            ],
            [
              -118.726696,
              34.063808
            ],
            [
              -118.726726,
              34.063808
            ],
            [
              -118.726726,
              34.063763
            ],
            [
              -118.726716,
              34.063763
            ],
            [
              -118.72670600000001,
              34.063753
            ],
            [
              -118.72670600000001,
              34.063743
            ],
            [
              -118.726671,
              34.063743
            ],
            [
              -118.726671,
              34.063763
            ],
            [
              -118.72666600000001,
              34.063768
            ],
            [
              -118.726651,
              34.063768
            ],
            [
              -118.726651,
              34.063813
            ],
            [
              -118.726691,
              34.063813
            ]
          ]
        ]
      },
      "properties": {
        "building_id": 222,
        "scenario_id": 1,
        "damage_class": "no-damage",
        "confidence": 0.4917,
        "probabilities": {
          "no-damage": 0.4917,
          "minor-damage": 0.4505,
          "major-damage": 0.0371,
          "destroyed": 0.0206
        },
        "gt_damage_class": "no-damage",
        "source": "AI Prediction (Siamese ResNet18)",
        "is_prediction": true
      }
    },
    {
      "type": "Feature",
      "geometry": {
        "type": "Polygon",
        "coordinates": [
          [
            [
              -118.726501,
              34.063828
            ],
            [
              -118.726501,
              34.063818
            ],
            [
              -118.726506,
              34.063813
            ],
            [
              -118.726506,
              34.063788
            ],
            [
              -118.726511,
              34.063783
            ],
            [
              -118.726511,
              34.063768
            ],
            [
              -118.726501,
              34.063768
            ],
            [
              -118.726491,
              34.063758
            ],
            [
              -118.726496,
              34.063753
            ],
            [
              -118.726496,
              34.063743
            ],
            [
              -118.726476,
              34.063743
            ],
            [
              -118.726471,
              34.063738
            ],
            [
              -118.726456,
              34.063738
            ],
            [
              -118.726456,
              34.063748
            ],
            [
              -118.726451,
              34.063753
            ],
            [
              -118.726431,
              34.063753
            ],
            [
              -118.726431,
              34.063768
            ],
            [
              -118.726426,
              34.063773
            ],
            [
              -118.726426,
              34.063798
            ],
            [
              -118.726421,
              34.063803
            ],
            [
              -118.726421,
              34.063818
            ],
            [
              -118.726436,
              34.063818
            ],
            [
              -118.72644100000001,
              34.063823
            ],
            [
              -118.726476,
              34.063823
            ],
            [
              -118.726481,
              34.063828
            ],
            [
              -118.726501,
              34.063828
            ]
          ]
        ]
      },
      "properties": {
        "building_id": 223,
        "scenario_id": 1,
        "damage_class": "no-damage",
        "confidence": 0.7976,
        "probabilities": {
          "no-damage": 0.7976,
          "minor-damage": 0.0713,
          "major-damage": 0.0855,
          "destroyed": 0.0456
        },
        "gt_damage_class": "no-damage",
        "source": "AI Prediction (Siamese ResNet18)",
        "is_prediction": true
      }
    },
    {
      "type": "Feature",
      "geometry": {
        "type": "Polygon",
        "coordinates": [
          [
            [
              -118.726206,
              34.064178
            ],
            [
              -118.726211,
              34.064173
            ],
            [
              -118.72621600000001,
              34.064173
            ],
            [
              -118.726221,
              34.064168
            ],
            [
              -118.726221,
              34.064158
            ],
            [
              -118.72621600000001,
              34.064153
            ],
            [
              -118.726211,
              34.064153
            ],
            [
              -118.726206,
              34.064148
            ],
            [
              -118.726196,
              34.064148
            ],
            [
              -118.726191,
              34.064153
            ],
            [
              -118.726191,
              34.064158
            ],
            [
              -118.726186,
              34.064163
            ],
            [
              -118.726186,
              34.064168
            ],
            [
              -118.726191,
              34.064173
            ],
            [
              -118.726191,
              34.064178
            ],
            [
              -118.726206,
              34.064178
            ]
          ]
        ]
      },
      "properties": {
        "building_id": 224,
        "scenario_id": 1,
        "damage_class": "no-damage",
        "confidence": 0.3935,
        "probabilities": {
          "no-damage": 0.3935,
          "minor-damage": 0.2261,
          "major-damage": 0.2039,
          "destroyed": 0.1765
        },
        "gt_damage_class": "no-damage",
        "source": "AI Prediction (Siamese ResNet18)",
        "is_prediction": true
      }
    },
    {
      "type": "Feature",
      "geometry": {
        "type": "Polygon",
        "coordinates": [
          [
            [
              -118.72832100000001,
              34.067608
            ],
            [
              -118.728311,
              34.067598
            ],
            [
              -118.728306,
              34.067598
            ],
            [
              -118.728301,
              34.067593
            ],
            [
              -118.728306,
              34.067588
            ],
            [
              -118.728316,
              34.067588
            ],
            [
              -118.72832100000001,
              34.067583
            ],
            [
              -118.728331,
              34.067583
            ],
            [
              -118.728341,
              34.067573
            ],
            [
              -118.728346,
              34.067573
            ],
            [
              -118.728356,
              34.067563
            ],
            [
              -118.728356,
              34.067553
            ],
            [
              -118.728361,
              34.067548
            ],
            [
              -118.728361,
              34.067518
            ],
            [
              -118.728351,
              34.067508
            ],
            [
              -118.728351,
              34.067498
            ],
            [
              -118.728356,
              34.067493
            ],
            [
              -118.728376,
              34.067493
            ],
            [
              -118.728376,
              34.067483
            ],
            [
              -118.728381,
              34.067478
            ],
            [
              -118.728386,
              34.067478
            ],
            [
              -118.728391,
              34.067473
            ],
            [
              -118.728401,
              34.067473
            ],
            [
              -118.728401,
              34.067443
            ],
            [
              -118.728396,
              34.067438
            ],
            [
              -118.728396,
              34.067417999999996
            ],
            [
              -118.728401,
              34.067413
            ],
            [
              -118.728436,
              34.067413
            ],
            [
              -118.728441,
              34.067408
            ],
            [
              -118.728481,
              34.067408
            ],
            [
              -118.728481,
              34.067372999999996
            ],
            [
              -118.728476,
              34.067368
            ],
            [
              -118.728476,
              34.067333
            ],
            [
              -118.728446,
              34.067333
            ],
            [
              -118.728441,
              34.067338
            ],
            [
              -118.728386,
              34.067338
            ],
            [
              -118.728381,
              34.067343
            ],
            [
              -118.728361,
              34.067343
            ],
            [
              -118.728356,
              34.067338
            ],
            [
              -118.728356,
              34.067313
            ],
            [
              -118.728341,
              34.067313
            ],
            [
              -118.728336,
              34.067318
            ],
            [
              -118.728306,
              34.067318
            ],
            [
              -118.728301,
              34.067323
            ],
            [
              -118.728271,
              34.067323
            ],
            [
              -118.728266,
              34.067328
            ],
            [
              -118.728251,
              34.067328
            ],
            [
              -118.728251,
              34.067353
            ],
            [
              -118.728256,
              34.067358
            ],
            [
              -118.728256,
              34.067413
            ],
            [
              -118.728261,
              34.067417999999996
            ],
            [
              -118.728261,
              34.067473
            ],
            [
              -118.728266,
              34.067478
            ],
            [
              -118.728266,
              34.067503
            ],
            [
              -118.728261,
              34.067508
            ],
            [
              -118.728261,
              34.067513
            ],
            [
              -118.728256,
              34.067518
            ],
            [
              -118.728256,
              34.067523
            ],
            [
              -118.728241,
              34.067538
            ],
            [
              -118.728236,
              34.067538
            ],
            [
              -118.728221,
              34.067553
            ],
            [
              -118.728216,
              34.067553
            ],
            [
              -118.728201,
              34.067568
            ],
            [
              -118.728196,
              34.067568
            ],
            [
              -118.728181,
              34.067583
            ],
            [
              -118.728176,
              34.067583
            ],
            [
              -118.728161,
              34.067598
            ],
            [
              -118.728156,
              34.067598
            ],
            [
              -118.728146,
              34.067608
            ],
            [
              -118.72832100000001,
              34.067608
            ]
          ]
        ]
      },
      "properties": {
        "building_id": 225,
        "scenario_id": 1,
        "damage_class": "no-damage",
        "confidence": 0.393,
        "probabilities": {
          "no-damage": 0.393,
          "minor-damage": 0.3322,
          "major-damage": 0.1558,
          "destroyed": 0.119
        },
        "gt_damage_class": "no-damage",
        "source": "AI Prediction (Siamese ResNet18)",
        "is_prediction": true
      }
    },
    {
      "type": "Feature",
      "geometry": {
        "type": "Polygon",
        "coordinates": [
          [
            [
              -118.726186,
              34.063843
            ],
            [
              -118.726186,
              34.063798
            ],
            [
              -118.726191,
              34.063793
            ],
            [
              -118.726191,
              34.063748
            ],
            [
              -118.726101,
              34.063748
            ],
            [
              -118.726096,
              34.063743
            ],
            [
              -118.726006,
              34.063743
            ],
            [
              -118.726006,
              34.063788
            ],
            [
              -118.726001,
              34.063793
            ],
            [
              -118.726001,
              34.063833
            ],
            [
              -118.726046,
              34.063833
            ],
            [
              -118.726051,
              34.063838
            ],
            [
              -118.726136,
              34.063838
            ],
            [
              -118.726141,
              34.063843
            ],
            [
              -118.726186,
              34.063843
            ]
          ]
        ]
      },
      "properties": {
        "building_id": 226,
        "scenario_id": 1,
        "damage_class": "major-damage",
        "confidence": 0.5438,
        "probabilities": {
          "no-damage": 0.0876,
          "minor-damage": 0.0587,
          "major-damage": 0.5438,
          "destroyed": 0.3099
        },
        "gt_damage_class": "destroyed",
        "source": "AI Prediction (Siamese ResNet18)",
        "is_prediction": true
      }
    },
    {
      "type": "Feature",
      "geometry": {
        "type": "Polygon",
        "coordinates": [
          [
            [
              -118.72962100000001,
              34.066778
            ],
            [
              -118.729631,
              34.066768
            ],
            [
              -118.729631,
              34.066763
            ],
            [
              -118.729656,
              34.066738
            ],
            [
              -118.729656,
              34.066733
            ],
            [
              -118.729681,
              34.066708
            ],
            [
              -118.729681,
              34.066703
            ],
            [
              -118.729691,
              34.066693
            ],
            [
              -118.729681,
              34.066683
            ],
            [
              -118.729676,
              34.066683
            ],
            [
              -118.72966100000001,
              34.066668
            ],
            [
              -118.729656,
              34.066668
            ],
            [
              -118.729646,
              34.066658
            ],
            [
              -118.729636,
              34.066668
            ],
            [
              -118.729636,
              34.066673
            ],
            [
              -118.72962100000001,
              34.066688
            ],
            [
              -118.72962100000001,
              34.066693
            ],
            [
              -118.729601,
              34.066713
            ],
            [
              -118.729601,
              34.066718
            ],
            [
              -118.729586,
              34.066733
            ],
            [
              -118.729586,
              34.066738
            ],
            [
              -118.72957600000001,
              34.066748
            ],
            [
              -118.729581,
              34.066753
            ],
            [
              -118.729586,
              34.066753
            ],
            [
              -118.729596,
              34.066763
            ],
            [
              -118.729601,
              34.066763
            ],
            [
              -118.729611,
              34.066773
            ],
            [
              -118.72961600000001,
              34.066773
            ],
            [
              -118.72962100000001,
              34.066778
            ]
          ]
        ]
      },
      "properties": {
        "building_id": 227,
        "scenario_id": 1,
        "damage_class": "no-damage",
        "confidence": 0.8655,
        "probabilities": {
          "no-damage": 0.8655,
          "minor-damage": 0.0746,
          "major-damage": 0.0346,
          "destroyed": 0.0254
        },
        "gt_damage_class": "destroyed",
        "source": "AI Prediction (Siamese ResNet18)",
        "is_prediction": true
      }
    },
    {
      "type": "Feature",
      "geometry": {
        "type": "Polygon",
        "coordinates": [
          [
            [
              -118.72314200000001,
              34.07719
            ],
            [
              -118.723147,
              34.077185
            ],
            [
              -118.723177,
              34.077185
            ],
            [
              -118.723177,
              34.0771
            ],
            [
              -118.723102,
              34.0771
            ],
            [
              -118.723102,
              34.07712
            ],
            [
              -118.72309700000001,
              34.077125
            ],
            [
              -118.72309700000001,
              34.077145
            ],
            [
              -118.723102,
              34.07715
            ],
            [
              -118.723102,
              34.077155
            ],
            [
              -118.723107,
              34.07716
            ],
            [
              -118.723107,
              34.07717
            ],
            [
              -118.723112,
              34.077175
            ],
            [
              -118.723112,
              34.07718
            ],
            [
              -118.723117,
              34.077185
            ],
            [
              -118.723117,
              34.07719
            ],
            [
              -118.72314200000001,
              34.07719
            ]
          ]
        ]
      },
      "properties": {
        "building_id": 228,
        "scenario_id": 1,
        "damage_class": "no-damage",
        "confidence": 0.8966,
        "probabilities": {
          "no-damage": 0.8966,
          "minor-damage": 0.0349,
          "major-damage": 0.0345,
          "destroyed": 0.034
        },
        "gt_damage_class": "no-damage",
        "source": "AI Prediction (Siamese ResNet18)",
        "is_prediction": true
      }
    },
    {
      "type": "Feature",
      "geometry": {
        "type": "Polygon",
        "coordinates": [
          [
            [
              -118.721377,
              34.077305
            ],
            [
              -118.721377,
              34.07725
            ],
            [
              -118.721382,
              34.077245
            ],
            [
              -118.721382,
              34.07719
            ],
            [
              -118.72134700000001,
              34.07719
            ],
            [
              -118.721342,
              34.077185
            ],
            [
              -118.721312,
              34.077185
            ],
            [
              -118.721312,
              34.07724
            ],
            [
              -118.721317,
              34.077245
            ],
            [
              -118.721317,
              34.077305
            ],
            [
              -118.721377,
              34.077305
            ]
          ]
        ]
      },
      "properties": {
        "building_id": 229,
        "scenario_id": 1,
        "damage_class": "no-damage",
        "confidence": 0.8506,
        "probabilities": {
          "no-damage": 0.8506,
          "minor-damage": 0.0578,
          "major-damage": 0.0582,
          "destroyed": 0.0335
        },
        "gt_damage_class": "no-damage",
        "source": "AI Prediction (Siamese ResNet18)",
        "is_prediction": true
      }
    },
    {
      "type": "Feature",
      "geometry": {
        "type": "Polygon",
        "coordinates": [
          [
            [
              -118.724632,
              34.077345
            ],
            [
              -118.724637,
              34.07734
            ],
            [
              -118.724642,
              34.07734
            ],
            [
              -118.724647,
              34.077335
            ],
            [
              -118.72465700000001,
              34.077335
            ],
            [
              -118.72466200000001,
              34.07733
            ],
            [
              -118.72466700000001,
              34.07733
            ],
            [
              -118.724672,
              34.077325
            ],
            [
              -118.724682,
              34.077325
            ],
            [
              -118.724687,
              34.07732
            ],
            [
              -118.724692,
              34.07732
            ],
            [
              -118.724697,
              34.077315
            ],
            [
              -118.72470700000001,
              34.077315
            ],
            [
              -118.72471200000001,
              34.07731
            ],
            [
              -118.724722,
              34.07731
            ],
            [
              -118.724727,
              34.077305
            ],
            [
              -118.724732,
              34.077305
            ],
            [
              -118.724737,
              34.0773
            ],
            [
              -118.72474700000001,
              34.0773
            ],
            [
              -118.72475200000001,
              34.077295
            ],
            [
              -118.72475700000001,
              34.077295
            ],
            [
              -118.724762,
              34.07729
            ],
            [
              -118.724772,
              34.07729
            ],
            [
              -118.724777,
              34.077285
            ],
            [
              -118.724782,
              34.077285
            ],
            [
              -118.724787,
              34.07728
            ],
            [
              -118.72479700000001,
              34.07728
            ],
            [
              -118.724802,
              34.077275
            ],
            [
              -118.724807,
              34.077275
            ],
            [
              -118.724812,
              34.07727
            ],
            [
              -118.724822,
              34.07727
            ],
            [
              -118.724827,
              34.077265
            ],
            [
              -118.724832,
              34.077265
            ],
            [
              -118.72483700000001,
              34.07726
            ],
            [
              -118.724847,
              34.07726
            ],
            [
              -118.724852,
              34.077255
            ],
            [
              -118.724862,
              34.077255
            ],
            [
              -118.724867,
              34.07725
            ],
            [
              -118.724872,
              34.07725
            ],
            [
              -118.724877,
              34.077245
            ],
            [
              -118.72488700000001,
              34.077245
            ],
            [
              -118.724892,
              34.07724
            ],
            [
              -118.724897,
              34.07724
            ],
            [
              -118.724902,
              34.077235
            ],
            [
              -118.724912,
              34.077235
            ],
            [
              -118.724917,
              34.07723
            ],
            [
              -118.724922,
              34.07723
            ],
            [
              -118.72492700000001,
              34.077225
            ],
            [
              -118.72493200000001,
              34.077225
            ],
            [
              -118.72493200000001,
              34.07722
            ],
            [
              -118.72492700000001,
              34.077215
            ],
            [
              -118.72492700000001,
              34.0772
            ],
            [
              -118.724922,
              34.077195
            ],
            [
              -118.724922,
              34.07718
            ],
            [
              -118.724917,
              34.077175
            ],
            [
              -118.72492700000001,
              34.077165
            ],
            [
              -118.72493200000001,
              34.077165
            ],
            [
              -118.724937,
              34.07716
            ],
            [
              -118.724947,
              34.07716
            ],
            [
              -118.724952,
              34.077155
            ],
            [
              -118.724957,
              34.077155
            ],
            [
              -118.724962,
              34.07715
            ],
            [
              -118.724967,
              34.07715
            ],
            [
              -118.724967,
              34.077145
            ],
            [
              -118.724962,
              34.07714
            ],
            [
              -118.724962,
              34.07713
            ],
            [
              -118.724957,
              34.077125
            ],
            [
              -118.724957,
              34.07711
            ],
            [
              -118.724952,
              34.077105
            ],
            [
              -118.724952,
              34.077095
            ],
            [
              -118.724947,
              34.07709
            ],
            [
              -118.724947,
              34.077085
            ],
            [
              -118.724862,
              34.077085
            ],
            [
              -118.724862,
              34.077095
            ],
            [
              -118.724867,
              34.0771
            ],
            [
              -118.724867,
              34.077105
            ],
            [
              -118.724857,
              34.077115
            ],
            [
              -118.724847,
              34.077115
            ],
            [
              -118.72484200000001,
              34.07712
            ],
            [
              -118.72483700000001,
              34.07712
            ],
            [
              -118.724832,
              34.077125
            ],
            [
              -118.724822,
              34.077125
            ],
            [
              -118.724817,
              34.07713
            ],
            [
              -118.724807,
              34.07713
            ],
            [
              -118.724802,
              34.077135
            ],
            [
              -118.72479200000001,
              34.077135
            ],
            [
              -118.724787,
              34.07714
            ],
            [
              -118.724782,
              34.07714
            ],
            [
              -118.724777,
              34.077145
            ],
            [
              -118.724767,
              34.077145
            ],
            [
              -118.724762,
              34.07715
            ],
            [
              -118.72475200000001,
              34.07715
            ],
            [
              -118.72474700000001,
              34.077155
            ],
            [
              -118.724742,
              34.077155
            ],
            [
              -118.724737,
              34.07716
            ],
            [
              -118.724727,
              34.07716
            ],
            [
              -118.724722,
              34.077165
            ],
            [
              -118.72471200000001,
              34.077165
            ],
            [
              -118.72470700000001,
              34.07717
            ],
            [
              -118.724697,
              34.07717
            ],
            [
              -118.724692,
              34.077175
            ],
            [
              -118.724687,
              34.077175
            ],
            [
              -118.724682,
              34.07718
            ],
            [
              -118.724672,
              34.07718
            ],
            [
              -118.72466700000001,
              34.077185
            ],
            [
              -118.72465700000001,
              34.077185
            ],
            [
              -118.724652,
              34.07719
            ],
            [
              -118.724647,
              34.07719
            ],
            [
              -118.724642,
              34.077195
            ],
            [
              -118.724632,
              34.077195
            ],
            [
              -118.724627,
              34.0772
            ],
            [
              -118.72461700000001,
              34.0772
            ],
            [
              -118.72461200000001,
              34.077205
            ],
            [
              -118.724607,
              34.077205
            ],
            [
              -118.724602,
              34.07721
            ],
            [
              -118.724592,
              34.07721
            ],
            [
              -118.724587,
              34.077215
            ],
            [
              -118.724582,
              34.077215
            ],
            [
              -118.724582,
              34.07722
            ],
            [
              -118.724587,
              34.077225
            ],
            [
              -118.724587,
              34.077235
            ],
            [
              -118.724592,
              34.07724
            ],
            [
              -118.724592,
              34.07725
            ],
            [
              -118.724597,
              34.077255
            ],
            [
              -118.724597,
              34.077265
            ],
            [
              -118.724602,
              34.07727
            ],
            [
              -118.724602,
              34.077275
            ],
            [
              -118.724607,
              34.07728
            ],
            [
              -118.724607,
              34.07729
            ],
            [
              -118.72461200000001,
              34.077295
            ],
            [
              -118.72461200000001,
              34.077305
            ],
            [
              -118.72461700000001,
              34.07731
            ],
            [
              -118.72461700000001,
              34.07732
            ],
            [
              -118.72462200000001,
              34.077325
            ],
            [
              -118.72462200000001,
              34.077335
            ],
            [
              -118.724627,
              34.07734
            ],
            [
              -118.724627,
              34.077345
            ],
            [
              -118.724632,
              34.077345
            ]
          ]
        ]
      },
      "properties": {
        "building_id": 230,
        "scenario_id": 1,
        "damage_class": "minor-damage",
        "confidence": 0.5039,
        "probabilities": {
          "no-damage": 0.3407,
          "minor-damage": 0.5039,
          "major-damage": 0.1065,
          "destroyed": 0.0488
        },
        "gt_damage_class": "no-damage",
        "source": "AI Prediction (Siamese ResNet18)",
        "is_prediction": true
      }
    },
    {
      "type": "Feature",
      "geometry": {
        "type": "Polygon",
        "coordinates": [
          [
            [
              -118.724687,
              34.077895
            ],
            [
              -118.724692,
              34.077890000000004
            ],
            [
              -118.72474700000001,
              34.077890000000004
            ],
            [
              -118.72474700000001,
              34.07773
            ],
            [
              -118.724637,
              34.07773
            ],
            [
              -118.724637,
              34.077895
            ],
            [
              -118.724687,
              34.077895
            ]
          ]
        ]
      },
      "properties": {
        "building_id": 231,
        "scenario_id": 1,
        "damage_class": "no-damage",
        "confidence": 0.895,
        "probabilities": {
          "no-damage": 0.895,
          "minor-damage": 0.0216,
          "major-damage": 0.0379,
          "destroyed": 0.0455
        },
        "gt_damage_class": "no-damage",
        "source": "AI Prediction (Siamese ResNet18)",
        "is_prediction": true
      }
    },
    {
      "type": "Feature",
      "geometry": {
        "type": "Polygon",
        "coordinates": [
          [
            [
              -118.723597,
              34.07797
            ],
            [
              -118.723602,
              34.077965
            ],
            [
              -118.723617,
              34.077965
            ],
            [
              -118.723622,
              34.07796
            ],
            [
              -118.72363700000001,
              34.07796
            ],
            [
              -118.723642,
              34.077955
            ],
            [
              -118.723657,
              34.077955
            ],
            [
              -118.723662,
              34.07795
            ],
            [
              -118.723667,
              34.07795
            ],
            [
              -118.723667,
              34.077925
            ],
            [
              -118.723662,
              34.07792
            ],
            [
              -118.723662,
              34.0779
            ],
            [
              -118.723652,
              34.0779
            ],
            [
              -118.723647,
              34.077905
            ],
            [
              -118.723622,
              34.077905
            ],
            [
              -118.723617,
              34.07791
            ],
            [
              -118.723597,
              34.07791
            ],
            [
              -118.72359200000001,
              34.077915
            ],
            [
              -118.72358200000001,
              34.077915
            ],
            [
              -118.72358200000001,
              34.077925
            ],
            [
              -118.72358700000001,
              34.07793
            ],
            [
              -118.72358700000001,
              34.077955
            ],
            [
              -118.72359200000001,
              34.07796
            ],
            [
              -118.72359200000001,
              34.07797
            ],
            [
              -118.723597,
              34.07797
            ]
          ]
        ]
      },
      "properties": {
        "building_id": 232,
        "scenario_id": 1,
        "damage_class": "no-damage",
        "confidence": 0.7554,
        "probabilities": {
          "no-damage": 0.7554,
          "minor-damage": 0.0734,
          "major-damage": 0.0423,
          "destroyed": 0.1289
        },
        "gt_damage_class": "no-damage",
        "source": "AI Prediction (Siamese ResNet18)",
        "is_prediction": true
      }
    },
    {
      "type": "Feature",
      "geometry": {
        "type": "Polygon",
        "coordinates": [
          [
            [
              -118.723442,
              34.077995
            ],
            [
              -118.72344700000001,
              34.07799
            ],
            [
              -118.723462,
              34.07799
            ],
            [
              -118.723467,
              34.077985
            ],
            [
              -118.723487,
              34.077985
            ],
            [
              -118.72349200000001,
              34.077980000000004
            ],
            [
              -118.72350200000001,
              34.077980000000004
            ],
            [
              -118.72350200000001,
              34.07797
            ],
            [
              -118.72349700000001,
              34.077965
            ],
            [
              -118.72349700000001,
              34.077945
            ],
            [
              -118.72349200000001,
              34.07794
            ],
            [
              -118.72349200000001,
              34.07793
            ],
            [
              -118.723482,
              34.07793
            ],
            [
              -118.723477,
              34.077935000000004
            ],
            [
              -118.723462,
              34.077935000000004
            ],
            [
              -118.72345700000001,
              34.07794
            ],
            [
              -118.723442,
              34.07794
            ],
            [
              -118.723437,
              34.077945
            ],
            [
              -118.723427,
              34.077945
            ],
            [
              -118.723427,
              34.077965
            ],
            [
              -118.723432,
              34.07797
            ],
            [
              -118.723432,
              34.077995
            ],
            [
              -118.723442,
              34.077995
            ]
          ]
        ]
      },
      "properties": {
        "building_id": 233,
        "scenario_id": 1,
        "damage_class": "no-damage",
        "confidence": 0.8321,
        "probabilities": {
          "no-damage": 0.8321,
          "minor-damage": 0.021,
          "major-damage": 0.0658,
          "destroyed": 0.081
        },
        "gt_damage_class": "no-damage",
        "source": "AI Prediction (Siamese ResNet18)",
        "is_prediction": true
      }
    },
    {
      "type": "Feature",
      "geometry": {
        "type": "Polygon",
        "coordinates": [
          [
            [
              -118.723287,
              34.078025000000004
            ],
            [
              -118.723292,
              34.07802
            ],
            [
              -118.723307,
              34.07802
            ],
            [
              -118.723312,
              34.078015
            ],
            [
              -118.723332,
              34.078015
            ],
            [
              -118.723337,
              34.07801
            ],
            [
              -118.723347,
              34.07801
            ],
            [
              -118.723347,
              34.078005
            ],
            [
              -118.723342,
              34.078
            ],
            [
              -118.723342,
              34.07799
            ],
            [
              -118.723337,
              34.077985
            ],
            [
              -118.723337,
              34.077975
            ],
            [
              -118.723332,
              34.07797
            ],
            [
              -118.723332,
              34.077965
            ],
            [
              -118.72331700000001,
              34.077965
            ],
            [
              -118.723312,
              34.07797
            ],
            [
              -118.723287,
              34.07797
            ],
            [
              -118.723282,
              34.077975
            ],
            [
              -118.72327200000001,
              34.077975
            ],
            [
              -118.72327200000001,
              34.077995
            ],
            [
              -118.72327700000001,
              34.078
            ],
            [
              -118.72327700000001,
              34.078025000000004
            ],
            [
              -118.723287,
              34.078025000000004
            ]
          ]
        ]
      },
      "properties": {
        "building_id": 234,
        "scenario_id": 1,
        "damage_class": "no-damage",
        "confidence": 0.7785,
        "probabilities": {
          "no-damage": 0.7785,
          "minor-damage": 0.0298,
          "major-damage": 0.0544,
          "destroyed": 0.1373
        },
        "gt_damage_class": "no-damage",
        "source": "AI Prediction (Siamese ResNet18)",
        "is_prediction": true
      }
    },
    {
      "type": "Feature",
      "geometry": {
        "type": "Polygon",
        "coordinates": [
          [
            [
              -118.723202,
              34.07804
            ],
            [
              -118.723207,
              34.078035
            ],
            [
              -118.723222,
              34.078035
            ],
            [
              -118.72322700000001,
              34.07803
            ],
            [
              -118.723237,
              34.07803
            ],
            [
              -118.723242,
              34.078025000000004
            ],
            [
              -118.723257,
              34.078025000000004
            ],
            [
              -118.723262,
              34.07802
            ],
            [
              -118.723267,
              34.07802
            ],
            [
              -118.723267,
              34.078015
            ],
            [
              -118.723262,
              34.07801
            ],
            [
              -118.723262,
              34.078005
            ],
            [
              -118.723257,
              34.078
            ],
            [
              -118.723257,
              34.077995
            ],
            [
              -118.723252,
              34.07799
            ],
            [
              -118.723252,
              34.077985
            ],
            [
              -118.723237,
              34.077985
            ],
            [
              -118.72323200000001,
              34.07799
            ],
            [
              -118.723207,
              34.07799
            ],
            [
              -118.723202,
              34.077995
            ],
            [
              -118.72318700000001,
              34.077995
            ],
            [
              -118.72318700000001,
              34.078005
            ],
            [
              -118.723192,
              34.07801
            ],
            [
              -118.723192,
              34.078025000000004
            ],
            [
              -118.723197,
              34.07803
            ],
            [
              -118.723197,
              34.07804
            ],
            [
              -118.723202,
              34.07804
            ]
          ]
        ]
      },
      "properties": {
        "building_id": 235,
        "scenario_id": 1,
        "damage_class": "no-damage",
        "confidence": 0.6344,
        "probabilities": {
          "no-damage": 0.6344,
          "minor-damage": 0.0505,
          "major-damage": 0.1484,
          "destroyed": 0.1668
        },
        "gt_damage_class": "no-damage",
        "source": "AI Prediction (Siamese ResNet18)",
        "is_prediction": true
      }
    },
    {
      "type": "Feature",
      "geometry": {
        "type": "MultiPolygon",
        "coordinates": [
          [
            [
              [
                -118.721897,
                34.078135
              ],
              [
                -118.721892,
                34.078135
              ],
              [
                -118.721892,
                34.07813
              ],
              [
                -118.72188700000001,
                34.078125
              ],
              [
                -118.72188700000001,
                34.07812
              ],
              [
                -118.72188200000001,
                34.078115
              ],
              [
                -118.72188200000001,
                34.078105
              ],
              [
                -118.721877,
                34.0781
              ],
              [
                -118.721877,
                34.07809
              ],
              [
                -118.721872,
                34.078085
              ],
              [
                -118.721872,
                34.07808
              ],
              [
                -118.721867,
                34.078075
              ],
              [
                -118.721867,
                34.078065
              ],
              [
                -118.721862,
                34.07806
              ],
              [
                -118.721862,
                34.07805
              ],
              [
                -118.721857,
                34.078045
              ],
              [
                -118.721857,
                34.07804
              ],
              [
                -118.721852,
                34.078035
              ],
              [
                -118.721852,
                34.078025000000004
              ],
              [
                -118.72184700000001,
                34.07802
              ],
              [
                -118.72184700000001,
                34.078015
              ],
              [
                -118.72184200000001,
                34.07801
              ],
              [
                -118.72184200000001,
                34.078
              ],
              [
                -118.72183700000001,
                34.077995
              ],
              [
                -118.72183700000001,
                34.077985
              ],
              [
                -118.721832,
                34.077980000000004
              ],
              [
                -118.721832,
                34.077975
              ],
              [
                -118.721827,
                34.07797
              ],
              [
                -118.721827,
                34.077965
              ],
              [
                -118.721832,
                34.077965
              ],
              [
                -118.72183700000001,
                34.07796
              ],
              [
                -118.72184200000001,
                34.07796
              ],
              [
                -118.72184700000001,
                34.077955
              ],
              [
                -118.721852,
                34.077955
              ],
              [
                -118.721857,
                34.07795
              ],
              [
                -118.721862,
                34.07795
              ],
              [
                -118.721867,
                34.077945
              ],
              [
                -118.721872,
                34.077945
              ],
              [
                -118.721877,
                34.07794
              ],
              [
                -118.72188200000001,
                34.07794
              ],
              [
                -118.72188700000001,
                34.077935000000004
              ],
              [
                -118.721897,
                34.077935000000004
              ],
              [
                -118.721902,
                34.07793
              ],
              [
                -118.721907,
                34.07793
              ],
              [
                -118.721912,
                34.077925
              ],
              [
                -118.721917,
                34.077925
              ],
              [
                -118.721922,
                34.07792
              ],
              [
                -118.72192700000001,
                34.07792
              ],
              [
                -118.72193200000001,
                34.077915
              ],
              [
                -118.721937,
                34.077915
              ],
              [
                -118.721942,
                34.07791
              ],
              [
                -118.721947,
                34.07791
              ],
              [
                -118.721952,
                34.077905
              ],
              [
                -118.721962,
                34.077905
              ],
              [
                -118.721967,
                34.0779
              ],
              [
                -118.72197200000001,
                34.0779
              ],
              [
                -118.72197700000001,
                34.077895
              ],
              [
                -118.721982,
                34.077895
              ],
              [
                -118.721987,
                34.077890000000004
              ],
              [
                -118.721992,
                34.077890000000004
              ],
              [
                -118.721997,
                34.077885
              ],
              [
                -118.722002,
                34.077885
              ],
              [
                -118.722007,
                34.07788
              ],
              [
                -118.72201700000001,
                34.07788
              ],
              [
                -118.72202200000001,
                34.077875
              ],
              [
                -118.722027,
                34.077875
              ],
              [
                -118.722032,
                34.07787
              ],
              [
                -118.722037,
                34.07787
              ],
              [
                -118.722042,
                34.077865
              ],
              [
                -118.722047,
                34.077865
              ],
              [
                -118.722052,
                34.07786
              ],
              [
                -118.722057,
                34.07786
              ],
              [
                -118.72206200000001,
                34.077855
              ],
              [
                -118.72206700000001,
                34.077855
              ],
              [
                -118.722072,
                34.07785
              ],
              [
                -118.722077,
                34.07785
              ],
              [
                -118.722082,
                34.077855
              ],
              [
                -118.722087,
                34.07785
              ],
              [
                -118.722087,
                34.077845
              ],
              [
                -118.722082,
                34.07784
              ],
              [
                -118.722082,
                34.077835
              ],
              [
                -118.722077,
                34.07783
              ],
              [
                -118.722077,
                34.077825
              ],
              [
                -118.722082,
                34.07782
              ],
              [
                -118.722077,
                34.077815
              ],
              [
                -118.722057,
                34.077815
              ],
              [
                -118.722052,
                34.07781
              ],
              [
                -118.722037,
                34.07781
              ],
              [
                -118.722032,
                34.077815
              ],
              [
                -118.722032,
                34.07782
              ],
              [
                -118.722027,
                34.077825
              ],
              [
                -118.722027,
                34.077845
              ],
              [
                -118.72202200000001,
                34.07785
              ],
              [
                -118.72202200000001,
                34.07786
              ],
              [
                -118.722002,
                34.07786
              ],
              [
                -118.721997,
                34.077865
              ],
              [
                -118.721982,
                34.077865
              ],
              [
                -118.721982,
                34.07782
              ],
              [
                -118.72197700000001,
                34.077815
              ],
              [
                -118.721962,
                34.077815
              ],
              [
                -118.721957,
                34.07781
              ],
              [
                -118.721917,
                34.07781
              ],
              [
                -118.721912,
                34.077805
              ],
              [
                -118.721867,
                34.077805
              ],
              [
                -118.721862,
                34.0778
              ],
              [
                -118.721822,
                34.0778
              ],
              [
                -118.721817,
                34.077795
              ],
              [
                -118.721782,
                34.077795
              ],
              [
                -118.721782,
                34.07772
              ],
              [
                -118.721777,
                34.077715
              ],
              [
                -118.721777,
                34.077645
              ],
              [
                -118.72179700000001,
                34.077645
              ],
              [
                -118.72180200000001,
                34.07765
              ],
              [
                -118.72184700000001,
                34.07765
              ],
              [
                -118.721852,
                34.077655
              ],
              [
                -118.721897,
                34.077655
              ],
              [
                -118.721902,
                34.07766
              ],
              [
                -118.721947,
                34.07766
              ],
              [
                -118.721952,
                34.077665
              ],
              [
                -118.721997,
                34.077665
              ],
              [
                -118.722002,
                34.07767
              ],
              [
                -118.722047,
                34.07767
              ],
              [
                -118.722052,
                34.077675
              ],
              [
                -118.722082,
                34.077675
              ],
              [
                -118.722087,
                34.07768
              ],
              [
                -118.722102,
                34.07768
              ],
              [
                -118.72210700000001,
                34.077685
              ],
              [
                -118.722132,
                34.077685
              ],
              [
                -118.722137,
                34.07769
              ],
              [
                -118.722167,
                34.07769
              ],
              [
                -118.722172,
                34.077695
              ],
              [
                -118.72220200000001,
                34.077695
              ],
              [
                -118.722207,
                34.0777
              ],
              [
                -118.722237,
                34.0777
              ],
              [
                -118.72224200000001,
                34.077705
              ],
              [
                -118.722267,
                34.077705
              ],
              [
                -118.722272,
                34.07771
              ],
              [
                -118.722302,
                34.07771
              ],
              [
                -118.722307,
                34.077715
              ],
              [
                -118.72233700000001,
                34.077715
              ],
              [
                -118.722342,
                34.07772
              ],
              [
                -118.72237200000001,
                34.07772
              ],
              [
                -118.72237700000001,
                34.077725
              ],
              [
                -118.722407,
                34.077725
              ],
              [
                -118.722412,
                34.07773
              ],
              [
                -118.72242700000001,
                34.07773
              ],
              [
                -118.722432,
                34.077735
              ],
              [
                -118.722432,
                34.07774
              ],
              [
                -118.722447,
                34.077755
              ],
              [
                -118.722447,
                34.07776
              ],
              [
                -118.722452,
                34.077765
              ],
              [
                -118.722447,
                34.07777
              ],
              [
                -118.722442,
                34.07777
              ],
              [
                -118.722432,
                34.07778
              ],
              [
                -118.72242700000001,
                34.07778
              ],
              [
                -118.72241700000001,
                34.07779
              ],
              [
                -118.722412,
                34.07779
              ],
              [
                -118.722402,
                34.0778
              ],
              [
                -118.722397,
                34.0778
              ],
              [
                -118.722387,
                34.07781
              ],
              [
                -118.72238200000001,
                34.07781
              ],
              [
                -118.722367,
                34.077825
              ],
              [
                -118.722362,
                34.077825
              ],
              [
                -118.722352,
                34.077835
              ],
              [
                -118.722347,
                34.077835
              ],
              [
                -118.72233700000001,
                34.077845
              ],
              [
                -118.72233200000001,
                34.077845
              ],
              [
                -118.722322,
                34.077855
              ],
              [
                -118.722317,
                34.077855
              ],
              [
                -118.722307,
                34.077865
              ],
              [
                -118.722302,
                34.077865
              ],
              [
                -118.72229200000001,
                34.077875
              ],
              [
                -118.72228700000001,
                34.077875
              ],
              [
                -118.722277,
                34.077885
              ],
              [
                -118.722272,
                34.077885
              ],
              [
                -118.722262,
                34.077895
              ],
              [
                -118.722257,
                34.077895
              ],
              [
                -118.72224700000001,
                34.077905
              ],
              [
                -118.72224200000001,
                34.077905
              ],
              [
                -118.722227,
                34.07792
              ],
              [
                -118.722222,
                34.07792
              ],
              [
                -118.722212,
                34.07793
              ],
              [
                -118.722207,
                34.07793
              ],
              [
                -118.72219700000001,
                34.07794
              ],
              [
                -118.722192,
                34.07794
              ],
              [
                -118.722182,
                34.07795
              ],
              [
                -118.722177,
                34.07795
              ],
              [
                -118.722167,
                34.07796
              ],
              [
                -118.722162,
                34.07796
              ],
              [
                -118.72215700000001,
                34.077965
              ],
              [
                -118.72215200000001,
                34.07796
              ],
              [
                -118.72215200000001,
                34.077955
              ],
              [
                -118.722147,
                34.07795
              ],
              [
                -118.722147,
                34.077945
              ],
              [
                -118.722137,
                34.077935000000004
              ],
              [
                -118.722137,
                34.07793
              ],
              [
                -118.722132,
                34.077925
              ],
              [
                -118.722132,
                34.07792
              ],
              [
                -118.722122,
                34.07791
              ],
              [
                -118.722117,
                34.077915
              ],
              [
                -118.722117,
                34.07792
              ],
              [
                -118.722122,
                34.077925
              ],
              [
                -118.722122,
                34.07793
              ],
              [
                -118.722127,
                34.077935000000004
              ],
              [
                -118.722127,
                34.07794
              ],
              [
                -118.722132,
                34.077945
              ],
              [
                -118.722132,
                34.07795
              ],
              [
                -118.722137,
                34.077955
              ],
              [
                -118.722137,
                34.07796
              ],
              [
                -118.722132,
                34.077965
              ],
              [
                -118.722127,
                34.077965
              ],
              [
                -118.722122,
                34.07797
              ],
              [
                -118.722122,
                34.077980000000004
              ],
              [
                -118.722127,
                34.077985
              ],
              [
                -118.722127,
                34.07801
              ],
              [
                -118.722132,
                34.078015
              ],
              [
                -118.722132,
                34.078025000000004
              ],
              [
                -118.722127,
                34.078025000000004
              ],
              [
                -118.722122,
                34.07803
              ],
              [
                -118.722117,
                34.07803
              ],
              [
                -118.72211200000001,
                34.078035
              ],
              [
                -118.722102,
                34.078035
              ],
              [
                -118.722097,
                34.07804
              ],
              [
                -118.722092,
                34.07804
              ],
              [
                -118.722087,
                34.078045
              ],
              [
                -118.722082,
                34.078045
              ],
              [
                -118.722077,
                34.07805
              ],
              [
                -118.72206700000001,
                34.07805
              ],
              [
                -118.72206200000001,
                34.078055
              ],
              [
                -118.722057,
                34.078055
              ],
              [
                -118.722047,
                34.078065
              ],
              [
                -118.722047,
                34.07807
              ],
              [
                -118.722042,
                34.07807
              ],
              [
                -118.722037,
                34.078075
              ],
              [
                -118.722032,
                34.078075
              ],
              [
                -118.722027,
                34.07808
              ],
              [
                -118.72202200000001,
                34.07808
              ],
              [
                -118.72201700000001,
                34.078085
              ],
              [
                -118.722007,
                34.078085
              ],
              [
                -118.722002,
                34.07809
              ],
              [
                -118.721997,
                34.07809
              ],
              [
                -118.721992,
                34.078095
              ],
              [
                -118.721982,
                34.078095
              ],
              [
                -118.72197700000001,
                34.0781
              ],
              [
                -118.72197200000001,
                34.0781
              ],
              [
                -118.721967,
                34.078105
              ],
              [
                -118.721962,
                34.078105
              ],
              [
                -118.721957,
                34.07811
              ],
              [
                -118.721947,
                34.07811
              ],
              [
                -118.721942,
                34.078115
              ],
              [
                -118.721937,
                34.078115
              ],
              [
                -118.72193200000001,
                34.07812
              ],
              [
                -118.721922,
                34.07812
              ],
              [
                -118.721917,
                34.078125
              ],
              [
                -118.721912,
                34.078125
              ],
              [
                -118.721907,
                34.07813
              ],
              [
                -118.721902,
                34.07813
              ],
              [
                -118.721897,
                34.078135
              ]
            ]
          ],
          [
            [
              [
                -118.721777,
                34.0778
              ],
              [
                -118.721777,
                34.077815
              ],
              [
                -118.721772,
                34.07782
              ],
              [
                -118.721772,
                34.077825
              ],
              [
                -118.721767,
                34.077825
              ],
              [
                -118.721762,
                34.07783
              ],
              [
                -118.72175700000001,
                34.07783
              ],
              [
                -118.72175200000001,
                34.077835
              ],
              [
                -118.72174700000001,
                34.077835
              ],
              [
                -118.721742,
                34.07784
              ],
              [
                -118.721732,
                34.07784
              ],
              [
                -118.721727,
                34.077845
              ],
              [
                -118.721722,
                34.077845
              ],
              [
                -118.721717,
                34.07785
              ],
              [
                -118.72171200000001,
                34.07785
              ],
              [
                -118.72170700000001,
                34.077855
              ],
              [
                -118.72170200000001,
                34.077855
              ],
              [
                -118.721697,
                34.07785
              ],
              [
                -118.721697,
                34.077845
              ],
              [
                -118.721682,
                34.07783
              ],
              [
                -118.721682,
                34.077825
              ],
              [
                -118.721672,
                34.077815
              ],
              [
                -118.72166700000001,
                34.077815
              ],
              [
                -118.72166200000001,
                34.07782
              ],
              [
                -118.72165700000001,
                34.07782
              ],
              [
                -118.721652,
                34.077825
              ],
              [
                -118.721647,
                34.077825
              ],
              [
                -118.721642,
                34.07783
              ],
              [
                -118.721637,
                34.07783
              ],
              [
                -118.721632,
                34.077835
              ],
              [
                -118.721627,
                34.077835
              ],
              [
                -118.72162200000001,
                34.07784
              ],
              [
                -118.72161200000001,
                34.07784
              ],
              [
                -118.721607,
                34.077845
              ],
              [
                -118.721602,
                34.077845
              ],
              [
                -118.721597,
                34.07785
              ],
              [
                -118.721592,
                34.07785
              ],
              [
                -118.721587,
                34.077855
              ],
              [
                -118.721582,
                34.077855
              ],
              [
                -118.72157700000001,
                34.07786
              ],
              [
                -118.72157200000001,
                34.07786
              ],
              [
                -118.72156700000001,
                34.077865
              ],
              [
                -118.721562,
                34.077865
              ],
              [
                -118.721557,
                34.07787
              ],
              [
                -118.721547,
                34.07787
              ],
              [
                -118.721542,
                34.077875
              ],
              [
                -118.721537,
                34.077875
              ],
              [
                -118.72153200000001,
                34.07788
              ],
              [
                -118.72152700000001,
                34.07788
              ],
              [
                -118.72152200000001,
                34.077885
              ],
              [
                -118.721517,
                34.077885
              ],
              [
                -118.721512,
                34.077890000000004
              ],
              [
                -118.721507,
                34.077890000000004
              ],
              [
                -118.721502,
                34.077895
              ],
              [
                -118.721497,
                34.077895
              ],
              [
                -118.721497,
                34.077890000000004
              ],
              [
                -118.721492,
                34.077885
              ],
              [
                -118.721492,
                34.077875
              ],
              [
                -118.72148700000001,
                34.07787
              ],
              [
                -118.72148700000001,
                34.07786
              ],
              [
                -118.72148200000001,
                34.077855
              ],
              [
                -118.72148200000001,
                34.07785
              ],
              [
                -118.72147700000001,
                34.077845
              ],
              [
                -118.72147700000001,
                34.077835
              ],
              [
                -118.721472,
                34.07783
              ],
              [
                -118.721472,
                34.07782
              ],
              [
                -118.721467,
                34.077815
              ],
              [
                -118.721467,
                34.077805
              ],
              [
                -118.721462,
                34.0778
              ],
              [
                -118.721462,
                34.07779
              ],
              [
                -118.721457,
                34.077785
              ],
              [
                -118.721457,
                34.077775
              ],
              [
                -118.721452,
                34.07777
              ],
              [
                -118.721452,
                34.077765
              ],
              [
                -118.721447,
                34.07776
              ],
              [
                -118.721447,
                34.07775
              ],
              [
                -118.72144200000001,
                34.077745
              ],
              [
                -118.72144200000001,
                34.077735
              ],
              [
                -118.72143700000001,
                34.07773
              ],
              [
                -118.72143700000001,
                34.077725
              ],
              [
                -118.72144200000001,
                34.077725
              ],
              [
                -118.721447,
                34.07772
              ],
              [
                -118.721457,
                34.07772
              ],
              [
                -118.721462,
                34.077715
              ],
              [
                -118.721472,
                34.077715
              ],
              [
                -118.72147700000001,
                34.07771
              ],
              [
                -118.72148200000001,
                34.07771
              ],
              [
                -118.72148700000001,
                34.077705
              ],
              [
                -118.721497,
                34.077705
              ],
              [
                -118.721502,
                34.0777
              ],
              [
                -118.721512,
                34.0777
              ],
              [
                -118.721517,
                34.077695
              ],
              [
                -118.72152700000001,
                34.077695
              ],
              [
                -118.72153200000001,
                34.07769
              ],
              [
                -118.721542,
                34.07769
              ],
              [
                -118.721547,
                34.077685
              ],
              [
                -118.721557,
                34.077685
              ],
              [
                -118.721562,
                34.07768
              ],
              [
                -118.72156700000001,
                34.07768
              ],
              [
                -118.72157200000001,
                34.077675
              ],
              [
                -118.721582,
                34.077675
              ],
              [
                -118.721587,
                34.07767
              ],
              [
                -118.721597,
                34.07767
              ],
              [
                -118.721602,
                34.077665
              ],
              [
                -118.72161200000001,
                34.077665
              ],
              [
                -118.72161700000001,
                34.07766
              ],
              [
                -118.721627,
                34.07766
              ],
              [
                -118.721632,
                34.077655
              ],
              [
                -118.721642,
                34.077655
              ],
              [
                -118.721647,
                34.07765
              ],
              [
                -118.72165700000001,
                34.07765
              ],
              [
                -118.72166200000001,
                34.077645
              ],
              [
                -118.72166700000001,
                34.077645
              ],
              [
                -118.721672,
                34.07764
              ],
              [
                -118.721682,
                34.07764
              ],
              [
                -118.721687,
                34.077635
              ],
              [
                -118.721697,
                34.077635
              ],
              [
                -118.72170200000001,
                34.07763
              ],
              [
                -118.72170700000001,
                34.07763
              ],
              [
                -118.72170700000001,
                34.077635
              ],
              [
                -118.72171200000001,
                34.07764
              ],
              [
                -118.72171200000001,
                34.077645
              ],
              [
                -118.721717,
                34.07765
              ],
              [
                -118.721717,
                34.07766
              ],
              [
                -118.721722,
                34.077665
              ],
              [
                -118.721722,
                34.07767
              ],
              [
                -118.721727,
                34.077675
              ],
              [
                -118.721727,
                34.077685
              ],
              [
                -118.721732,
                34.07769
              ],
              [
                -118.721732,
                34.077695
              ],
              [
                -118.721737,
                34.0777
              ],
              [
                -118.721737,
                34.07771
              ],
              [
                -118.721742,
                34.077715
              ],
              [
                -118.721742,
                34.07772
              ],
              [
                -118.72174700000001,
                34.077725
              ],
              [
                -118.72174700000001,
                34.077735
              ],
              [
                -118.72175200000001,
                34.07774
              ],
              [
                -118.72175200000001,
                34.077745
              ],
              [
                -118.72175700000001,
                34.07775
              ],
              [
                -118.72175700000001,
                34.07776
              ],
              [
                -118.721762,
                34.077765
              ],
              [
                -118.721762,
                34.07777
              ],
              [
                -118.721767,
                34.077775
              ],
              [
                -118.721767,
                34.077785
              ],
              [
                -118.721772,
                34.07779
              ],
              [
                -118.721772,
                34.077795
              ],
              [
                -118.721777,
                34.0778
              ]
            ]
          ]
        ]
      },
      "properties": {
        "building_id": 236,
        "scenario_id": 1,
        "damage_class": "minor-damage",
        "confidence": 0.6053,
        "probabilities": {
          "no-damage": 0.0706,
          "minor-damage": 0.6053,
          "major-damage": 0.2973,
          "destroyed": 0.0268
        },
        "gt_damage_class": "no-damage",
        "source": "AI Prediction (Siamese ResNet18)",
        "is_prediction": true
      }
    },
    {
      "type": "Feature",
      "geometry": {
        "type": "Polygon",
        "coordinates": [
          [
            [
              -118.721472,
              34.078175
            ],
            [
              -118.72147700000001,
              34.07817
            ],
            [
              -118.721492,
              34.07817
            ],
            [
              -118.721497,
              34.078165
            ],
            [
              -118.721512,
              34.078165
            ],
            [
              -118.721517,
              34.07816
            ],
            [
              -118.72153200000001,
              34.07816
            ],
            [
              -118.721537,
              34.078155
            ],
            [
              -118.721552,
              34.078155
            ],
            [
              -118.721557,
              34.07815
            ],
            [
              -118.72156700000001,
              34.07815
            ],
            [
              -118.72156700000001,
              34.078145
            ],
            [
              -118.721562,
              34.07814
            ],
            [
              -118.721562,
              34.07813
            ],
            [
              -118.721557,
              34.078125
            ],
            [
              -118.721557,
              34.07811
            ],
            [
              -118.721552,
              34.078105
            ],
            [
              -118.721552,
              34.078095
            ],
            [
              -118.721547,
              34.07809
            ],
            [
              -118.721557,
              34.07808
            ],
            [
              -118.72157200000001,
              34.07808
            ],
            [
              -118.72157700000001,
              34.078075
            ],
            [
              -118.721592,
              34.078075
            ],
            [
              -118.721597,
              34.07807
            ],
            [
              -118.721607,
              34.07807
            ],
            [
              -118.72161200000001,
              34.078065
            ],
            [
              -118.721627,
              34.078065
            ],
            [
              -118.721632,
              34.07806
            ],
            [
              -118.721642,
              34.07806
            ],
            [
              -118.721647,
              34.078055
            ],
            [
              -118.72166200000001,
              34.078055
            ],
            [
              -118.72166700000001,
              34.07805
            ],
            [
              -118.721682,
              34.07805
            ],
            [
              -118.721687,
              34.078045
            ],
            [
              -118.721692,
              34.078045
            ],
            [
              -118.721692,
              34.07804
            ],
            [
              -118.721687,
              34.078035
            ],
            [
              -118.721687,
              34.078025000000004
            ],
            [
              -118.721682,
              34.07802
            ],
            [
              -118.721682,
              34.078005
            ],
            [
              -118.721677,
              34.078
            ],
            [
              -118.721677,
              34.07799
            ],
            [
              -118.721672,
              34.077985
            ],
            [
              -118.721672,
              34.077975
            ],
            [
              -118.72166700000001,
              34.07797
            ],
            [
              -118.72166700000001,
              34.07796
            ],
            [
              -118.72166200000001,
              34.077955
            ],
            [
              -118.72166200000001,
              34.07794
            ],
            [
              -118.72165700000001,
              34.077935000000004
            ],
            [
              -118.72165700000001,
              34.077925
            ],
            [
              -118.721652,
              34.07792
            ],
            [
              -118.721652,
              34.077915
            ],
            [
              -118.721647,
              34.077915
            ],
            [
              -118.721642,
              34.07792
            ],
            [
              -118.721627,
              34.07792
            ],
            [
              -118.72162200000001,
              34.077925
            ],
            [
              -118.721607,
              34.077925
            ],
            [
              -118.721602,
              34.07793
            ],
            [
              -118.721597,
              34.07793
            ],
            [
              -118.721597,
              34.077935000000004
            ],
            [
              -118.721592,
              34.07794
            ],
            [
              -118.721592,
              34.077945
            ],
            [
              -118.721587,
              34.07795
            ],
            [
              -118.721587,
              34.077955
            ],
            [
              -118.721582,
              34.07796
            ],
            [
              -118.72157700000001,
              34.07796
            ],
            [
              -118.72157200000001,
              34.077965
            ],
            [
              -118.721557,
              34.077965
            ],
            [
              -118.721552,
              34.07797
            ],
            [
              -118.721542,
              34.07797
            ],
            [
              -118.721537,
              34.077975
            ],
            [
              -118.72152200000001,
              34.077975
            ],
            [
              -118.721517,
              34.077980000000004
            ],
            [
              -118.721502,
              34.077980000000004
            ],
            [
              -118.721497,
              34.077985
            ],
            [
              -118.72148700000001,
              34.077985
            ],
            [
              -118.72148200000001,
              34.07799
            ],
            [
              -118.721467,
              34.07799
            ],
            [
              -118.721462,
              34.077995
            ],
            [
              -118.721452,
              34.077995
            ],
            [
              -118.721447,
              34.078
            ],
            [
              -118.72143200000001,
              34.078
            ],
            [
              -118.721427,
              34.078005
            ],
            [
              -118.721422,
              34.078005
            ],
            [
              -118.721422,
              34.07801
            ],
            [
              -118.721427,
              34.078015
            ],
            [
              -118.721427,
              34.07803
            ],
            [
              -118.72143200000001,
              34.078035
            ],
            [
              -118.72143200000001,
              34.07805
            ],
            [
              -118.72143700000001,
              34.078055
            ],
            [
              -118.72143700000001,
              34.07807
            ],
            [
              -118.72144200000001,
              34.078075
            ],
            [
              -118.72144200000001,
              34.078085
            ],
            [
              -118.721447,
              34.07809
            ],
            [
              -118.721447,
              34.078105
            ],
            [
              -118.721452,
              34.07811
            ],
            [
              -118.721452,
              34.078125
            ],
            [
              -118.721457,
              34.07813
            ],
            [
              -118.721457,
              34.078145
            ],
            [
              -118.721462,
              34.07815
            ],
            [
              -118.721462,
              34.078165
            ],
            [
              -118.721467,
              34.07817
            ],
            [
              -118.721467,
              34.078175
            ],
            [
              -118.721472,
              34.078175
            ]
          ]
        ]
      },
      "properties": {
        "building_id": 237,
        "scenario_id": 1,
        "damage_class": "major-damage",
        "confidence": 0.4815,
        "probabilities": {
          "no-damage": 0.1697,
          "minor-damage": 0.307,
          "major-damage": 0.4815,
          "destroyed": 0.0418
        },
        "gt_damage_class": "no-damage",
        "source": "AI Prediction (Siamese ResNet18)",
        "is_prediction": true
      }
    },
    {
      "type": "Feature",
      "geometry": {
        "type": "Polygon",
        "coordinates": [
          [
            [
              -118.723732,
              34.078195
            ],
            [
              -118.723737,
              34.07819
            ],
            [
              -118.72376700000001,
              34.07819
            ],
            [
              -118.72377200000001,
              34.078185
            ],
            [
              -118.723802,
              34.078185
            ],
            [
              -118.72380700000001,
              34.07818
            ],
            [
              -118.723837,
              34.07818
            ],
            [
              -118.723842,
              34.078175
            ],
            [
              -118.72385700000001,
              34.078175
            ],
            [
              -118.72385700000001,
              34.07815
            ],
            [
              -118.72385200000001,
              34.078145
            ],
            [
              -118.72385200000001,
              34.0781
            ],
            [
              -118.723847,
              34.078095
            ],
            [
              -118.723847,
              34.07807
            ],
            [
              -118.723827,
              34.07807
            ],
            [
              -118.723822,
              34.078075
            ],
            [
              -118.723777,
              34.078075
            ],
            [
              -118.72377200000001,
              34.07808
            ],
            [
              -118.723732,
              34.07808
            ],
            [
              -118.72372700000001,
              34.078085
            ],
            [
              -118.723707,
              34.078085
            ],
            [
              -118.723707,
              34.078095
            ],
            [
              -118.723712,
              34.0781
            ],
            [
              -118.723712,
              34.07812
            ],
            [
              -118.72371700000001,
              34.078125
            ],
            [
              -118.72371700000001,
              34.078195
            ],
            [
              -118.723732,
              34.078195
            ]
          ]
        ]
      },
      "properties": {
        "building_id": 238,
        "scenario_id": 1,
        "damage_class": "no-damage",
        "confidence": 0.4718,
        "probabilities": {
          "no-damage": 0.4718,
          "minor-damage": 0.0514,
          "major-damage": 0.3414,
          "destroyed": 0.1354
        },
        "gt_damage_class": "no-damage",
        "source": "AI Prediction (Siamese ResNet18)",
        "is_prediction": true
      }
    },
    {
      "type": "Feature",
      "geometry": {
        "type": "Polygon",
        "coordinates": [
          [
            [
              -118.721642,
              34.07821
            ],
            [
              -118.721647,
              34.078205
            ],
            [
              -118.72170700000001,
              34.078205
            ],
            [
              -118.72171200000001,
              34.0782
            ],
            [
              -118.721777,
              34.0782
            ],
            [
              -118.721782,
              34.078195
            ],
            [
              -118.721812,
              34.078195
            ],
            [
              -118.721807,
              34.07819
            ],
            [
              -118.721807,
              34.078185
            ],
            [
              -118.72180200000001,
              34.07818
            ],
            [
              -118.72180200000001,
              34.078175
            ],
            [
              -118.72179700000001,
              34.07817
            ],
            [
              -118.72179700000001,
              34.078165
            ],
            [
              -118.72179200000001,
              34.07816
            ],
            [
              -118.72179200000001,
              34.078155
            ],
            [
              -118.721787,
              34.07815
            ],
            [
              -118.721787,
              34.078145
            ],
            [
              -118.721782,
              34.07814
            ],
            [
              -118.721782,
              34.078135
            ],
            [
              -118.721777,
              34.07813
            ],
            [
              -118.721777,
              34.078125
            ],
            [
              -118.721772,
              34.07812
            ],
            [
              -118.721772,
              34.078115
            ],
            [
              -118.721767,
              34.07811
            ],
            [
              -118.721767,
              34.078105
            ],
            [
              -118.721762,
              34.0781
            ],
            [
              -118.721762,
              34.078095
            ],
            [
              -118.72175700000001,
              34.07809
            ],
            [
              -118.72174700000001,
              34.07809
            ],
            [
              -118.721742,
              34.078095
            ],
            [
              -118.721717,
              34.078095
            ],
            [
              -118.72171200000001,
              34.0781
            ],
            [
              -118.721687,
              34.0781
            ],
            [
              -118.721682,
              34.078105
            ],
            [
              -118.72166200000001,
              34.078105
            ],
            [
              -118.72165700000001,
              34.07811
            ],
            [
              -118.721632,
              34.07811
            ],
            [
              -118.721627,
              34.078115
            ],
            [
              -118.72161700000001,
              34.078115
            ],
            [
              -118.72161700000001,
              34.07816
            ],
            [
              -118.72161200000001,
              34.078165
            ],
            [
              -118.72161200000001,
              34.07821
            ],
            [
              -118.721642,
              34.07821
            ]
          ]
        ]
      },
      "properties": {
        "building_id": 239,
        "scenario_id": 1,
        "damage_class": "major-damage",
        "confidence": 0.4893,
        "probabilities": {
          "no-damage": 0.2237,
          "minor-damage": 0.21,
          "major-damage": 0.4893,
          "destroyed": 0.077
        },
        "gt_damage_class": "no-damage",
        "source": "AI Prediction (Siamese ResNet18)",
        "is_prediction": true
      }
    },
    {
      "type": "Feature",
      "geometry": {
        "type": "Polygon",
        "coordinates": [
          [
            [
              -118.724807,
              34.078285
            ],
            [
              -118.724812,
              34.07828
            ],
            [
              -118.72483700000001,
              34.07828
            ],
            [
              -118.72483700000001,
              34.078265
            ],
            [
              -118.72484200000001,
              34.07826
            ],
            [
              -118.724847,
              34.07826
            ],
            [
              -118.724852,
              34.078255
            ],
            [
              -118.724862,
              34.078255
            ],
            [
              -118.724862,
              34.07819
            ],
            [
              -118.72488700000001,
              34.078165
            ],
            [
              -118.724892,
              34.078165
            ],
            [
              -118.724917,
              34.07814
            ],
            [
              -118.724942,
              34.07814
            ],
            [
              -118.724947,
              34.078135
            ],
            [
              -118.72497700000001,
              34.078135
            ],
            [
              -118.72497700000001,
              34.0781
            ],
            [
              -118.724982,
              34.078095
            ],
            [
              -118.724982,
              34.078055
            ],
            [
              -118.724967,
              34.078055
            ],
            [
              -118.724962,
              34.07805
            ],
            [
              -118.724937,
              34.07805
            ],
            [
              -118.72493200000001,
              34.078045
            ],
            [
              -118.724917,
              34.078045
            ],
            [
              -118.724912,
              34.07804
            ],
            [
              -118.724912,
              34.077980000000004
            ],
            [
              -118.724917,
              34.077975
            ],
            [
              -118.724917,
              34.077905
            ],
            [
              -118.724847,
              34.077905
            ],
            [
              -118.72484200000001,
              34.0779
            ],
            [
              -118.724777,
              34.0779
            ],
            [
              -118.724777,
              34.078085
            ],
            [
              -118.724772,
              34.07809
            ],
            [
              -118.724772,
              34.078155
            ],
            [
              -118.724767,
              34.07816
            ],
            [
              -118.724767,
              34.078185
            ],
            [
              -118.724762,
              34.07819
            ],
            [
              -118.724762,
              34.07822
            ],
            [
              -118.72475700000001,
              34.078225
            ],
            [
              -118.72475700000001,
              34.078255
            ],
            [
              -118.724772,
              34.078255
            ],
            [
              -118.724777,
              34.07826
            ],
            [
              -118.724787,
              34.07826
            ],
            [
              -118.72479200000001,
              34.078265
            ],
            [
              -118.72479200000001,
              34.07827
            ],
            [
              -118.724787,
              34.078275
            ],
            [
              -118.724787,
              34.078285
            ],
            [
              -118.724807,
              34.078285
            ]
          ]
        ]
      },
      "properties": {
        "building_id": 240,
        "scenario_id": 1,
        "damage_class": "no-damage",
        "confidence": 0.6086,
        "probabilities": {
          "no-damage": 0.6086,
          "minor-damage": 0.3803,
          "major-damage": 0.0086,
          "destroyed": 0.0025
        },
        "gt_damage_class": "no-damage",
        "source": "AI Prediction (Siamese ResNet18)",
        "is_prediction": true
      }
    },
    {
      "type": "Feature",
      "geometry": {
        "type": "Polygon",
        "coordinates": [
          [
            [
              -118.724687,
              34.078395
            ],
            [
              -118.724687,
              34.078375
            ],
            [
              -118.724692,
              34.07837
            ],
            [
              -118.724692,
              34.078325
            ],
            [
              -118.724697,
              34.07832
            ],
            [
              -118.724697,
              34.078195
            ],
            [
              -118.72470200000001,
              34.07819
            ],
            [
              -118.724732,
              34.07819
            ],
            [
              -118.724732,
              34.078165
            ],
            [
              -118.724737,
              34.07816
            ],
            [
              -118.724737,
              34.07811
            ],
            [
              -118.724742,
              34.078105
            ],
            [
              -118.724742,
              34.07808
            ],
            [
              -118.724632,
              34.07808
            ],
            [
              -118.724627,
              34.078085
            ],
            [
              -118.72462200000001,
              34.078085
            ],
            [
              -118.72461700000001,
              34.07809
            ],
            [
              -118.72461200000001,
              34.07809
            ],
            [
              -118.724607,
              34.078095
            ],
            [
              -118.724602,
              34.078095
            ],
            [
              -118.724597,
              34.0781
            ],
            [
              -118.724592,
              34.0781
            ],
            [
              -118.724587,
              34.078105
            ],
            [
              -118.724582,
              34.078105
            ],
            [
              -118.72457700000001,
              34.07811
            ],
            [
              -118.72457200000001,
              34.07811
            ],
            [
              -118.72456700000001,
              34.078115
            ],
            [
              -118.72456700000001,
              34.07813
            ],
            [
              -118.72457200000001,
              34.078135
            ],
            [
              -118.72457200000001,
              34.07816
            ],
            [
              -118.72457700000001,
              34.078165
            ],
            [
              -118.72457700000001,
              34.07818
            ],
            [
              -118.72461200000001,
              34.07818
            ],
            [
              -118.72461700000001,
              34.078185
            ],
            [
              -118.72461700000001,
              34.07819
            ],
            [
              -118.72461200000001,
              34.078195
            ],
            [
              -118.724597,
              34.078195
            ],
            [
              -118.724597,
              34.078205
            ],
            [
              -118.724592,
              34.07821
            ],
            [
              -118.724592,
              34.078215
            ],
            [
              -118.724587,
              34.07822
            ],
            [
              -118.72457200000001,
              34.07822
            ],
            [
              -118.72457200000001,
              34.078255
            ],
            [
              -118.72457700000001,
              34.07826
            ],
            [
              -118.72457700000001,
              34.0783
            ],
            [
              -118.724582,
              34.078305
            ],
            [
              -118.724582,
              34.078395
            ],
            [
              -118.724687,
              34.078395
            ]
          ]
        ]
      },
      "properties": {
        "building_id": 241,
        "scenario_id": 1,
        "damage_class": "no-damage",
        "confidence": 0.8854,
        "probabilities": {
          "no-damage": 0.8854,
          "minor-damage": 0.0542,
          "major-damage": 0.0515,
          "destroyed": 0.0089
        },
        "gt_damage_class": "no-damage",
        "source": "AI Prediction (Siamese ResNet18)",
        "is_prediction": true
      }
    },
    {
      "type": "Feature",
      "geometry": {
        "type": "Polygon",
        "coordinates": [
          [
            [
              -118.72430700000001,
              34.07844
            ],
            [
              -118.724312,
              34.078435
            ],
            [
              -118.724332,
              34.078435
            ],
            [
              -118.724337,
              34.07843
            ],
            [
              -118.724357,
              34.07843
            ],
            [
              -118.724362,
              34.078425
            ],
            [
              -118.724382,
              34.078425
            ],
            [
              -118.72438700000001,
              34.07842
            ],
            [
              -118.724412,
              34.07842
            ],
            [
              -118.724417,
              34.078415
            ],
            [
              -118.72443700000001,
              34.078415
            ],
            [
              -118.72444200000001,
              34.07841
            ],
            [
              -118.724462,
              34.07841
            ],
            [
              -118.724467,
              34.078405000000004
            ],
            [
              -118.72448700000001,
              34.078405000000004
            ],
            [
              -118.724492,
              34.0784
            ],
            [
              -118.724502,
              34.0784
            ],
            [
              -118.724502,
              34.078385
            ],
            [
              -118.724507,
              34.07838
            ],
            [
              -118.724507,
              34.07836
            ],
            [
              -118.72452200000001,
              34.078345
            ],
            [
              -118.72452200000001,
              34.07828
            ],
            [
              -118.72452700000001,
              34.078275
            ],
            [
              -118.72452700000001,
              34.078235
            ],
            [
              -118.72452200000001,
              34.07823
            ],
            [
              -118.72452200000001,
              34.078215
            ],
            [
              -118.724517,
              34.07821
            ],
            [
              -118.724517,
              34.078195
            ],
            [
              -118.724512,
              34.07819
            ],
            [
              -118.724512,
              34.078175
            ],
            [
              -118.724507,
              34.07817
            ],
            [
              -118.724507,
              34.078125
            ],
            [
              -118.724512,
              34.07812
            ],
            [
              -118.724512,
              34.07807
            ],
            [
              -118.724507,
              34.078065
            ],
            [
              -118.724507,
              34.07805
            ],
            [
              -118.724502,
              34.078045
            ],
            [
              -118.724502,
              34.078035
            ],
            [
              -118.724497,
              34.07803
            ],
            [
              -118.724497,
              34.07802
            ],
            [
              -118.724492,
              34.078015
            ],
            [
              -118.724492,
              34.078
            ],
            [
              -118.72448700000001,
              34.077995
            ],
            [
              -118.72448700000001,
              34.07799
            ],
            [
              -118.72447700000001,
              34.07799
            ],
            [
              -118.724472,
              34.077995
            ],
            [
              -118.724452,
              34.077995
            ],
            [
              -118.724447,
              34.078
            ],
            [
              -118.724427,
              34.078
            ],
            [
              -118.724422,
              34.078005
            ],
            [
              -118.724402,
              34.078005
            ],
            [
              -118.72439700000001,
              34.07801
            ],
            [
              -118.724377,
              34.07801
            ],
            [
              -118.724372,
              34.078015
            ],
            [
              -118.72435200000001,
              34.078015
            ],
            [
              -118.72434700000001,
              34.07802
            ],
            [
              -118.724327,
              34.07802
            ],
            [
              -118.724322,
              34.078025000000004
            ],
            [
              -118.72430200000001,
              34.078025000000004
            ],
            [
              -118.724297,
              34.07803
            ],
            [
              -118.724277,
              34.07803
            ],
            [
              -118.724272,
              34.078035
            ],
            [
              -118.724252,
              34.078035
            ],
            [
              -118.724247,
              34.07804
            ],
            [
              -118.724227,
              34.07804
            ],
            [
              -118.724222,
              34.078045
            ],
            [
              -118.72421200000001,
              34.078045
            ],
            [
              -118.72421200000001,
              34.07805
            ],
            [
              -118.72421700000001,
              34.078055
            ],
            [
              -118.72421700000001,
              34.07807
            ],
            [
              -118.724222,
              34.078075
            ],
            [
              -118.724222,
              34.078085
            ],
            [
              -118.724227,
              34.07809
            ],
            [
              -118.724227,
              34.078105
            ],
            [
              -118.724232,
              34.07811
            ],
            [
              -118.724232,
              34.07812
            ],
            [
              -118.724237,
              34.078125
            ],
            [
              -118.724237,
              34.078135
            ],
            [
              -118.724242,
              34.07814
            ],
            [
              -118.724242,
              34.078165
            ],
            [
              -118.724247,
              34.07817
            ],
            [
              -118.724247,
              34.078205
            ],
            [
              -118.724252,
              34.07821
            ],
            [
              -118.724252,
              34.078225
            ],
            [
              -118.72425700000001,
              34.07823
            ],
            [
              -118.72425700000001,
              34.07825
            ],
            [
              -118.72426200000001,
              34.078255
            ],
            [
              -118.72426200000001,
              34.07827
            ],
            [
              -118.724267,
              34.078275
            ],
            [
              -118.724267,
              34.078295
            ],
            [
              -118.724272,
              34.0783
            ],
            [
              -118.724272,
              34.078325
            ],
            [
              -118.724277,
              34.07833
            ],
            [
              -118.724277,
              34.078355
            ],
            [
              -118.724282,
              34.07836
            ],
            [
              -118.724282,
              34.07838
            ],
            [
              -118.724287,
              34.078385
            ],
            [
              -118.724287,
              34.0784
            ],
            [
              -118.724292,
              34.078405000000004
            ],
            [
              -118.724292,
              34.078425
            ],
            [
              -118.724297,
              34.07843
            ],
            [
              -118.724297,
              34.07844
            ],
            [
              -118.72430700000001,
              34.07844
            ]
          ]
        ]
      },
      "properties": {
        "building_id": 242,
        "scenario_id": 1,
        "damage_class": "no-damage",
        "confidence": 0.6085,
        "probabilities": {
          "no-damage": 0.6085,
          "minor-damage": 0.2719,
          "major-damage": 0.1049,
          "destroyed": 0.0147
        },
        "gt_damage_class": "no-damage",
        "source": "AI Prediction (Siamese ResNet18)",
        "is_prediction": true
      }
    },
    {
      "type": "Feature",
      "geometry": {
        "type": "Polygon",
        "coordinates": [
          [
            [
              -118.72130700000001,
              34.078455
            ],
            [
              -118.721312,
              34.078450000000004
            ],
            [
              -118.721327,
              34.078450000000004
            ],
            [
              -118.721332,
              34.078445
            ],
            [
              -118.721342,
              34.078445
            ],
            [
              -118.72134700000001,
              34.07844
            ],
            [
              -118.721362,
              34.07844
            ],
            [
              -118.721367,
              34.078435
            ],
            [
              -118.721377,
              34.078435
            ],
            [
              -118.721382,
              34.07843
            ],
            [
              -118.72139700000001,
              34.07843
            ],
            [
              -118.721402,
              34.078425
            ],
            [
              -118.721407,
              34.078425
            ],
            [
              -118.721407,
              34.078415
            ],
            [
              -118.721402,
              34.07841
            ],
            [
              -118.721402,
              34.078395
            ],
            [
              -118.72139700000001,
              34.07839
            ],
            [
              -118.72139700000001,
              34.07837
            ],
            [
              -118.72139200000001,
              34.078365
            ],
            [
              -118.72139200000001,
              34.07835
            ],
            [
              -118.72138700000001,
              34.078345
            ],
            [
              -118.72138700000001,
              34.078335
            ],
            [
              -118.721382,
              34.078335
            ],
            [
              -118.721377,
              34.07834
            ],
            [
              -118.721367,
              34.07834
            ],
            [
              -118.721362,
              34.078345
            ],
            [
              -118.72135200000001,
              34.078345
            ],
            [
              -118.72134700000001,
              34.07835
            ],
            [
              -118.721337,
              34.07835
            ],
            [
              -118.721332,
              34.078355
            ],
            [
              -118.721317,
              34.078355
            ],
            [
              -118.721312,
              34.07836
            ],
            [
              -118.72130200000001,
              34.07836
            ],
            [
              -118.721297,
              34.078365
            ],
            [
              -118.721287,
              34.078365
            ],
            [
              -118.721282,
              34.07837
            ],
            [
              -118.721272,
              34.07837
            ],
            [
              -118.721267,
              34.078375
            ],
            [
              -118.72126200000001,
              34.078375
            ],
            [
              -118.72126200000001,
              34.07838
            ],
            [
              -118.721267,
              34.078385
            ],
            [
              -118.721267,
              34.078395
            ],
            [
              -118.721272,
              34.0784
            ],
            [
              -118.721272,
              34.078405000000004
            ],
            [
              -118.721277,
              34.07841
            ],
            [
              -118.721277,
              34.078415
            ],
            [
              -118.721282,
              34.07842
            ],
            [
              -118.721282,
              34.078425
            ],
            [
              -118.721292,
              34.078435
            ],
            [
              -118.721292,
              34.07844
            ],
            [
              -118.721297,
              34.078445
            ],
            [
              -118.721297,
              34.078450000000004
            ],
            [
              -118.72130200000001,
              34.078455
            ],
            [
              -118.72130700000001,
              34.078455
            ]
          ]
        ]
      },
      "properties": {
        "building_id": 243,
        "scenario_id": 1,
        "damage_class": "major-damage",
        "confidence": 0.4502,
        "probabilities": {
          "no-damage": 0.4069,
          "minor-damage": 0.0817,
          "major-damage": 0.4502,
          "destroyed": 0.0613
        },
        "gt_damage_class": "no-damage",
        "source": "AI Prediction (Siamese ResNet18)",
        "is_prediction": true
      }
    },
    {
      "type": "Feature",
      "geometry": {
        "type": "Polygon",
        "coordinates": [
          [
            [
              -118.724072,
              34.078475
            ],
            [
              -118.72407700000001,
              34.07847
            ],
            [
              -118.724107,
              34.07847
            ],
            [
              -118.724112,
              34.078465
            ],
            [
              -118.724142,
              34.078465
            ],
            [
              -118.724147,
              34.07846
            ],
            [
              -118.724177,
              34.07846
            ],
            [
              -118.724182,
              34.078455
            ],
            [
              -118.72421200000001,
              34.078455
            ],
            [
              -118.72421700000001,
              34.078450000000004
            ],
            [
              -118.724247,
              34.078450000000004
            ],
            [
              -118.724252,
              34.078445
            ],
            [
              -118.724267,
              34.078445
            ],
            [
              -118.724267,
              34.078375
            ],
            [
              -118.72426200000001,
              34.07837
            ],
            [
              -118.72426200000001,
              34.078355
            ],
            [
              -118.72425700000001,
              34.07835
            ],
            [
              -118.72425700000001,
              34.07834
            ],
            [
              -118.724252,
              34.078335
            ],
            [
              -118.724252,
              34.07833
            ],
            [
              -118.724247,
              34.078325
            ],
            [
              -118.724247,
              34.078315
            ],
            [
              -118.724242,
              34.07831
            ],
            [
              -118.724242,
              34.078305
            ],
            [
              -118.724237,
              34.0783
            ],
            [
              -118.724237,
              34.078295
            ],
            [
              -118.724232,
              34.07829
            ],
            [
              -118.724232,
              34.078285
            ],
            [
              -118.72421700000001,
              34.078285
            ],
            [
              -118.72421200000001,
              34.07829
            ],
            [
              -118.724182,
              34.07829
            ],
            [
              -118.724177,
              34.078295
            ],
            [
              -118.724152,
              34.078295
            ],
            [
              -118.724147,
              34.0783
            ],
            [
              -118.724117,
              34.0783
            ],
            [
              -118.724112,
              34.078305
            ],
            [
              -118.72408200000001,
              34.078305
            ],
            [
              -118.72407700000001,
              34.07831
            ],
            [
              -118.724042,
              34.07831
            ],
            [
              -118.72403700000001,
              34.078315
            ],
            [
              -118.724002,
              34.078315
            ],
            [
              -118.723997,
              34.07831
            ],
            [
              -118.723982,
              34.07831
            ],
            [
              -118.723977,
              34.078315
            ],
            [
              -118.723977,
              34.07832
            ],
            [
              -118.723972,
              34.078325
            ],
            [
              -118.723957,
              34.078325
            ],
            [
              -118.723952,
              34.07833
            ],
            [
              -118.723937,
              34.07833
            ],
            [
              -118.723937,
              34.078345
            ],
            [
              -118.72394200000001,
              34.07835
            ],
            [
              -118.72394200000001,
              34.07838
            ],
            [
              -118.72394700000001,
              34.078385
            ],
            [
              -118.72394700000001,
              34.0784
            ],
            [
              -118.723952,
              34.078405000000004
            ],
            [
              -118.723957,
              34.078405000000004
            ],
            [
              -118.723962,
              34.07841
            ],
            [
              -118.723962,
              34.078415
            ],
            [
              -118.723967,
              34.07842
            ],
            [
              -118.723967,
              34.07843
            ],
            [
              -118.723977,
              34.07843
            ],
            [
              -118.723982,
              34.078425
            ],
            [
              -118.723997,
              34.078425
            ],
            [
              -118.724002,
              34.07843
            ],
            [
              -118.724002,
              34.078435
            ],
            [
              -118.724007,
              34.07844
            ],
            [
              -118.724007,
              34.078445
            ],
            [
              -118.724027,
              34.078445
            ],
            [
              -118.724057,
              34.078475
            ],
            [
              -118.724072,
              34.078475
            ]
          ]
        ]
      },
      "properties": {
        "building_id": 244,
        "scenario_id": 1,
        "damage_class": "no-damage",
        "confidence": 0.4121,
        "probabilities": {
          "no-damage": 0.4121,
          "minor-damage": 0.2744,
          "major-damage": 0.1357,
          "destroyed": 0.1779
        },
        "gt_damage_class": "no-damage",
        "source": "AI Prediction (Siamese ResNet18)",
        "is_prediction": true
      }
    },
    {
      "type": "Feature",
      "geometry": {
        "type": "Polygon",
        "coordinates": [
          [
            [
              -118.723967,
              34.07854
            ],
            [
              -118.723972,
              34.078535
            ],
            [
              -118.723972,
              34.07853
            ],
            [
              -118.72398700000001,
              34.078515
            ],
            [
              -118.72398700000001,
              34.07851
            ],
            [
              -118.723997,
              34.0785
            ],
            [
              -118.723997,
              34.078495000000004
            ],
            [
              -118.724002,
              34.07849
            ],
            [
              -118.72398700000001,
              34.078475
            ],
            [
              -118.72398700000001,
              34.07847
            ],
            [
              -118.723972,
              34.078455
            ],
            [
              -118.723957,
              34.078455
            ],
            [
              -118.723952,
              34.07846
            ],
            [
              -118.723927,
              34.07846
            ],
            [
              -118.723922,
              34.078465
            ],
            [
              -118.723907,
              34.078465
            ],
            [
              -118.723907,
              34.07849
            ],
            [
              -118.72390200000001,
              34.078495000000004
            ],
            [
              -118.72390200000001,
              34.07852
            ],
            [
              -118.723907,
              34.07852
            ],
            [
              -118.723912,
              34.078525
            ],
            [
              -118.723922,
              34.078525
            ],
            [
              -118.723927,
              34.07853
            ],
            [
              -118.72394200000001,
              34.07853
            ],
            [
              -118.72394700000001,
              34.078535
            ],
            [
              -118.723957,
              34.078535
            ],
            [
              -118.723962,
              34.07854
            ],
            [
              -118.723967,
              34.07854
            ]
          ]
        ]
      },
      "properties": {
        "building_id": 245,
        "scenario_id": 1,
        "damage_class": "destroyed",
        "confidence": 0.4138,
        "probabilities": {
          "no-damage": 0.2048,
          "minor-damage": 0.2907,
          "major-damage": 0.0907,
          "destroyed": 0.4138
        },
        "gt_damage_class": "no-damage",
        "source": "AI Prediction (Siamese ResNet18)",
        "is_prediction": true
      }
    },
    {
      "type": "Feature",
      "geometry": {
        "type": "Polygon",
        "coordinates": [
          [
            [
              -118.721207,
              34.0786
            ],
            [
              -118.72121200000001,
              34.078595
            ],
            [
              -118.721232,
              34.078595
            ],
            [
              -118.721237,
              34.07859
            ],
            [
              -118.721247,
              34.07859
            ],
            [
              -118.721247,
              34.078575
            ],
            [
              -118.721252,
              34.07857
            ],
            [
              -118.721252,
              34.078535
            ],
            [
              -118.72125700000001,
              34.07853
            ],
            [
              -118.72125700000001,
              34.078495000000004
            ],
            [
              -118.72126200000001,
              34.07849
            ],
            [
              -118.72126200000001,
              34.07847
            ],
            [
              -118.721222,
              34.07847
            ],
            [
              -118.72121700000001,
              34.078475
            ],
            [
              -118.721182,
              34.078475
            ],
            [
              -118.721182,
              34.078495000000004
            ],
            [
              -118.721187,
              34.0785
            ],
            [
              -118.721187,
              34.078535
            ],
            [
              -118.721192,
              34.07854
            ],
            [
              -118.721192,
              34.078575
            ],
            [
              -118.721197,
              34.07858
            ],
            [
              -118.721197,
              34.0786
            ],
            [
              -118.721207,
              34.0786
            ]
          ]
        ]
      },
      "properties": {
        "building_id": 246,
        "scenario_id": 1,
        "damage_class": "no-damage",
        "confidence": 0.6262,
        "probabilities": {
          "no-damage": 0.6262,
          "minor-damage": 0.0342,
          "major-damage": 0.1289,
          "destroyed": 0.2107
        },
        "gt_damage_class": "no-damage",
        "source": "AI Prediction (Siamese ResNet18)",
        "is_prediction": true
      }
    },
    {
      "type": "Feature",
      "geometry": {
        "type": "Polygon",
        "coordinates": [
          [
            [
              -118.723022,
              34.07883
            ],
            [
              -118.723027,
              34.078825
            ],
            [
              -118.723037,
              34.078825
            ],
            [
              -118.723042,
              34.07882
            ],
            [
              -118.72305200000001,
              34.07882
            ],
            [
              -118.723057,
              34.078815
            ],
            [
              -118.723072,
              34.078815
            ],
            [
              -118.723077,
              34.07881
            ],
            [
              -118.723087,
              34.07881
            ],
            [
              -118.72309200000001,
              34.078805
            ],
            [
              -118.723102,
              34.078805
            ],
            [
              -118.723107,
              34.0788
            ],
            [
              -118.723117,
              34.0788
            ],
            [
              -118.723122,
              34.078795
            ],
            [
              -118.723132,
              34.078795
            ],
            [
              -118.72313700000001,
              34.07879
            ],
            [
              -118.723147,
              34.07879
            ],
            [
              -118.723152,
              34.078785
            ],
            [
              -118.723162,
              34.078785
            ],
            [
              -118.723167,
              34.07878
            ],
            [
              -118.72318200000001,
              34.07878
            ],
            [
              -118.72318700000001,
              34.078775
            ],
            [
              -118.723197,
              34.078775
            ],
            [
              -118.723202,
              34.07877
            ],
            [
              -118.723212,
              34.07877
            ],
            [
              -118.723217,
              34.078765
            ],
            [
              -118.72322700000001,
              34.078765
            ],
            [
              -118.72323200000001,
              34.07876
            ],
            [
              -118.723242,
              34.07876
            ],
            [
              -118.723247,
              34.078755
            ],
            [
              -118.723257,
              34.078755
            ],
            [
              -118.723262,
              34.07875
            ],
            [
              -118.72327200000001,
              34.07875
            ],
            [
              -118.72327700000001,
              34.078745
            ],
            [
              -118.723292,
              34.078745
            ],
            [
              -118.723297,
              34.07874
            ],
            [
              -118.723307,
              34.07874
            ],
            [
              -118.723312,
              34.078735
            ],
            [
              -118.72332200000001,
              34.078735
            ],
            [
              -118.723327,
              34.07873
            ],
            [
              -118.723332,
              34.07873
            ],
            [
              -118.723332,
              34.07872
            ],
            [
              -118.723327,
              34.078715
            ],
            [
              -118.723327,
              34.078695
            ],
            [
              -118.72332200000001,
              34.07869
            ],
            [
              -118.72332200000001,
              34.078685
            ],
            [
              -118.723327,
              34.07868
            ],
            [
              -118.723332,
              34.07868
            ],
            [
              -118.723332,
              34.07856
            ],
            [
              -118.723287,
              34.078515
            ],
            [
              -118.723282,
              34.07852
            ],
            [
              -118.72327700000001,
              34.07852
            ],
            [
              -118.72327200000001,
              34.078525
            ],
            [
              -118.723267,
              34.078525
            ],
            [
              -118.723257,
              34.078535
            ],
            [
              -118.723252,
              34.078535
            ],
            [
              -118.723247,
              34.07854
            ],
            [
              -118.723242,
              34.07854
            ],
            [
              -118.723237,
              34.078545
            ],
            [
              -118.72323200000001,
              34.078545
            ],
            [
              -118.723222,
              34.078555
            ],
            [
              -118.723217,
              34.078555
            ],
            [
              -118.723212,
              34.07856
            ],
            [
              -118.723207,
              34.07856
            ],
            [
              -118.723197,
              34.07857
            ],
            [
              -118.723192,
              34.07857
            ],
            [
              -118.72318700000001,
              34.078575
            ],
            [
              -118.72318200000001,
              34.078575
            ],
            [
              -118.723172,
              34.078585
            ],
            [
              -118.723167,
              34.078585
            ],
            [
              -118.723162,
              34.07859
            ],
            [
              -118.723157,
              34.07859
            ],
            [
              -118.723152,
              34.078595
            ],
            [
              -118.723147,
              34.078595
            ],
            [
              -118.72313700000001,
              34.078605
            ],
            [
              -118.723132,
              34.078605
            ],
            [
              -118.723127,
              34.07861
            ],
            [
              -118.723122,
              34.07861
            ],
            [
              -118.723112,
              34.07862
            ],
            [
              -118.723107,
              34.07862
            ],
            [
              -118.723102,
              34.078625
            ],
            [
              -118.72309700000001,
              34.078625
            ],
            [
              -118.723087,
              34.078635
            ],
            [
              -118.723082,
              34.078635
            ],
            [
              -118.723077,
              34.07864
            ],
            [
              -118.723072,
              34.07864
            ],
            [
              -118.723067,
              34.078645
            ],
            [
              -118.723062,
              34.078645
            ],
            [
              -118.72305200000001,
              34.078655
            ],
            [
              -118.72304700000001,
              34.078655
            ],
            [
              -118.723042,
              34.07866
            ],
            [
              -118.723037,
              34.07866
            ],
            [
              -118.723027,
              34.07867
            ],
            [
              -118.723022,
              34.07867
            ],
            [
              -118.723017,
              34.078675
            ],
            [
              -118.723012,
              34.078675
            ],
            [
              -118.72300200000001,
              34.078685
            ],
            [
              -118.722997,
              34.078685
            ],
            [
              -118.722992,
              34.07869
            ],
            [
              -118.722987,
              34.07869
            ],
            [
              -118.722982,
              34.078695
            ],
            [
              -118.722977,
              34.078695
            ],
            [
              -118.722967,
              34.078705
            ],
            [
              -118.72296200000001,
              34.078705
            ],
            [
              -118.72295700000001,
              34.07871
            ],
            [
              -118.722952,
              34.07871
            ],
            [
              -118.722947,
              34.078715
            ],
            [
              -118.722947,
              34.078725
            ],
            [
              -118.722952,
              34.07873
            ],
            [
              -118.722952,
              34.07875
            ],
            [
              -118.72295700000001,
              34.078755
            ],
            [
              -118.72295700000001,
              34.07877
            ],
            [
              -118.72296200000001,
              34.078775
            ],
            [
              -118.72296200000001,
              34.078795
            ],
            [
              -118.722967,
              34.0788
            ],
            [
              -118.722967,
              34.07881
            ],
            [
              -118.722972,
              34.07881
            ],
            [
              -118.722977,
              34.078805
            ],
            [
              -118.722992,
              34.078805
            ],
            [
              -118.722997,
              34.0788
            ],
            [
              -118.72300200000001,
              34.0788
            ],
            [
              -118.72300700000001,
              34.078805
            ],
            [
              -118.72300700000001,
              34.07881
            ],
            [
              -118.723012,
              34.078815
            ],
            [
              -118.723012,
              34.07882
            ],
            [
              -118.723017,
              34.078825
            ],
            [
              -118.723017,
              34.07883
            ],
            [
              -118.723022,
              34.07883
            ]
          ]
        ]
      },
      "properties": {
        "building_id": 247,
        "scenario_id": 1,
        "damage_class": "major-damage",
        "confidence": 0.4411,
        "probabilities": {
          "no-damage": 0.0604,
          "minor-damage": 0.2596,
          "major-damage": 0.4411,
          "destroyed": 0.239
        },
        "gt_damage_class": "no-damage",
        "source": "AI Prediction (Siamese ResNet18)",
        "is_prediction": true
      }
    },
    {
      "type": "Feature",
      "geometry": {
        "type": "Polygon",
        "coordinates": [
          [
            [
              -118.72282700000001,
              34.078855
            ],
            [
              -118.72282700000001,
              34.0788
            ],
            [
              -118.722817,
              34.07879
            ],
            [
              -118.722812,
              34.07879
            ],
            [
              -118.722792,
              34.07877
            ],
            [
              -118.72278700000001,
              34.07877
            ],
            [
              -118.72277700000001,
              34.07876
            ],
            [
              -118.72277700000001,
              34.078765
            ],
            [
              -118.722772,
              34.07877
            ],
            [
              -118.722772,
              34.07878
            ],
            [
              -118.722767,
              34.078785
            ],
            [
              -118.722767,
              34.07879
            ],
            [
              -118.722762,
              34.078795
            ],
            [
              -118.722762,
              34.078805
            ],
            [
              -118.722757,
              34.07881
            ],
            [
              -118.722757,
              34.07882
            ],
            [
              -118.722752,
              34.078825
            ],
            [
              -118.722752,
              34.07883
            ],
            [
              -118.722747,
              34.078835
            ],
            [
              -118.722747,
              34.07884
            ],
            [
              -118.722757,
              34.07884
            ],
            [
              -118.722762,
              34.078845
            ],
            [
              -118.72278200000001,
              34.078845
            ],
            [
              -118.72278700000001,
              34.07885
            ],
            [
              -118.722812,
              34.07885
            ],
            [
              -118.722817,
              34.078855
            ],
            [
              -118.72282700000001,
              34.078855
            ]
          ]
        ]
      },
      "properties": {
        "building_id": 248,
        "scenario_id": 1,
        "damage_class": "destroyed",
        "confidence": 0.4133,
        "probabilities": {
          "no-damage": 0.1711,
          "minor-damage": 0.3132,
          "major-damage": 0.1025,
          "destroyed": 0.4133
        },
        "gt_damage_class": "no-damage",
        "source": "AI Prediction (Siamese ResNet18)",
        "is_prediction": true
      }
    },
    {
      "type": "Feature",
      "geometry": {
        "type": "Polygon",
        "coordinates": [
          [
            [
              -118.72233700000001,
              34.078955
            ],
            [
              -118.722342,
              34.07895
            ],
            [
              -118.722357,
              34.07895
            ],
            [
              -118.722362,
              34.078945
            ],
            [
              -118.72237200000001,
              34.078945
            ],
            [
              -118.72237700000001,
              34.07894
            ],
            [
              -118.722392,
              34.07894
            ],
            [
              -118.722397,
              34.078935
            ],
            [
              -118.722412,
              34.078935
            ],
            [
              -118.72241700000001,
              34.07893
            ],
            [
              -118.72242700000001,
              34.07893
            ],
            [
              -118.722432,
              34.078925
            ],
            [
              -118.722447,
              34.078925
            ],
            [
              -118.722452,
              34.078920000000004
            ],
            [
              -118.72246200000001,
              34.078920000000004
            ],
            [
              -118.72246700000001,
              34.078915
            ],
            [
              -118.722482,
              34.078915
            ],
            [
              -118.722487,
              34.07891
            ],
            [
              -118.722502,
              34.07891
            ],
            [
              -118.72250700000001,
              34.078905
            ],
            [
              -118.72251200000001,
              34.078905
            ],
            [
              -118.72250700000001,
              34.0789
            ],
            [
              -118.72250700000001,
              34.078895
            ],
            [
              -118.722502,
              34.07889
            ],
            [
              -118.722502,
              34.078885
            ],
            [
              -118.722492,
              34.078875000000004
            ],
            [
              -118.722492,
              34.07887
            ],
            [
              -118.722482,
              34.07886
            ],
            [
              -118.722482,
              34.078855
            ],
            [
              -118.722477,
              34.07885
            ],
            [
              -118.722477,
              34.078845
            ],
            [
              -118.72247200000001,
              34.07884
            ],
            [
              -118.72246200000001,
              34.07884
            ],
            [
              -118.722457,
              34.078845
            ],
            [
              -118.722442,
              34.078845
            ],
            [
              -118.722437,
              34.07885
            ],
            [
              -118.72242200000001,
              34.07885
            ],
            [
              -118.72241700000001,
              34.078855
            ],
            [
              -118.722397,
              34.078855
            ],
            [
              -118.722392,
              34.07886
            ],
            [
              -118.72237700000001,
              34.07886
            ],
            [
              -118.72237200000001,
              34.078865
            ],
            [
              -118.722357,
              34.078865
            ],
            [
              -118.722352,
              34.07887
            ],
            [
              -118.722342,
              34.07887
            ],
            [
              -118.722322,
              34.07889
            ],
            [
              -118.722317,
              34.07889
            ],
            [
              -118.722297,
              34.07891
            ],
            [
              -118.722307,
              34.078920000000004
            ],
            [
              -118.722307,
              34.078925
            ],
            [
              -118.722322,
              34.07894
            ],
            [
              -118.722322,
              34.078945
            ],
            [
              -118.72233200000001,
              34.078955
            ],
            [
              -118.72233700000001,
              34.078955
            ]
          ]
        ]
      },
      "properties": {
        "building_id": 249,
        "scenario_id": 1,
        "damage_class": "no-damage",
        "confidence": 0.9212,
        "probabilities": {
          "no-damage": 0.9212,
          "minor-damage": 0.0291,
          "major-damage": 0.0323,
          "destroyed": 0.0173
        },
        "gt_damage_class": "no-damage",
        "source": "AI Prediction (Siamese ResNet18)",
        "is_prediction": true
      }
    },
    {
      "type": "Feature",
      "geometry": {
        "type": "Polygon",
        "coordinates": [
          [
            [
              -118.723532,
              34.07952
            ],
            [
              -118.72353700000001,
              34.079515
            ],
            [
              -118.72354700000001,
              34.079515
            ],
            [
              -118.723552,
              34.07951
            ],
            [
              -118.723557,
              34.07951
            ],
            [
              -118.723562,
              34.079505
            ],
            [
              -118.723572,
              34.079505
            ],
            [
              -118.723577,
              34.0795
            ],
            [
              -118.72358700000001,
              34.0795
            ],
            [
              -118.72359200000001,
              34.079495
            ],
            [
              -118.723597,
              34.079495
            ],
            [
              -118.723602,
              34.07949
            ],
            [
              -118.723612,
              34.07949
            ],
            [
              -118.723617,
              34.079485
            ],
            [
              -118.72362700000001,
              34.079485
            ],
            [
              -118.72363200000001,
              34.079480000000004
            ],
            [
              -118.72363700000001,
              34.079480000000004
            ],
            [
              -118.723642,
              34.079475
            ],
            [
              -118.723652,
              34.079475
            ],
            [
              -118.723657,
              34.07947
            ],
            [
              -118.723667,
              34.07947
            ],
            [
              -118.72367200000001,
              34.079465
            ],
            [
              -118.72368200000001,
              34.079465
            ],
            [
              -118.723687,
              34.07946
            ],
            [
              -118.723692,
              34.07946
            ],
            [
              -118.723697,
              34.079455
            ],
            [
              -118.723707,
              34.079455
            ],
            [
              -118.723712,
              34.07945
            ],
            [
              -118.72372200000001,
              34.07945
            ],
            [
              -118.72372700000001,
              34.079445
            ],
            [
              -118.723732,
              34.079445
            ],
            [
              -118.723737,
              34.07944
            ],
            [
              -118.723747,
              34.07944
            ],
            [
              -118.723752,
              34.079435000000004
            ],
            [
              -118.723757,
              34.079435000000004
            ],
            [
              -118.723757,
              34.07943
            ],
            [
              -118.723752,
              34.079425
            ],
            [
              -118.723752,
              34.079415
            ],
            [
              -118.723747,
              34.07941
            ],
            [
              -118.723747,
              34.0794
            ],
            [
              -118.723742,
              34.079395
            ],
            [
              -118.723742,
              34.079385
            ],
            [
              -118.723737,
              34.07938
            ],
            [
              -118.723737,
              34.07937
            ],
            [
              -118.723732,
              34.079365
            ],
            [
              -118.723732,
              34.079355
            ],
            [
              -118.72372700000001,
              34.07935
            ],
            [
              -118.72372700000001,
              34.079345
            ],
            [
              -118.72372200000001,
              34.079345
            ],
            [
              -118.72371700000001,
              34.07935
            ],
            [
              -118.723707,
              34.07935
            ],
            [
              -118.723702,
              34.079355
            ],
            [
              -118.723697,
              34.079355
            ],
            [
              -118.723692,
              34.07936
            ],
            [
              -118.72368200000001,
              34.07936
            ],
            [
              -118.72367700000001,
              34.079365
            ],
            [
              -118.723667,
              34.079365
            ],
            [
              -118.723662,
              34.07937
            ],
            [
              -118.723657,
              34.07937
            ],
            [
              -118.723652,
              34.079375
            ],
            [
              -118.723642,
              34.079375
            ],
            [
              -118.72363700000001,
              34.07938
            ],
            [
              -118.72362700000001,
              34.07938
            ],
            [
              -118.723622,
              34.079385
            ],
            [
              -118.723617,
              34.079385
            ],
            [
              -118.723612,
              34.079390000000004
            ],
            [
              -118.723602,
              34.079390000000004
            ],
            [
              -118.723597,
              34.079395
            ],
            [
              -118.72358700000001,
              34.079395
            ],
            [
              -118.72358200000001,
              34.0794
            ],
            [
              -118.723577,
              34.0794
            ],
            [
              -118.723572,
              34.079405
            ],
            [
              -118.723562,
              34.079405
            ],
            [
              -118.723557,
              34.07941
            ],
            [
              -118.72354700000001,
              34.07941
            ],
            [
              -118.72354200000001,
              34.079415
            ],
            [
              -118.72353700000001,
              34.079415
            ],
            [
              -118.723532,
              34.07942
            ],
            [
              -118.723522,
              34.07942
            ],
            [
              -118.723517,
              34.079425
            ],
            [
              -118.723507,
              34.079425
            ],
            [
              -118.72350200000001,
              34.07943
            ],
            [
              -118.72349700000001,
              34.07943
            ],
            [
              -118.72349200000001,
              34.079435000000004
            ],
            [
              -118.723487,
              34.079435000000004
            ],
            [
              -118.723487,
              34.07944
            ],
            [
              -118.72349200000001,
              34.079445
            ],
            [
              -118.72349200000001,
              34.07945
            ],
            [
              -118.72349700000001,
              34.079455
            ],
            [
              -118.72349700000001,
              34.07946
            ],
            [
              -118.72350200000001,
              34.079465
            ],
            [
              -118.72350200000001,
              34.07947
            ],
            [
              -118.723507,
              34.079475
            ],
            [
              -118.723507,
              34.079480000000004
            ],
            [
              -118.723512,
              34.079485
            ],
            [
              -118.723512,
              34.07949
            ],
            [
              -118.723517,
              34.079495
            ],
            [
              -118.723517,
              34.0795
            ],
            [
              -118.723522,
              34.079505
            ],
            [
              -118.723522,
              34.07951
            ],
            [
              -118.723527,
              34.079515
            ],
            [
              -118.723527,
              34.07952
            ],
            [
              -118.723532,
              34.07952
            ]
          ]
        ]
      },
      "properties": {
        "building_id": 250,
        "scenario_id": 1,
        "damage_class": "no-damage",
        "confidence": 0.5843,
        "probabilities": {
          "no-damage": 0.5843,
          "minor-damage": 0.0328,
          "major-damage": 0.2104,
          "destroyed": 0.1725
        },
        "gt_damage_class": "no-damage",
        "source": "AI Prediction (Siamese ResNet18)",
        "is_prediction": true
      }
    },
    {
      "type": "Feature",
      "geometry": {
        "type": "Polygon",
        "coordinates": [
          [
            [
              -118.722887,
              34.079655
            ],
            [
              -118.72295700000001,
              34.079585
            ],
            [
              -118.722977,
              34.079605
            ],
            [
              -118.722982,
              34.0796
            ],
            [
              -118.722987,
              34.0796
            ],
            [
              -118.722992,
              34.079595
            ],
            [
              -118.722997,
              34.079595
            ],
            [
              -118.72300200000001,
              34.07959
            ],
            [
              -118.72300700000001,
              34.07959
            ],
            [
              -118.723012,
              34.079585
            ],
            [
              -118.723017,
              34.079585
            ],
            [
              -118.723022,
              34.07958
            ],
            [
              -118.723027,
              34.07958
            ],
            [
              -118.723032,
              34.079575
            ],
            [
              -118.723037,
              34.079575
            ],
            [
              -118.723042,
              34.07957
            ],
            [
              -118.72304700000001,
              34.07957
            ],
            [
              -118.72305200000001,
              34.079565
            ],
            [
              -118.723057,
              34.079565
            ],
            [
              -118.723062,
              34.07956
            ],
            [
              -118.723067,
              34.07956
            ],
            [
              -118.723072,
              34.079555
            ],
            [
              -118.723077,
              34.079555
            ],
            [
              -118.723082,
              34.07955
            ],
            [
              -118.723087,
              34.07955
            ],
            [
              -118.72309200000001,
              34.079545
            ],
            [
              -118.72309700000001,
              34.079545
            ],
            [
              -118.723102,
              34.07954
            ],
            [
              -118.723107,
              34.07954
            ],
            [
              -118.723107,
              34.079535
            ],
            [
              -118.723102,
              34.07953
            ],
            [
              -118.723102,
              34.07952
            ],
            [
              -118.72309700000001,
              34.079515
            ],
            [
              -118.72309700000001,
              34.079505
            ],
            [
              -118.72309200000001,
              34.0795
            ],
            [
              -118.72309200000001,
              34.07949
            ],
            [
              -118.723087,
              34.079485
            ],
            [
              -118.723087,
              34.079480000000004
            ],
            [
              -118.723082,
              34.079475
            ],
            [
              -118.723082,
              34.079465
            ],
            [
              -118.723077,
              34.07946
            ],
            [
              -118.723077,
              34.07945
            ],
            [
              -118.723072,
              34.079445
            ],
            [
              -118.723072,
              34.07944
            ],
            [
              -118.723067,
              34.07944
            ],
            [
              -118.723062,
              34.079445
            ],
            [
              -118.723057,
              34.079445
            ],
            [
              -118.72305200000001,
              34.07945
            ],
            [
              -118.723042,
              34.07945
            ],
            [
              -118.723037,
              34.079455
            ],
            [
              -118.723032,
              34.079455
            ],
            [
              -118.723027,
              34.07946
            ],
            [
              -118.723017,
              34.07946
            ],
            [
              -118.723012,
              34.079465
            ],
            [
              -118.72300700000001,
              34.079465
            ],
            [
              -118.72300200000001,
              34.07947
            ],
            [
              -118.722992,
              34.07947
            ],
            [
              -118.722987,
              34.079475
            ],
            [
              -118.722982,
              34.079475
            ],
            [
              -118.722977,
              34.079480000000004
            ],
            [
              -118.722967,
              34.079480000000004
            ],
            [
              -118.72296200000001,
              34.079485
            ],
            [
              -118.72295700000001,
              34.079485
            ],
            [
              -118.722952,
              34.07949
            ],
            [
              -118.722947,
              34.079485
            ],
            [
              -118.722922,
              34.079485
            ],
            [
              -118.72291700000001,
              34.07949
            ],
            [
              -118.722892,
              34.07949
            ],
            [
              -118.722882,
              34.079480000000004
            ],
            [
              -118.722882,
              34.079475
            ],
            [
              -118.722887,
              34.07947
            ],
            [
              -118.722887,
              34.079455
            ],
            [
              -118.722882,
              34.07945
            ],
            [
              -118.722877,
              34.07945
            ],
            [
              -118.72287200000001,
              34.079445
            ],
            [
              -118.72286700000001,
              34.079445
            ],
            [
              -118.722857,
              34.079435000000004
            ],
            [
              -118.722852,
              34.079435000000004
            ],
            [
              -118.722842,
              34.079425
            ],
            [
              -118.722837,
              34.079425
            ],
            [
              -118.722832,
              34.07942
            ],
            [
              -118.72282700000001,
              34.07942
            ],
            [
              -118.72282200000001,
              34.079415
            ],
            [
              -118.722812,
              34.079425
            ],
            [
              -118.722812,
              34.07943
            ],
            [
              -118.72278700000001,
              34.079455
            ],
            [
              -118.72278700000001,
              34.07946
            ],
            [
              -118.722762,
              34.079485
            ],
            [
              -118.722762,
              34.07949
            ],
            [
              -118.72273700000001,
              34.079515
            ],
            [
              -118.72273700000001,
              34.07952
            ],
            [
              -118.722727,
              34.07953
            ],
            [
              -118.72273200000001,
              34.079535
            ],
            [
              -118.72273700000001,
              34.079535
            ],
            [
              -118.722747,
              34.079545
            ],
            [
              -118.722752,
              34.079545
            ],
            [
              -118.722762,
              34.079555
            ],
            [
              -118.722767,
              34.079555
            ],
            [
              -118.72277700000001,
              34.079565
            ],
            [
              -118.72278200000001,
              34.079565
            ],
            [
              -118.722792,
              34.079575
            ],
            [
              -118.722797,
              34.079575
            ],
            [
              -118.722802,
              34.07958
            ],
            [
              -118.722802,
              34.079585
            ],
            [
              -118.722807,
              34.07959
            ],
            [
              -118.722807,
              34.079595
            ],
            [
              -118.722817,
              34.079605
            ],
            [
              -118.72282200000001,
              34.079605
            ],
            [
              -118.722837,
              34.07962
            ],
            [
              -118.722842,
              34.07962
            ],
            [
              -118.722857,
              34.079635
            ],
            [
              -118.722862,
              34.079635
            ],
            [
              -118.722877,
              34.07965
            ],
            [
              -118.722882,
              34.07965
            ],
            [
              -118.722887,
              34.079655
            ]
          ]
        ]
      },
      "properties": {
        "building_id": 251,
        "scenario_id": 1,
        "damage_class": "no-damage",
        "confidence": 0.4642,
        "probabilities": {
          "no-damage": 0.4642,
          "minor-damage": 0.0999,
          "major-damage": 0.4079,
          "destroyed": 0.028
        },
        "gt_damage_class": "no-damage",
        "source": "AI Prediction (Siamese ResNet18)",
        "is_prediction": true
      }
    },
    {
      "type": "Feature",
      "geometry": {
        "type": "Polygon",
        "coordinates": [
          [
            [
              -118.72027200000001,
              34.07994
            ],
            [
              -118.720312,
              34.0799
            ],
            [
              -118.720312,
              34.079895
            ],
            [
              -118.720347,
              34.079860000000004
            ],
            [
              -118.720342,
              34.079855
            ],
            [
              -118.720342,
              34.07985
            ],
            [
              -118.720332,
              34.07984
            ],
            [
              -118.720332,
              34.079835
            ],
            [
              -118.72032200000001,
              34.079825
            ],
            [
              -118.72032200000001,
              34.07982
            ],
            [
              -118.720312,
              34.07981
            ],
            [
              -118.720312,
              34.079805
            ],
            [
              -118.720302,
              34.079795
            ],
            [
              -118.720302,
              34.07979
            ],
            [
              -118.720292,
              34.07978
            ],
            [
              -118.720292,
              34.079775
            ],
            [
              -118.720282,
              34.079765
            ],
            [
              -118.720282,
              34.07976
            ],
            [
              -118.72027200000001,
              34.07975
            ],
            [
              -118.72027200000001,
              34.079745
            ],
            [
              -118.720262,
              34.079735
            ],
            [
              -118.720262,
              34.07973
            ],
            [
              -118.720252,
              34.07972
            ],
            [
              -118.720252,
              34.079715
            ],
            [
              -118.720242,
              34.079705
            ],
            [
              -118.720242,
              34.0797
            ],
            [
              -118.72023200000001,
              34.07969
            ],
            [
              -118.72023200000001,
              34.079685
            ],
            [
              -118.72022700000001,
              34.07968
            ],
            [
              -118.720157,
              34.07975
            ],
            [
              -118.720157,
              34.079765
            ],
            [
              -118.720162,
              34.07977
            ],
            [
              -118.720162,
              34.079775
            ],
            [
              -118.720172,
              34.079785
            ],
            [
              -118.720172,
              34.07979
            ],
            [
              -118.72018200000001,
              34.0798
            ],
            [
              -118.72018200000001,
              34.079805
            ],
            [
              -118.720192,
              34.079815
            ],
            [
              -118.720192,
              34.07982
            ],
            [
              -118.720202,
              34.07983
            ],
            [
              -118.720202,
              34.079835
            ],
            [
              -118.720212,
              34.079845
            ],
            [
              -118.720212,
              34.07985
            ],
            [
              -118.720217,
              34.079855
            ],
            [
              -118.720217,
              34.079860000000004
            ],
            [
              -118.72022700000001,
              34.07987
            ],
            [
              -118.72022700000001,
              34.079875
            ],
            [
              -118.720237,
              34.079885
            ],
            [
              -118.720237,
              34.07989
            ],
            [
              -118.720247,
              34.0799
            ],
            [
              -118.720247,
              34.079905000000004
            ],
            [
              -118.720257,
              34.079915
            ],
            [
              -118.720257,
              34.07992
            ],
            [
              -118.720267,
              34.07993
            ],
            [
              -118.720267,
              34.079935
            ],
            [
              -118.72027200000001,
              34.07994
            ]
          ]
        ]
      },
      "properties": {
        "building_id": 252,
        "scenario_id": 1,
        "damage_class": "no-damage",
        "confidence": 0.9406,
        "probabilities": {
          "no-damage": 0.9406,
          "minor-damage": 0.0204,
          "major-damage": 0.0192,
          "destroyed": 0.0198
        },
        "gt_damage_class": "no-damage",
        "source": "AI Prediction (Siamese ResNet18)",
        "is_prediction": true
      }
    },
    {
      "type": "Feature",
      "geometry": {
        "type": "Polygon",
        "coordinates": [
          [
            [
              -118.72358700000001,
              34.07999
            ],
            [
              -118.72359200000001,
              34.079985
            ],
            [
              -118.723602,
              34.079985
            ],
            [
              -118.723607,
              34.07998
            ],
            [
              -118.723612,
              34.07998
            ],
            [
              -118.723617,
              34.079975
            ],
            [
              -118.72362700000001,
              34.079975
            ],
            [
              -118.72363200000001,
              34.07997
            ],
            [
              -118.723642,
              34.07997
            ],
            [
              -118.723647,
              34.079965
            ],
            [
              -118.723652,
              34.079965
            ],
            [
              -118.723657,
              34.07996
            ],
            [
              -118.723667,
              34.07996
            ],
            [
              -118.72367200000001,
              34.079955
            ],
            [
              -118.72367700000001,
              34.079955
            ],
            [
              -118.72367700000001,
              34.079950000000004
            ],
            [
              -118.72367200000001,
              34.079945
            ],
            [
              -118.72367200000001,
              34.07994
            ],
            [
              -118.723667,
              34.079935
            ],
            [
              -118.723667,
              34.079925
            ],
            [
              -118.723662,
              34.07992
            ],
            [
              -118.723662,
              34.07991
            ],
            [
              -118.723657,
              34.079905000000004
            ],
            [
              -118.723657,
              34.0799
            ],
            [
              -118.723652,
              34.079895
            ],
            [
              -118.723652,
              34.079885
            ],
            [
              -118.723647,
              34.07988
            ],
            [
              -118.723647,
              34.07987
            ],
            [
              -118.723642,
              34.079865
            ],
            [
              -118.723642,
              34.079860000000004
            ],
            [
              -118.72363700000001,
              34.079855
            ],
            [
              -118.72363700000001,
              34.07985
            ],
            [
              -118.72363200000001,
              34.07985
            ],
            [
              -118.72362700000001,
              34.079855
            ],
            [
              -118.723622,
              34.079855
            ],
            [
              -118.723617,
              34.079860000000004
            ],
            [
              -118.723607,
              34.079860000000004
            ],
            [
              -118.723602,
              34.079865
            ],
            [
              -118.72359200000001,
              34.079865
            ],
            [
              -118.72358700000001,
              34.07987
            ],
            [
              -118.72358200000001,
              34.07987
            ],
            [
              -118.723577,
              34.079875
            ],
            [
              -118.723567,
              34.079875
            ],
            [
              -118.723562,
              34.07988
            ],
            [
              -118.723557,
              34.07988
            ],
            [
              -118.723552,
              34.079885
            ],
            [
              -118.72354700000001,
              34.079885
            ],
            [
              -118.72354700000001,
              34.07989
            ],
            [
              -118.723552,
              34.079895
            ],
            [
              -118.723552,
              34.079905000000004
            ],
            [
              -118.723557,
              34.07991
            ],
            [
              -118.723557,
              34.07992
            ],
            [
              -118.723562,
              34.079925
            ],
            [
              -118.723562,
              34.079935
            ],
            [
              -118.723567,
              34.07994
            ],
            [
              -118.723567,
              34.079950000000004
            ],
            [
              -118.723572,
              34.079955
            ],
            [
              -118.723572,
              34.079965
            ],
            [
              -118.723577,
              34.07997
            ],
            [
              -118.723577,
              34.07998
            ],
            [
              -118.72358200000001,
              34.079985
            ],
            [
              -118.72358200000001,
              34.07999
            ],
            [
              -118.72358700000001,
              34.07999
            ]
          ]
        ]
      },
      "properties": {
        "building_id": 253,
        "scenario_id": 1,
        "damage_class": "no-damage",
        "confidence": 0.9179,
        "probabilities": {
          "no-damage": 0.9179,
          "minor-damage": 0.0388,
          "major-damage": 0.0163,
          "destroyed": 0.027
        },
        "gt_damage_class": "no-damage",
        "source": "AI Prediction (Siamese ResNet18)",
        "is_prediction": true
      }
    },
    {
      "type": "Feature",
      "geometry": {
        "type": "Polygon",
        "coordinates": [
          [
            [
              -118.723507,
              34.08037
            ],
            [
              -118.723517,
              34.08036
            ],
            [
              -118.723522,
              34.08036
            ],
            [
              -118.72354200000001,
              34.08034
            ],
            [
              -118.72354700000001,
              34.08034
            ],
            [
              -118.723562,
              34.080325
            ],
            [
              -118.723567,
              34.080325
            ],
            [
              -118.72358700000001,
              34.080305
            ],
            [
              -118.72359200000001,
              34.080305
            ],
            [
              -118.723602,
              34.080295
            ],
            [
              -118.723527,
              34.08022
            ],
            [
              -118.723527,
              34.080215
            ],
            [
              -118.72345200000001,
              34.08014
            ],
            [
              -118.72345200000001,
              34.080135
            ],
            [
              -118.72345700000001,
              34.08013
            ],
            [
              -118.72345700000001,
              34.080125
            ],
            [
              -118.723462,
              34.08012
            ],
            [
              -118.723462,
              34.080115
            ],
            [
              -118.723467,
              34.08011
            ],
            [
              -118.723467,
              34.080105
            ],
            [
              -118.723477,
              34.080095
            ],
            [
              -118.72345200000001,
              34.08007
            ],
            [
              -118.72344700000001,
              34.08007
            ],
            [
              -118.723422,
              34.080045
            ],
            [
              -118.723397,
              34.08007
            ],
            [
              -118.723397,
              34.080075
            ],
            [
              -118.723352,
              34.08012
            ],
            [
              -118.723352,
              34.080125
            ],
            [
              -118.723327,
              34.08015
            ],
            [
              -118.723347,
              34.08017
            ],
            [
              -118.723347,
              34.080175
            ],
            [
              -118.72336700000001,
              34.080195
            ],
            [
              -118.723347,
              34.080215
            ],
            [
              -118.723347,
              34.08022
            ],
            [
              -118.723327,
              34.08024
            ],
            [
              -118.723332,
              34.080245
            ],
            [
              -118.723337,
              34.080245
            ],
            [
              -118.723352,
              34.08026
            ],
            [
              -118.72335700000001,
              34.08026
            ],
            [
              -118.723372,
              34.080275
            ],
            [
              -118.723377,
              34.080275
            ],
            [
              -118.723387,
              34.080285
            ],
            [
              -118.723392,
              34.080285
            ],
            [
              -118.72340700000001,
              34.0803
            ],
            [
              -118.72341200000001,
              34.0803
            ],
            [
              -118.723422,
              34.08031
            ],
            [
              -118.723427,
              34.08031
            ],
            [
              -118.723442,
              34.080325
            ],
            [
              -118.72344700000001,
              34.080325
            ],
            [
              -118.723462,
              34.08034
            ],
            [
              -118.723467,
              34.08034
            ],
            [
              -118.723477,
              34.08035
            ],
            [
              -118.723482,
              34.08035
            ],
            [
              -118.72349700000001,
              34.080365
            ],
            [
              -118.72350200000001,
              34.080365
            ],
            [
              -118.723507,
              34.08037
            ]
          ]
        ]
      },
      "properties": {
        "building_id": 254,
        "scenario_id": 1,
        "damage_class": "destroyed",
        "confidence": 0.4372,
        "probabilities": {
          "no-damage": 0.2112,
          "minor-damage": 0.2424,
          "major-damage": 0.1091,
          "destroyed": 0.4372
        },
        "gt_damage_class": "no-damage",
        "source": "AI Prediction (Siamese ResNet18)",
        "is_prediction": true
      }
    },
    {
      "type": "Feature",
      "geometry": {
        "type": "Polygon",
        "coordinates": [
          [
            [
              -118.722302,
              34.081195
            ],
            [
              -118.722317,
              34.08118
            ],
            [
              -118.722322,
              34.08118
            ],
            [
              -118.722432,
              34.08107
            ],
            [
              -118.722432,
              34.081065
            ],
            [
              -118.722437,
              34.08106
            ],
            [
              -118.722437,
              34.081055
            ],
            [
              -118.722442,
              34.08105
            ],
            [
              -118.722442,
              34.081045
            ],
            [
              -118.72242200000001,
              34.081025
            ],
            [
              -118.72242200000001,
              34.08102
            ],
            [
              -118.722387,
              34.080985
            ],
            [
              -118.722387,
              34.08098
            ],
            [
              -118.722347,
              34.08094
            ],
            [
              -118.722347,
              34.080935000000004
            ],
            [
              -118.722322,
              34.08091
            ],
            [
              -118.722317,
              34.08091
            ],
            [
              -118.722312,
              34.080905
            ],
            [
              -118.722307,
              34.080905
            ],
            [
              -118.722302,
              34.0809
            ],
            [
              -118.72224200000001,
              34.08096
            ],
            [
              -118.722237,
              34.08096
            ],
            [
              -118.722172,
              34.081025
            ],
            [
              -118.722257,
              34.08111
            ],
            [
              -118.722272,
              34.081095
            ],
            [
              -118.72228700000001,
              34.08111
            ],
            [
              -118.72228700000001,
              34.081115
            ],
            [
              -118.72229200000001,
              34.08112
            ],
            [
              -118.72229200000001,
              34.081125
            ],
            [
              -118.722282,
              34.081135
            ],
            [
              -118.722282,
              34.08114
            ],
            [
              -118.722267,
              34.081155
            ],
            [
              -118.72228700000001,
              34.081175
            ],
            [
              -118.72228700000001,
              34.08118
            ],
            [
              -118.722302,
              34.081195
            ]
          ]
        ]
      },
      "properties": {
        "building_id": 255,
        "scenario_id": 1,
        "damage_class": "minor-damage",
        "confidence": 0.5158,
        "probabilities": {
          "no-damage": 0.3017,
          "minor-damage": 0.5158,
          "major-damage": 0.141,
          "destroyed": 0.0415
        },
        "gt_damage_class": "no-damage",
        "source": "AI Prediction (Siamese ResNet18)",
        "is_prediction": true
      }
    },
    {
      "type": "Feature",
      "geometry": {
        "type": "Polygon",
        "coordinates": [
          [
            [
              -118.722572,
              34.08144
            ],
            [
              -118.722577,
              34.081435
            ],
            [
              -118.722582,
              34.081435
            ],
            [
              -118.72259700000001,
              34.08142
            ],
            [
              -118.72260200000001,
              34.08142
            ],
            [
              -118.722612,
              34.08141
            ],
            [
              -118.722617,
              34.08141
            ],
            [
              -118.722622,
              34.081405000000004
            ],
            [
              -118.722617,
              34.0814
            ],
            [
              -118.722617,
              34.081395
            ],
            [
              -118.722612,
              34.08139
            ],
            [
              -118.722612,
              34.081385
            ],
            [
              -118.72260700000001,
              34.08138
            ],
            [
              -118.72260700000001,
              34.081375
            ],
            [
              -118.72259700000001,
              34.081365
            ],
            [
              -118.72259700000001,
              34.081360000000004
            ],
            [
              -118.722592,
              34.081355
            ],
            [
              -118.722592,
              34.08135
            ],
            [
              -118.722587,
              34.081345
            ],
            [
              -118.722582,
              34.08135
            ],
            [
              -118.722577,
              34.08135
            ],
            [
              -118.722572,
              34.081355
            ],
            [
              -118.722567,
              34.081355
            ],
            [
              -118.72256200000001,
              34.081360000000004
            ],
            [
              -118.72255700000001,
              34.081360000000004
            ],
            [
              -118.72255200000001,
              34.081365
            ],
            [
              -118.722547,
              34.081365
            ],
            [
              -118.722542,
              34.08137
            ],
            [
              -118.722537,
              34.08137
            ],
            [
              -118.722532,
              34.081375
            ],
            [
              -118.722537,
              34.08138
            ],
            [
              -118.722537,
              34.081385
            ],
            [
              -118.722542,
              34.08139
            ],
            [
              -118.722542,
              34.081395
            ],
            [
              -118.72255200000001,
              34.081405000000004
            ],
            [
              -118.72255200000001,
              34.08141
            ],
            [
              -118.72256200000001,
              34.08142
            ],
            [
              -118.72256200000001,
              34.081425
            ],
            [
              -118.722567,
              34.08143
            ],
            [
              -118.722567,
              34.081435
            ],
            [
              -118.722572,
              34.08144
            ]
          ]
        ]
      },
      "properties": {
        "building_id": 256,
        "scenario_id": 1,
        "damage_class": "no-damage",
        "confidence": 0.8739,
        "probabilities": {
          "no-damage": 0.8739,
          "minor-damage": 0.0497,
          "major-damage": 0.0392,
          "destroyed": 0.0372
        },
        "gt_damage_class": "no-damage",
        "source": "AI Prediction (Siamese ResNet18)",
        "is_prediction": true
      }
    },
    {
      "type": "Feature",
      "geometry": {
        "type": "Polygon",
        "coordinates": [
          [
            [
              -118.72247200000001,
              34.08154
            ],
            [
              -118.722477,
              34.081535
            ],
            [
              -118.722482,
              34.081535
            ],
            [
              -118.722492,
              34.081525
            ],
            [
              -118.722497,
              34.081525
            ],
            [
              -118.722502,
              34.08152
            ],
            [
              -118.722502,
              34.081515
            ],
            [
              -118.72250700000001,
              34.08151
            ],
            [
              -118.72250700000001,
              34.0815
            ],
            [
              -118.72251200000001,
              34.081495
            ],
            [
              -118.72251200000001,
              34.08148
            ],
            [
              -118.72251700000001,
              34.081475
            ],
            [
              -118.72251700000001,
              34.08146
            ],
            [
              -118.722522,
              34.081455
            ],
            [
              -118.722522,
              34.08144
            ],
            [
              -118.722527,
              34.081435
            ],
            [
              -118.722527,
              34.081425
            ],
            [
              -118.722522,
              34.081425
            ],
            [
              -118.72251700000001,
              34.08142
            ],
            [
              -118.72251200000001,
              34.08142
            ],
            [
              -118.72250700000001,
              34.081415
            ],
            [
              -118.722502,
              34.081415
            ],
            [
              -118.722497,
              34.08141
            ],
            [
              -118.722492,
              34.081415
            ],
            [
              -118.722487,
              34.081415
            ],
            [
              -118.72247200000001,
              34.08143
            ],
            [
              -118.72246700000001,
              34.08143
            ],
            [
              -118.722452,
              34.081445
            ],
            [
              -118.722447,
              34.081445
            ],
            [
              -118.722432,
              34.08146
            ],
            [
              -118.72242700000001,
              34.08146
            ],
            [
              -118.72241700000001,
              34.08147
            ],
            [
              -118.72242700000001,
              34.08148
            ],
            [
              -118.72242700000001,
              34.081485
            ],
            [
              -118.722447,
              34.081505
            ],
            [
              -118.722447,
              34.08151
            ],
            [
              -118.72246200000001,
              34.081525
            ],
            [
              -118.72246200000001,
              34.08153
            ],
            [
              -118.72247200000001,
              34.08154
            ]
          ]
        ]
      },
      "properties": {
        "building_id": 257,
        "scenario_id": 1,
        "damage_class": "no-damage",
        "confidence": 0.8673,
        "probabilities": {
          "no-damage": 0.8673,
          "minor-damage": 0.0161,
          "major-damage": 0.0473,
          "destroyed": 0.0693
        },
        "gt_damage_class": "no-damage",
        "source": "AI Prediction (Siamese ResNet18)",
        "is_prediction": true
      }
    },
    {
      "type": "Feature",
      "geometry": {
        "type": "Polygon",
        "coordinates": [
          [
            [
              -118.722972,
              34.08162
            ],
            [
              -118.722972,
              34.081615
            ],
            [
              -118.722977,
              34.08161
            ],
            [
              -118.722977,
              34.081595
            ],
            [
              -118.722982,
              34.08159
            ],
            [
              -118.722982,
              34.081575
            ],
            [
              -118.722987,
              34.08157
            ],
            [
              -118.722987,
              34.081555
            ],
            [
              -118.722992,
              34.08155
            ],
            [
              -118.722992,
              34.08154
            ],
            [
              -118.722997,
              34.081535
            ],
            [
              -118.722997,
              34.08152
            ],
            [
              -118.72300200000001,
              34.081515
            ],
            [
              -118.72300200000001,
              34.0815
            ],
            [
              -118.72300700000001,
              34.081495
            ],
            [
              -118.72300700000001,
              34.08148
            ],
            [
              -118.723012,
              34.081475
            ],
            [
              -118.723012,
              34.081465
            ],
            [
              -118.723017,
              34.08146
            ],
            [
              -118.723017,
              34.081450000000004
            ],
            [
              -118.723027,
              34.08144
            ],
            [
              -118.723037,
              34.08144
            ],
            [
              -118.723042,
              34.081445
            ],
            [
              -118.723072,
              34.081445
            ],
            [
              -118.723077,
              34.081450000000004
            ],
            [
              -118.723102,
              34.081450000000004
            ],
            [
              -118.723107,
              34.081455
            ],
            [
              -118.72313700000001,
              34.081455
            ],
            [
              -118.72314200000001,
              34.08146
            ],
            [
              -118.723157,
              34.08146
            ],
            [
              -118.723157,
              34.081455
            ],
            [
              -118.723162,
              34.081450000000004
            ],
            [
              -118.723162,
              34.081445
            ],
            [
              -118.723167,
              34.08144
            ],
            [
              -118.723167,
              34.08143
            ],
            [
              -118.723172,
              34.081425
            ],
            [
              -118.723172,
              34.08142
            ],
            [
              -118.723177,
              34.081415
            ],
            [
              -118.723177,
              34.08141
            ],
            [
              -118.72318200000001,
              34.081405000000004
            ],
            [
              -118.72318200000001,
              34.081395
            ],
            [
              -118.72318700000001,
              34.08139
            ],
            [
              -118.72318700000001,
              34.081385
            ],
            [
              -118.723192,
              34.08138
            ],
            [
              -118.723192,
              34.081375
            ],
            [
              -118.72318200000001,
              34.081375
            ],
            [
              -118.723177,
              34.08137
            ],
            [
              -118.723157,
              34.08137
            ],
            [
              -118.723152,
              34.081365
            ],
            [
              -118.72313700000001,
              34.081365
            ],
            [
              -118.723132,
              34.081360000000004
            ],
            [
              -118.723112,
              34.081360000000004
            ],
            [
              -118.723107,
              34.081355
            ],
            [
              -118.723087,
              34.081355
            ],
            [
              -118.723082,
              34.08135
            ],
            [
              -118.723067,
              34.08135
            ],
            [
              -118.723062,
              34.081345
            ],
            [
              -118.72305200000001,
              34.081345
            ],
            [
              -118.72304700000001,
              34.08134
            ],
            [
              -118.72304700000001,
              34.081335
            ],
            [
              -118.723042,
              34.08133
            ],
            [
              -118.723042,
              34.081325
            ],
            [
              -118.723037,
              34.08132
            ],
            [
              -118.723037,
              34.081315000000004
            ],
            [
              -118.723032,
              34.08131
            ],
            [
              -118.723032,
              34.081305
            ],
            [
              -118.723027,
              34.0813
            ],
            [
              -118.723027,
              34.081295
            ],
            [
              -118.723022,
              34.08129
            ],
            [
              -118.723022,
              34.081285
            ],
            [
              -118.723017,
              34.08128
            ],
            [
              -118.723017,
              34.081275
            ],
            [
              -118.723012,
              34.08127
            ],
            [
              -118.723012,
              34.081265
            ],
            [
              -118.72300700000001,
              34.08126
            ],
            [
              -118.72300700000001,
              34.081255
            ],
            [
              -118.722997,
              34.081245
            ],
            [
              -118.722997,
              34.08124
            ],
            [
              -118.722992,
              34.081235
            ],
            [
              -118.722992,
              34.08123
            ],
            [
              -118.722987,
              34.081225
            ],
            [
              -118.722987,
              34.08122
            ],
            [
              -118.722982,
              34.081215
            ],
            [
              -118.722982,
              34.08121
            ],
            [
              -118.722977,
              34.081205
            ],
            [
              -118.722977,
              34.0812
            ],
            [
              -118.722972,
              34.081195
            ],
            [
              -118.722972,
              34.08119
            ],
            [
              -118.722967,
              34.081185
            ],
            [
              -118.722967,
              34.08118
            ],
            [
              -118.72296200000001,
              34.081175
            ],
            [
              -118.72296200000001,
              34.08117
            ],
            [
              -118.72295700000001,
              34.081165
            ],
            [
              -118.72295700000001,
              34.08116
            ],
            [
              -118.722952,
              34.081155
            ],
            [
              -118.722947,
              34.08116
            ],
            [
              -118.722942,
              34.08116
            ],
            [
              -118.722937,
              34.081165
            ],
            [
              -118.722932,
              34.081165
            ],
            [
              -118.722927,
              34.08117
            ],
            [
              -118.722922,
              34.08117
            ],
            [
              -118.72291700000001,
              34.081175
            ],
            [
              -118.72291200000001,
              34.081175
            ],
            [
              -118.722907,
              34.08118
            ],
            [
              -118.722902,
              34.08118
            ],
            [
              -118.722897,
              34.081185
            ],
            [
              -118.722892,
              34.081185
            ],
            [
              -118.722882,
              34.081195
            ],
            [
              -118.722877,
              34.081195
            ],
            [
              -118.72287200000001,
              34.0812
            ],
            [
              -118.72286700000001,
              34.0812
            ],
            [
              -118.722862,
              34.081205
            ],
            [
              -118.722857,
              34.081205
            ],
            [
              -118.722852,
              34.08121
            ],
            [
              -118.722847,
              34.08121
            ],
            [
              -118.722842,
              34.081215
            ],
            [
              -118.722837,
              34.081215
            ],
            [
              -118.722832,
              34.08122
            ],
            [
              -118.72282700000001,
              34.08122
            ],
            [
              -118.72282200000001,
              34.081225
            ],
            [
              -118.72282200000001,
              34.08123
            ],
            [
              -118.72282700000001,
              34.081235
            ],
            [
              -118.72282700000001,
              34.08124
            ],
            [
              -118.722832,
              34.081245
            ],
            [
              -118.722832,
              34.08125
            ],
            [
              -118.722837,
              34.081255
            ],
            [
              -118.722837,
              34.08126
            ],
            [
              -118.722842,
              34.081265
            ],
            [
              -118.722842,
              34.08127
            ],
            [
              -118.722847,
              34.081275
            ],
            [
              -118.722847,
              34.081285
            ],
            [
              -118.722852,
              34.08129
            ],
            [
              -118.722852,
              34.081295
            ],
            [
              -118.722857,
              34.0813
            ],
            [
              -118.722857,
              34.081305
            ],
            [
              -118.722862,
              34.08131
            ],
            [
              -118.722862,
              34.081315000000004
            ],
            [
              -118.72286700000001,
              34.08132
            ],
            [
              -118.72286700000001,
              34.081325
            ],
            [
              -118.722847,
              34.081345
            ],
            [
              -118.722842,
              34.081345
            ],
            [
              -118.722832,
              34.081355
            ],
            [
              -118.72282700000001,
              34.081355
            ],
            [
              -118.72282200000001,
              34.081360000000004
            ],
            [
              -118.722817,
              34.081360000000004
            ],
            [
              -118.722807,
              34.08137
            ],
            [
              -118.722802,
              34.08137
            ],
            [
              -118.722797,
              34.081375
            ],
            [
              -118.722802,
              34.08138
            ],
            [
              -118.722802,
              34.081385
            ],
            [
              -118.722807,
              34.08139
            ],
            [
              -118.722807,
              34.081395
            ],
            [
              -118.722812,
              34.0814
            ],
            [
              -118.722812,
              34.081405000000004
            ],
            [
              -118.722817,
              34.08141
            ],
            [
              -118.722817,
              34.081415
            ],
            [
              -118.72282200000001,
              34.08142
            ],
            [
              -118.72282200000001,
              34.081425
            ],
            [
              -118.72282700000001,
              34.08143
            ],
            [
              -118.72282700000001,
              34.081435
            ],
            [
              -118.722837,
              34.081445
            ],
            [
              -118.722837,
              34.081450000000004
            ],
            [
              -118.722842,
              34.081455
            ],
            [
              -118.722842,
              34.08146
            ],
            [
              -118.722847,
              34.081465
            ],
            [
              -118.722847,
              34.08147
            ],
            [
              -118.722852,
              34.081475
            ],
            [
              -118.722852,
              34.08148
            ],
            [
              -118.722857,
              34.081485
            ],
            [
              -118.722857,
              34.08149
            ],
            [
              -118.722862,
              34.081495
            ],
            [
              -118.722862,
              34.0815
            ],
            [
              -118.72286700000001,
              34.081505
            ],
            [
              -118.72286700000001,
              34.08151
            ],
            [
              -118.72287200000001,
              34.081515
            ],
            [
              -118.722877,
              34.08151
            ],
            [
              -118.722882,
              34.08151
            ],
            [
              -118.722892,
              34.0815
            ],
            [
              -118.722897,
              34.0815
            ],
            [
              -118.722907,
              34.08149
            ],
            [
              -118.72291200000001,
              34.08149
            ],
            [
              -118.72291700000001,
              34.081495
            ],
            [
              -118.72291200000001,
              34.0815
            ],
            [
              -118.72291200000001,
              34.081515
            ],
            [
              -118.722907,
              34.08152
            ],
            [
              -118.722907,
              34.08154
            ],
            [
              -118.722902,
              34.081545
            ],
            [
              -118.722902,
              34.081565
            ],
            [
              -118.722897,
              34.08157
            ],
            [
              -118.722897,
              34.081585
            ],
            [
              -118.722892,
              34.08159
            ],
            [
              -118.722892,
              34.0816
            ],
            [
              -118.722897,
              34.0816
            ],
            [
              -118.722902,
              34.081605
            ],
            [
              -118.72291700000001,
              34.081605
            ],
            [
              -118.722922,
              34.08161
            ],
            [
              -118.722937,
              34.08161
            ],
            [
              -118.722942,
              34.081615
            ],
            [
              -118.72295700000001,
              34.081615
            ],
            [
              -118.72296200000001,
              34.08162
            ],
            [
              -118.722972,
              34.08162
            ]
          ]
        ]
      },
      "properties": {
        "building_id": 258,
        "scenario_id": 1,
        "damage_class": "minor-damage",
        "confidence": 0.7715,
        "probabilities": {
          "no-damage": 0.1869,
          "minor-damage": 0.7715,
          "major-damage": 0.0244,
          "destroyed": 0.0171
        },
        "gt_damage_class": "no-damage",
        "source": "AI Prediction (Siamese ResNet18)",
        "is_prediction": true
      }
    },
    {
      "type": "Feature",
      "geometry": {
        "type": "Polygon",
        "coordinates": [
          [
            [
              -118.722807,
              34.08181
            ],
            [
              -118.722812,
              34.081805
            ],
            [
              -118.722817,
              34.081805
            ],
            [
              -118.72282700000001,
              34.081795
            ],
            [
              -118.722832,
              34.081795
            ],
            [
              -118.722842,
              34.081785
            ],
            [
              -118.722847,
              34.081785
            ],
            [
              -118.722857,
              34.081775
            ],
            [
              -118.722862,
              34.081775
            ],
            [
              -118.72287200000001,
              34.081765
            ],
            [
              -118.722877,
              34.081765
            ],
            [
              -118.72287200000001,
              34.08176
            ],
            [
              -118.72287200000001,
              34.081755
            ],
            [
              -118.72286700000001,
              34.08175
            ],
            [
              -118.72286700000001,
              34.081745
            ],
            [
              -118.722857,
              34.081735
            ],
            [
              -118.722857,
              34.08173
            ],
            [
              -118.722852,
              34.081725
            ],
            [
              -118.722852,
              34.08172
            ],
            [
              -118.722847,
              34.081715
            ],
            [
              -118.722847,
              34.08171
            ],
            [
              -118.722837,
              34.0817
            ],
            [
              -118.722837,
              34.081695
            ],
            [
              -118.722832,
              34.08169
            ],
            [
              -118.722832,
              34.081685
            ],
            [
              -118.72282200000001,
              34.081675
            ],
            [
              -118.72282200000001,
              34.08167
            ],
            [
              -118.722817,
              34.081665
            ],
            [
              -118.722817,
              34.08166
            ],
            [
              -118.722807,
              34.08165
            ],
            [
              -118.722807,
              34.081645
            ],
            [
              -118.722797,
              34.081635
            ],
            [
              -118.722797,
              34.08163
            ],
            [
              -118.72278700000001,
              34.08162
            ],
            [
              -118.72278700000001,
              34.081615
            ],
            [
              -118.72277700000001,
              34.081605
            ],
            [
              -118.72277700000001,
              34.0816
            ],
            [
              -118.722767,
              34.08159
            ],
            [
              -118.722767,
              34.081585
            ],
            [
              -118.722757,
              34.081575
            ],
            [
              -118.722757,
              34.08157
            ],
            [
              -118.72274200000001,
              34.081555
            ],
            [
              -118.72274200000001,
              34.08155
            ],
            [
              -118.72273200000001,
              34.08154
            ],
            [
              -118.72273200000001,
              34.081535
            ],
            [
              -118.722722,
              34.081525
            ],
            [
              -118.722722,
              34.08152
            ],
            [
              -118.722712,
              34.08151
            ],
            [
              -118.722712,
              34.081505
            ],
            [
              -118.722702,
              34.081495
            ],
            [
              -118.722702,
              34.08149
            ],
            [
              -118.722662,
              34.081450000000004
            ],
            [
              -118.722657,
              34.081450000000004
            ],
            [
              -118.72265200000001,
              34.081455
            ],
            [
              -118.72264700000001,
              34.081455
            ],
            [
              -118.72264200000001,
              34.08146
            ],
            [
              -118.722637,
              34.08146
            ],
            [
              -118.722632,
              34.081465
            ],
            [
              -118.722627,
              34.081465
            ],
            [
              -118.722622,
              34.08147
            ],
            [
              -118.722627,
              34.081475
            ],
            [
              -118.722627,
              34.08148
            ],
            [
              -118.722637,
              34.08149
            ],
            [
              -118.722637,
              34.081495
            ],
            [
              -118.72264200000001,
              34.0815
            ],
            [
              -118.72264200000001,
              34.08151
            ],
            [
              -118.722662,
              34.08153
            ],
            [
              -118.722662,
              34.081535
            ],
            [
              -118.722677,
              34.08155
            ],
            [
              -118.722677,
              34.081565
            ],
            [
              -118.722717,
              34.081605
            ],
            [
              -118.722717,
              34.081615
            ],
            [
              -118.722712,
              34.08162
            ],
            [
              -118.722712,
              34.081625
            ],
            [
              -118.722717,
              34.08163
            ],
            [
              -118.722717,
              34.081635
            ],
            [
              -118.722727,
              34.081645
            ],
            [
              -118.722727,
              34.08165
            ],
            [
              -118.72274200000001,
              34.081665
            ],
            [
              -118.72274200000001,
              34.08167
            ],
            [
              -118.722752,
              34.08168
            ],
            [
              -118.722752,
              34.081685
            ],
            [
              -118.722762,
              34.081695
            ],
            [
              -118.722762,
              34.0817
            ],
            [
              -118.722767,
              34.081705
            ],
            [
              -118.722772,
              34.0817
            ],
            [
              -118.72277700000001,
              34.0817
            ],
            [
              -118.72278200000001,
              34.081705
            ],
            [
              -118.72278200000001,
              34.08171
            ],
            [
              -118.72278700000001,
              34.081715
            ],
            [
              -118.72278700000001,
              34.081735
            ],
            [
              -118.722792,
              34.08174
            ],
            [
              -118.722792,
              34.081745
            ],
            [
              -118.722797,
              34.08175
            ],
            [
              -118.722797,
              34.081755
            ],
            [
              -118.722802,
              34.08176
            ],
            [
              -118.722797,
              34.081765
            ],
            [
              -118.722792,
              34.081765
            ],
            [
              -118.72278700000001,
              34.08177
            ],
            [
              -118.722792,
              34.081775
            ],
            [
              -118.722792,
              34.08178
            ],
            [
              -118.722797,
              34.081785
            ],
            [
              -118.722797,
              34.08179
            ],
            [
              -118.722802,
              34.081795
            ],
            [
              -118.722802,
              34.0818
            ],
            [
              -118.722807,
              34.081805
            ],
            [
              -118.722807,
              34.08181
            ]
          ]
        ]
      },
      "properties": {
        "building_id": 259,
        "scenario_id": 1,
        "damage_class": "no-damage",
        "confidence": 0.8501,
        "probabilities": {
          "no-damage": 0.8501,
          "minor-damage": 0.0516,
          "major-damage": 0.0623,
          "destroyed": 0.0359
        },
        "gt_damage_class": "no-damage",
        "source": "AI Prediction (Siamese ResNet18)",
        "is_prediction": true
      }
    },
    {
      "type": "Feature",
      "geometry": {
        "type": "Polygon",
        "coordinates": [
          [
            [
              -118.72466200000001,
              34.082165
            ],
            [
              -118.72466200000001,
              34.082155
            ],
            [
              -118.72466700000001,
              34.08215
            ],
            [
              -118.72466700000001,
              34.08213
            ],
            [
              -118.724672,
              34.082125
            ],
            [
              -118.724672,
              34.08211
            ],
            [
              -118.724677,
              34.082105
            ],
            [
              -118.724677,
              34.082085
            ],
            [
              -118.724682,
              34.08208
            ],
            [
              -118.724682,
              34.08207
            ],
            [
              -118.724672,
              34.08207
            ],
            [
              -118.72466700000001,
              34.082065
            ],
            [
              -118.724642,
              34.082065
            ],
            [
              -118.724637,
              34.08206
            ],
            [
              -118.724627,
              34.08206
            ],
            [
              -118.724627,
              34.082065
            ],
            [
              -118.72462200000001,
              34.08207
            ],
            [
              -118.72462200000001,
              34.082085
            ],
            [
              -118.72461700000001,
              34.08209
            ],
            [
              -118.72461700000001,
              34.082105
            ],
            [
              -118.72461200000001,
              34.08211
            ],
            [
              -118.72461200000001,
              34.08212
            ],
            [
              -118.724607,
              34.082125
            ],
            [
              -118.724607,
              34.08214
            ],
            [
              -118.724602,
              34.082145
            ],
            [
              -118.724602,
              34.08215
            ],
            [
              -118.724607,
              34.08215
            ],
            [
              -118.72461200000001,
              34.082155
            ],
            [
              -118.724627,
              34.082155
            ],
            [
              -118.724632,
              34.08216
            ],
            [
              -118.724647,
              34.08216
            ],
            [
              -118.724652,
              34.082165
            ],
            [
              -118.72466200000001,
              34.082165
            ]
          ]
        ]
      },
      "properties": {
        "building_id": 260,
        "scenario_id": 1,
        "damage_class": "no-damage",
        "confidence": 0.8211,
        "probabilities": {
          "no-damage": 0.8211,
          "minor-damage": 0.0135,
          "major-damage": 0.0253,
          "destroyed": 0.1401
        },
        "gt_damage_class": "no-damage",
        "source": "AI Prediction (Siamese ResNet18)",
        "is_prediction": true
      }
    },
    {
      "type": "Feature",
      "geometry": {
        "type": "Polygon",
        "coordinates": [
          [
            [
              -118.723697,
              34.067702
            ],
            [
              -118.723697,
              34.067667
            ],
            [
              -118.723692,
              34.067662
            ],
            [
              -118.723692,
              34.067631999999996
            ],
            [
              -118.723662,
              34.067631999999996
            ],
            [
              -118.723657,
              34.067626999999995
            ],
            [
              -118.72362700000001,
              34.067626999999995
            ],
            [
              -118.72362700000001,
              34.067657
            ],
            [
              -118.723622,
              34.067662
            ],
            [
              -118.723622,
              34.067692
            ],
            [
              -118.72363700000001,
              34.067692
            ],
            [
              -118.723642,
              34.067696999999995
            ],
            [
              -118.72367700000001,
              34.067696999999995
            ],
            [
              -118.72368200000001,
              34.067702
            ],
            [
              -118.723697,
              34.067702
            ]
          ]
        ]
      },
      "properties": {
        "building_id": 261,
        "scenario_id": 1,
        "damage_class": "no-damage",
        "confidence": 0.923,
        "probabilities": {
          "no-damage": 0.923,
          "minor-damage": 0.0172,
          "major-damage": 0.0352,
          "destroyed": 0.0246
        },
        "gt_damage_class": "no-damage",
        "source": "AI Prediction (Siamese ResNet18)",
        "is_prediction": true
      }
    },
    {
      "type": "Feature",
      "geometry": {
        "type": "Polygon",
        "coordinates": [
          [
            [
              -118.721767,
              34.067806999999995
            ],
            [
              -118.721772,
              34.067802
            ],
            [
              -118.721772,
              34.067797
            ],
            [
              -118.721777,
              34.067792
            ],
            [
              -118.721777,
              34.067786999999996
            ],
            [
              -118.721782,
              34.067782
            ],
            [
              -118.721782,
              34.067777
            ],
            [
              -118.721787,
              34.067772
            ],
            [
              -118.721787,
              34.067766999999996
            ],
            [
              -118.72179200000001,
              34.067761999999995
            ],
            [
              -118.72179200000001,
              34.067757
            ],
            [
              -118.72179700000001,
              34.067752
            ],
            [
              -118.72179700000001,
              34.067747
            ],
            [
              -118.72180200000001,
              34.067741999999996
            ],
            [
              -118.72180200000001,
              34.067737
            ],
            [
              -118.721807,
              34.067732
            ],
            [
              -118.721807,
              34.067727
            ],
            [
              -118.721812,
              34.067721999999996
            ],
            [
              -118.721812,
              34.067716999999995
            ],
            [
              -118.721817,
              34.067712
            ],
            [
              -118.721817,
              34.067707
            ],
            [
              -118.721822,
              34.067702
            ],
            [
              -118.721822,
              34.067696999999995
            ],
            [
              -118.721827,
              34.067692
            ],
            [
              -118.721827,
              34.067687
            ],
            [
              -118.721832,
              34.067682
            ],
            [
              -118.721832,
              34.067676999999996
            ],
            [
              -118.72183700000001,
              34.067671999999995
            ],
            [
              -118.72183700000001,
              34.067667
            ],
            [
              -118.72184200000001,
              34.067662
            ],
            [
              -118.72183700000001,
              34.067657
            ],
            [
              -118.721832,
              34.067657
            ],
            [
              -118.721827,
              34.067651999999995
            ],
            [
              -118.721822,
              34.067651999999995
            ],
            [
              -118.721817,
              34.067647
            ],
            [
              -118.721812,
              34.067647
            ],
            [
              -118.721807,
              34.067642
            ],
            [
              -118.72180200000001,
              34.067642
            ],
            [
              -118.72179200000001,
              34.067631999999996
            ],
            [
              -118.721787,
              34.067631999999996
            ],
            [
              -118.721782,
              34.067626999999995
            ],
            [
              -118.721777,
              34.067626999999995
            ],
            [
              -118.721772,
              34.067622
            ],
            [
              -118.721767,
              34.067622
            ],
            [
              -118.721762,
              34.067617
            ],
            [
              -118.72175700000001,
              34.067617
            ],
            [
              -118.72174700000001,
              34.067606999999995
            ],
            [
              -118.721742,
              34.067606999999995
            ],
            [
              -118.721737,
              34.067602
            ],
            [
              -118.721732,
              34.067602
            ],
            [
              -118.721727,
              34.067597
            ],
            [
              -118.721722,
              34.067597
            ],
            [
              -118.72171200000001,
              34.067586999999996
            ],
            [
              -118.72170700000001,
              34.067586999999996
            ],
            [
              -118.72170200000001,
              34.067581999999994
            ],
            [
              -118.721697,
              34.067581999999994
            ],
            [
              -118.721692,
              34.067577
            ],
            [
              -118.721687,
              34.067577
            ],
            [
              -118.721682,
              34.067572
            ],
            [
              -118.721677,
              34.067572
            ],
            [
              -118.721672,
              34.067567
            ],
            [
              -118.721692,
              34.067547
            ],
            [
              -118.721692,
              34.067541999999996
            ],
            [
              -118.721687,
              34.067536999999994
            ],
            [
              -118.721687,
              34.067527
            ],
            [
              -118.721682,
              34.067522
            ],
            [
              -118.721682,
              34.067512
            ],
            [
              -118.721677,
              34.067507
            ],
            [
              -118.721677,
              34.067502
            ],
            [
              -118.721672,
              34.067496999999996
            ],
            [
              -118.721672,
              34.067491999999994
            ],
            [
              -118.72166200000001,
              34.067482
            ],
            [
              -118.72166200000001,
              34.067467
            ],
            [
              -118.72166700000001,
              34.067462
            ],
            [
              -118.72166700000001,
              34.067446999999994
            ],
            [
              -118.72165700000001,
              34.067446999999994
            ],
            [
              -118.721652,
              34.067442
            ],
            [
              -118.721637,
              34.067442
            ],
            [
              -118.721632,
              34.067437
            ],
            [
              -118.72161700000001,
              34.067437
            ],
            [
              -118.72161200000001,
              34.067432
            ],
            [
              -118.721597,
              34.067432
            ],
            [
              -118.721592,
              34.067426999999995
            ],
            [
              -118.72157700000001,
              34.067426999999995
            ],
            [
              -118.72157200000001,
              34.067422
            ],
            [
              -118.721557,
              34.067422
            ],
            [
              -118.721552,
              34.067417
            ],
            [
              -118.721537,
              34.067417
            ],
            [
              -118.72153200000001,
              34.067412
            ],
            [
              -118.72152700000001,
              34.067412
            ],
            [
              -118.72152700000001,
              34.067417
            ],
            [
              -118.72152200000001,
              34.067422
            ],
            [
              -118.72152200000001,
              34.067426999999995
            ],
            [
              -118.721517,
              34.067432
            ],
            [
              -118.721517,
              34.067437
            ],
            [
              -118.721512,
              34.067442
            ],
            [
              -118.721512,
              34.067451999999996
            ],
            [
              -118.721507,
              34.067457
            ],
            [
              -118.721507,
              34.067462
            ],
            [
              -118.721502,
              34.067467
            ],
            [
              -118.721502,
              34.067471999999995
            ],
            [
              -118.72148700000001,
              34.067487
            ],
            [
              -118.721472,
              34.067487
            ],
            [
              -118.721467,
              34.067491999999994
            ],
            [
              -118.721452,
              34.067491999999994
            ],
            [
              -118.721447,
              34.067496999999996
            ],
            [
              -118.72143200000001,
              34.067496999999996
            ],
            [
              -118.721427,
              34.067502
            ],
            [
              -118.721422,
              34.067502
            ],
            [
              -118.721422,
              34.067507
            ],
            [
              -118.721427,
              34.067512
            ],
            [
              -118.721427,
              34.067527
            ],
            [
              -118.72143200000001,
              34.067532
            ],
            [
              -118.72143200000001,
              34.067547
            ],
            [
              -118.72143700000001,
              34.067552
            ],
            [
              -118.72143700000001,
              34.067567
            ],
            [
              -118.72144200000001,
              34.067572
            ],
            [
              -118.72144200000001,
              34.067586999999996
            ],
            [
              -118.721447,
              34.067592
            ],
            [
              -118.721447,
              34.067597
            ],
            [
              -118.721457,
              34.067597
            ],
            [
              -118.721462,
              34.067592
            ],
            [
              -118.72148200000001,
              34.067592
            ],
            [
              -118.72148700000001,
              34.067586999999996
            ],
            [
              -118.721492,
              34.067586999999996
            ],
            [
              -118.721497,
              34.067592
            ],
            [
              -118.721497,
              34.067647
            ],
            [
              -118.721492,
              34.067651999999995
            ],
            [
              -118.721492,
              34.067712
            ],
            [
              -118.721497,
              34.067716999999995
            ],
            [
              -118.721502,
              34.067716999999995
            ],
            [
              -118.721512,
              34.067727
            ],
            [
              -118.721517,
              34.067727
            ],
            [
              -118.72152200000001,
              34.067732
            ],
            [
              -118.72152700000001,
              34.067732
            ],
            [
              -118.721537,
              34.067741999999996
            ],
            [
              -118.721542,
              34.067741999999996
            ],
            [
              -118.721552,
              34.067752
            ],
            [
              -118.721557,
              34.067752
            ],
            [
              -118.721562,
              34.067757
            ],
            [
              -118.72156700000001,
              34.067757
            ],
            [
              -118.72157700000001,
              34.067766999999996
            ],
            [
              -118.721582,
              34.067766999999996
            ],
            [
              -118.721587,
              34.067772
            ],
            [
              -118.721592,
              34.067766999999996
            ],
            [
              -118.721592,
              34.067761999999995
            ],
            [
              -118.721597,
              34.067757
            ],
            [
              -118.721597,
              34.067752
            ],
            [
              -118.721602,
              34.067747
            ],
            [
              -118.72161200000001,
              34.067747
            ],
            [
              -118.72161700000001,
              34.067752
            ],
            [
              -118.72162200000001,
              34.067752
            ],
            [
              -118.721627,
              34.067757
            ],
            [
              -118.721632,
              34.067757
            ],
            [
              -118.721637,
              34.067761999999995
            ],
            [
              -118.721642,
              34.067761999999995
            ],
            [
              -118.721647,
              34.067766999999996
            ],
            [
              -118.72165700000001,
              34.067757
            ],
            [
              -118.72165700000001,
              34.067752
            ],
            [
              -118.72166200000001,
              34.067747
            ],
            [
              -118.72166700000001,
              34.067752
            ],
            [
              -118.721672,
              34.067752
            ],
            [
              -118.721677,
              34.067757
            ],
            [
              -118.721682,
              34.067757
            ],
            [
              -118.721687,
              34.067761999999995
            ],
            [
              -118.721692,
              34.067761999999995
            ],
            [
              -118.72170200000001,
              34.067772
            ],
            [
              -118.72170700000001,
              34.067772
            ],
            [
              -118.72171200000001,
              34.067777
            ],
            [
              -118.721717,
              34.067777
            ],
            [
              -118.721722,
              34.067782
            ],
            [
              -118.721727,
              34.067782
            ],
            [
              -118.721737,
              34.067792
            ],
            [
              -118.721742,
              34.067792
            ],
            [
              -118.72174700000001,
              34.067797
            ],
            [
              -118.72175200000001,
              34.067797
            ],
            [
              -118.72175700000001,
              34.067802
            ],
            [
              -118.721762,
              34.067802
            ],
            [
              -118.721767,
              34.067806999999995
            ]
          ]
        ]
      },
      "properties": {
        "building_id": 262,
        "scenario_id": 1,
        "damage_class": "minor-damage",
        "confidence": 0.5624,
        "probabilities": {
          "no-damage": 0.31,
          "minor-damage": 0.5624,
          "major-damage": 0.0973,
          "destroyed": 0.0304
        },
        "gt_damage_class": "no-damage",
        "source": "AI Prediction (Siamese ResNet18)",
        "is_prediction": true
      }
    },
    {
      "type": "Feature",
      "geometry": {
        "type": "Polygon",
        "coordinates": [
          [
            [
              -118.722272,
              34.067831999999996
            ],
            [
              -118.722272,
              34.067802
            ],
            [
              -118.722267,
              34.067797
            ],
            [
              -118.722267,
              34.067716999999995
            ],
            [
              -118.72220200000001,
              34.067716999999995
            ],
            [
              -118.72215200000001,
              34.067667
            ],
            [
              -118.72215200000001,
              34.067637
            ],
            [
              -118.72215700000001,
              34.067631999999996
            ],
            [
              -118.72215700000001,
              34.067602
            ],
            [
              -118.722132,
              34.067602
            ],
            [
              -118.722127,
              34.067606999999995
            ],
            [
              -118.722082,
              34.067606999999995
            ],
            [
              -118.722077,
              34.067612
            ],
            [
              -118.722052,
              34.067612
            ],
            [
              -118.722052,
              34.067721999999996
            ],
            [
              -118.722037,
              34.067737
            ],
            [
              -118.722077,
              34.067777
            ],
            [
              -118.722077,
              34.067782
            ],
            [
              -118.72211200000001,
              34.067817
            ],
            [
              -118.722122,
              34.067806999999995
            ],
            [
              -118.722122,
              34.067802
            ],
            [
              -118.722127,
              34.067797
            ],
            [
              -118.722132,
              34.067802
            ],
            [
              -118.722132,
              34.067806999999995
            ],
            [
              -118.722147,
              34.067822
            ],
            [
              -118.722147,
              34.067827
            ],
            [
              -118.72215200000001,
              34.067831999999996
            ],
            [
              -118.722272,
              34.067831999999996
            ]
          ]
        ]
      },
      "properties": {
        "building_id": 263,
        "scenario_id": 1,
        "damage_class": "no-damage",
        "confidence": 0.8664,
        "probabilities": {
          "no-damage": 0.8664,
          "minor-damage": 0.0672,
          "major-damage": 0.0398,
          "destroyed": 0.0266
        },
        "gt_damage_class": "no-damage",
        "source": "AI Prediction (Siamese ResNet18)",
        "is_prediction": true
      }
    },
    {
      "type": "Feature",
      "geometry": {
        "type": "Polygon",
        "coordinates": [
          [
            [
              -118.724337,
              34.068006999999994
            ],
            [
              -118.72434200000001,
              34.068002
            ],
            [
              -118.724377,
              34.068002
            ],
            [
              -118.724382,
              34.067997
            ],
            [
              -118.724402,
              34.067997
            ],
            [
              -118.724402,
              34.067982
            ],
            [
              -118.724407,
              34.067977
            ],
            [
              -118.724407,
              34.067961999999994
            ],
            [
              -118.724362,
              34.067961999999994
            ],
            [
              -118.724357,
              34.067957
            ],
            [
              -118.724312,
              34.067957
            ],
            [
              -118.724312,
              34.067966999999996
            ],
            [
              -118.724317,
              34.067972
            ],
            [
              -118.724317,
              34.067992
            ],
            [
              -118.724322,
              34.067997
            ],
            [
              -118.724322,
              34.068006999999994
            ],
            [
              -118.724337,
              34.068006999999994
            ]
          ]
        ]
      },
      "properties": {
        "building_id": 264,
        "scenario_id": 1,
        "damage_class": "major-damage",
        "confidence": 0.385,
        "probabilities": {
          "no-damage": 0.1229,
          "minor-damage": 0.1114,
          "major-damage": 0.385,
          "destroyed": 0.3807
        },
        "gt_damage_class": "no-damage",
        "source": "AI Prediction (Siamese ResNet18)",
        "is_prediction": true
      }
    },
    {
      "type": "Feature",
      "geometry": {
        "type": "Polygon",
        "coordinates": [
          [
            [
              -118.724687,
              34.068011999999996
            ],
            [
              -118.724692,
              34.068006999999994
            ],
            [
              -118.724732,
              34.068006999999994
            ],
            [
              -118.724732,
              34.067982
            ],
            [
              -118.724737,
              34.067977
            ],
            [
              -118.724742,
              34.067977
            ],
            [
              -118.724742,
              34.067961999999994
            ],
            [
              -118.724737,
              34.067957
            ],
            [
              -118.724737,
              34.067921999999996
            ],
            [
              -118.724732,
              34.067916999999994
            ],
            [
              -118.724732,
              34.067902
            ],
            [
              -118.724717,
              34.067902
            ],
            [
              -118.72471200000001,
              34.067896999999995
            ],
            [
              -118.72471200000001,
              34.067892
            ],
            [
              -118.724717,
              34.067887
            ],
            [
              -118.724717,
              34.067862
            ],
            [
              -118.724722,
              34.067857
            ],
            [
              -118.724722,
              34.067831999999996
            ],
            [
              -118.724727,
              34.067827
            ],
            [
              -118.724727,
              34.067802
            ],
            [
              -118.724732,
              34.067797
            ],
            [
              -118.724732,
              34.067782
            ],
            [
              -118.724722,
              34.067782
            ],
            [
              -118.724717,
              34.067777
            ],
            [
              -118.724697,
              34.067777
            ],
            [
              -118.724692,
              34.067772
            ],
            [
              -118.724677,
              34.067772
            ],
            [
              -118.724672,
              34.067766999999996
            ],
            [
              -118.724652,
              34.067766999999996
            ],
            [
              -118.724647,
              34.067761999999995
            ],
            [
              -118.724637,
              34.067761999999995
            ],
            [
              -118.724637,
              34.067772
            ],
            [
              -118.724632,
              34.067777
            ],
            [
              -118.724632,
              34.067802
            ],
            [
              -118.724627,
              34.067806999999995
            ],
            [
              -118.724627,
              34.067811999999996
            ],
            [
              -118.72462200000001,
              34.067817
            ],
            [
              -118.72461200000001,
              34.067817
            ],
            [
              -118.724607,
              34.067811999999996
            ],
            [
              -118.724582,
              34.067811999999996
            ],
            [
              -118.72457700000001,
              34.067806999999995
            ],
            [
              -118.724552,
              34.067806999999995
            ],
            [
              -118.724547,
              34.067802
            ],
            [
              -118.724537,
              34.067802
            ],
            [
              -118.72453200000001,
              34.067797
            ],
            [
              -118.72453200000001,
              34.067777
            ],
            [
              -118.72447700000001,
              34.067777
            ],
            [
              -118.724472,
              34.067772
            ],
            [
              -118.724417,
              34.067772
            ],
            [
              -118.724417,
              34.067782
            ],
            [
              -118.724412,
              34.067786999999996
            ],
            [
              -118.724412,
              34.067802
            ],
            [
              -118.724407,
              34.067806999999995
            ],
            [
              -118.724407,
              34.067822
            ],
            [
              -118.724402,
              34.067827
            ],
            [
              -118.724402,
              34.067842
            ],
            [
              -118.72439700000001,
              34.067847
            ],
            [
              -118.72439700000001,
              34.067862
            ],
            [
              -118.72439200000001,
              34.067867
            ],
            [
              -118.72439200000001,
              34.067882
            ],
            [
              -118.72438700000001,
              34.067887
            ],
            [
              -118.72438700000001,
              34.067902
            ],
            [
              -118.724382,
              34.067907
            ],
            [
              -118.724382,
              34.067921999999996
            ],
            [
              -118.724377,
              34.067927
            ],
            [
              -118.724377,
              34.067937
            ],
            [
              -118.724382,
              34.067941999999995
            ],
            [
              -118.724382,
              34.067947
            ],
            [
              -118.724402,
              34.067947
            ],
            [
              -118.724407,
              34.067952
            ],
            [
              -118.724452,
              34.067952
            ],
            [
              -118.724457,
              34.067957
            ],
            [
              -118.72447700000001,
              34.067957
            ],
            [
              -118.72447700000001,
              34.067947
            ],
            [
              -118.72448200000001,
              34.067941999999995
            ],
            [
              -118.724492,
              34.067941999999995
            ],
            [
              -118.724497,
              34.067947
            ],
            [
              -118.72453200000001,
              34.067947
            ],
            [
              -118.724537,
              34.067952
            ],
            [
              -118.72457200000001,
              34.067952
            ],
            [
              -118.72457700000001,
              34.067957
            ],
            [
              -118.724587,
              34.067957
            ],
            [
              -118.724597,
              34.067966999999996
            ],
            [
              -118.724597,
              34.067977
            ],
            [
              -118.724607,
              34.067977
            ],
            [
              -118.72461200000001,
              34.067972
            ],
            [
              -118.724627,
              34.067972
            ],
            [
              -118.724632,
              34.067977
            ],
            [
              -118.724632,
              34.067982
            ],
            [
              -118.724637,
              34.067986999999995
            ],
            [
              -118.724637,
              34.067992
            ],
            [
              -118.724642,
              34.067997
            ],
            [
              -118.724642,
              34.068002
            ],
            [
              -118.724647,
              34.068006999999994
            ],
            [
              -118.724647,
              34.068011999999996
            ],
            [
              -118.724687,
              34.068011999999996
            ]
          ]
        ]
      },
      "properties": {
        "building_id": 265,
        "scenario_id": 1,
        "damage_class": "minor-damage",
        "confidence": 0.6619,
        "probabilities": {
          "no-damage": 0.3142,
          "minor-damage": 0.6619,
          "major-damage": 0.0217,
          "destroyed": 0.0022
        },
        "gt_damage_class": "no-damage",
        "source": "AI Prediction (Siamese ResNet18)",
        "is_prediction": true
      }
    },
    {
      "type": "Feature",
      "geometry": {
        "type": "Polygon",
        "coordinates": [
          [
            [
              -118.722057,
              34.068017
            ],
            [
              -118.722057,
              34.067932
            ],
            [
              -118.721997,
              34.067932
            ],
            [
              -118.721997,
              34.067972
            ],
            [
              -118.721992,
              34.067977
            ],
            [
              -118.721992,
              34.068017
            ],
            [
              -118.722057,
              34.068017
            ]
          ]
        ]
      },
      "properties": {
        "building_id": 266,
        "scenario_id": 1,
        "damage_class": "major-damage",
        "confidence": 0.6518,
        "probabilities": {
          "no-damage": 0.139,
          "minor-damage": 0.1489,
          "major-damage": 0.6518,
          "destroyed": 0.0603
        },
        "gt_damage_class": "no-damage",
        "source": "AI Prediction (Siamese ResNet18)",
        "is_prediction": true
      }
    },
    {
      "type": "Feature",
      "geometry": {
        "type": "Polygon",
        "coordinates": [
          [
            [
              -118.723572,
              34.068272
            ],
            [
              -118.723572,
              34.068267
            ],
            [
              -118.72358200000001,
              34.068256999999996
            ],
            [
              -118.723612,
              34.068256999999996
            ],
            [
              -118.723612,
              34.068217
            ],
            [
              -118.723617,
              34.068211999999995
            ],
            [
              -118.723622,
              34.068211999999995
            ],
            [
              -118.723622,
              34.068152
            ],
            [
              -118.72362700000001,
              34.068146999999996
            ],
            [
              -118.723652,
              34.068146999999996
            ],
            [
              -118.723652,
              34.067997
            ],
            [
              -118.72354700000001,
              34.067997
            ],
            [
              -118.72354700000001,
              34.068047
            ],
            [
              -118.72354200000001,
              34.068051999999994
            ],
            [
              -118.72354200000001,
              34.068157
            ],
            [
              -118.72353700000001,
              34.068162
            ],
            [
              -118.72353700000001,
              34.068207
            ],
            [
              -118.723532,
              34.068211999999995
            ],
            [
              -118.723487,
              34.068211999999995
            ],
            [
              -118.723487,
              34.068231999999995
            ],
            [
              -118.723482,
              34.068236999999996
            ],
            [
              -118.723482,
              34.068252
            ],
            [
              -118.723527,
              34.068252
            ],
            [
              -118.723532,
              34.068256999999996
            ],
            [
              -118.723532,
              34.068272
            ],
            [
              -118.723572,
              34.068272
            ]
          ]
        ]
      },
      "properties": {
        "building_id": 267,
        "scenario_id": 1,
        "damage_class": "no-damage",
        "confidence": 0.8069,
        "probabilities": {
          "no-damage": 0.8069,
          "minor-damage": 0.1421,
          "major-damage": 0.0418,
          "destroyed": 0.0091
        },
        "gt_damage_class": "no-damage",
        "source": "AI Prediction (Siamese ResNet18)",
        "is_prediction": true
      }
    },
    {
      "type": "Feature",
      "geometry": {
        "type": "Polygon",
        "coordinates": [
          [
            [
              -118.72166200000001,
              34.068312
            ],
            [
              -118.72166200000001,
              34.068301999999996
            ],
            [
              -118.72166700000001,
              34.068297
            ],
            [
              -118.72166700000001,
              34.068272
            ],
            [
              -118.721672,
              34.068267
            ],
            [
              -118.721672,
              34.068247
            ],
            [
              -118.721677,
              34.068242
            ],
            [
              -118.721677,
              34.068217
            ],
            [
              -118.721682,
              34.068211999999995
            ],
            [
              -118.721682,
              34.068186999999995
            ],
            [
              -118.721687,
              34.068182
            ],
            [
              -118.721687,
              34.068172
            ],
            [
              -118.721677,
              34.068172
            ],
            [
              -118.721672,
              34.068166999999995
            ],
            [
              -118.72166700000001,
              34.068166999999995
            ],
            [
              -118.72166200000001,
              34.068162
            ],
            [
              -118.72166200000001,
              34.068152
            ],
            [
              -118.72166700000001,
              34.068146999999996
            ],
            [
              -118.72166700000001,
              34.068121999999995
            ],
            [
              -118.721672,
              34.068117
            ],
            [
              -118.721672,
              34.068087
            ],
            [
              -118.721677,
              34.068082
            ],
            [
              -118.721677,
              34.068062
            ],
            [
              -118.721672,
              34.068056999999996
            ],
            [
              -118.721672,
              34.068051999999994
            ],
            [
              -118.72166700000001,
              34.068047
            ],
            [
              -118.72166700000001,
              34.068042
            ],
            [
              -118.72166200000001,
              34.068037
            ],
            [
              -118.72166200000001,
              34.068031999999995
            ],
            [
              -118.72165700000001,
              34.068027
            ],
            [
              -118.72165700000001,
              34.068022
            ],
            [
              -118.72166200000001,
              34.068017
            ],
            [
              -118.72166700000001,
              34.068017
            ],
            [
              -118.721677,
              34.068006999999994
            ],
            [
              -118.721682,
              34.068006999999994
            ],
            [
              -118.721692,
              34.067997
            ],
            [
              -118.721697,
              34.067997
            ],
            [
              -118.72170200000001,
              34.067992
            ],
            [
              -118.721697,
              34.067986999999995
            ],
            [
              -118.721697,
              34.067982
            ],
            [
              -118.721687,
              34.067972
            ],
            [
              -118.721687,
              34.067966999999996
            ],
            [
              -118.721677,
              34.067957
            ],
            [
              -118.721677,
              34.067952
            ],
            [
              -118.72166700000001,
              34.067941999999995
            ],
            [
              -118.72166700000001,
              34.067937
            ],
            [
              -118.72165700000001,
              34.067927
            ],
            [
              -118.72165700000001,
              34.067921999999996
            ],
            [
              -118.721652,
              34.067916999999994
            ],
            [
              -118.721642,
              34.067927
            ],
            [
              -118.721637,
              34.067927
            ],
            [
              -118.72162200000001,
              34.067941999999995
            ],
            [
              -118.72161700000001,
              34.067941999999995
            ],
            [
              -118.721597,
              34.067961999999994
            ],
            [
              -118.721592,
              34.067961999999994
            ],
            [
              -118.721582,
              34.067972
            ],
            [
              -118.72157200000001,
              34.067972
            ],
            [
              -118.72156700000001,
              34.067966999999996
            ],
            [
              -118.721552,
              34.067966999999996
            ],
            [
              -118.721547,
              34.067961999999994
            ],
            [
              -118.721537,
              34.067961999999994
            ],
            [
              -118.721537,
              34.068017
            ],
            [
              -118.72153200000001,
              34.068022
            ],
            [
              -118.72153200000001,
              34.068137
            ],
            [
              -118.72152700000001,
              34.068141999999995
            ],
            [
              -118.72152700000001,
              34.068191999999996
            ],
            [
              -118.72152200000001,
              34.068197
            ],
            [
              -118.721507,
              34.068197
            ],
            [
              -118.721502,
              34.068191999999996
            ],
            [
              -118.72148700000001,
              34.068191999999996
            ],
            [
              -118.72148700000001,
              34.068231999999995
            ],
            [
              -118.72148200000001,
              34.068236999999996
            ],
            [
              -118.72148200000001,
              34.068272
            ],
            [
              -118.721502,
              34.068272
            ],
            [
              -118.721507,
              34.068276999999995
            ],
            [
              -118.72152200000001,
              34.068276999999995
            ],
            [
              -118.72152700000001,
              34.068281999999996
            ],
            [
              -118.72152200000001,
              34.068287
            ],
            [
              -118.72152200000001,
              34.068292
            ],
            [
              -118.721537,
              34.068292
            ],
            [
              -118.721542,
              34.068297
            ],
            [
              -118.72157200000001,
              34.068297
            ],
            [
              -118.72157700000001,
              34.068301999999996
            ],
            [
              -118.721607,
              34.068301999999996
            ],
            [
              -118.72161200000001,
              34.068307
            ],
            [
              -118.721642,
              34.068307
            ],
            [
              -118.721647,
              34.068312
            ],
            [
              -118.72166200000001,
              34.068312
            ]
          ]
        ]
      },
      "properties": {
        "building_id": 268,
        "scenario_id": 1,
        "damage_class": "no-damage",
        "confidence": 0.7636,
        "probabilities": {
          "no-damage": 0.7636,
          "minor-damage": 0.1933,
          "major-damage": 0.0281,
          "destroyed": 0.015
        },
        "gt_damage_class": "no-damage",
        "source": "AI Prediction (Siamese ResNet18)",
        "is_prediction": true
      }
    },
    {
      "type": "Feature",
      "geometry": {
        "type": "Polygon",
        "coordinates": [
          [
            [
              -118.722037,
              34.068321999999995
            ],
            [
              -118.722037,
              34.068297
            ],
            [
              -118.722032,
              34.068292
            ],
            [
              -118.722032,
              34.068267
            ],
            [
              -118.721957,
              34.068267
            ],
            [
              -118.721957,
              34.068321999999995
            ],
            [
              -118.722037,
              34.068321999999995
            ]
          ]
        ]
      },
      "properties": {
        "building_id": 269,
        "scenario_id": 1,
        "damage_class": "destroyed",
        "confidence": 0.42,
        "probabilities": {
          "no-damage": 0.3981,
          "minor-damage": 0.0234,
          "major-damage": 0.1586,
          "destroyed": 0.42
        },
        "gt_damage_class": "no-damage",
        "source": "AI Prediction (Siamese ResNet18)",
        "is_prediction": true
      }
    },
    {
      "type": "Feature",
      "geometry": {
        "type": "Polygon",
        "coordinates": [
          [
            [
              -118.722452,
              34.068327
            ],
            [
              -118.722452,
              34.068287
            ],
            [
              -118.722457,
              34.068281999999996
            ],
            [
              -118.722457,
              34.068236999999996
            ],
            [
              -118.722452,
              34.068236999999996
            ],
            [
              -118.722447,
              34.068231999999995
            ],
            [
              -118.722447,
              34.068092
            ],
            [
              -118.722452,
              34.068087
            ],
            [
              -118.722452,
              34.068042
            ],
            [
              -118.722457,
              34.068037
            ],
            [
              -118.722457,
              34.067986999999995
            ],
            [
              -118.722367,
              34.067986999999995
            ],
            [
              -118.722367,
              34.068062
            ],
            [
              -118.722362,
              34.068067
            ],
            [
              -118.722297,
              34.068067
            ],
            [
              -118.722297,
              34.068152
            ],
            [
              -118.72229200000001,
              34.068157
            ],
            [
              -118.72229200000001,
              34.068242
            ],
            [
              -118.722312,
              34.068242
            ],
            [
              -118.722317,
              34.068236999999996
            ],
            [
              -118.72233700000001,
              34.068236999999996
            ],
            [
              -118.722347,
              34.068247
            ],
            [
              -118.722347,
              34.068256999999996
            ],
            [
              -118.722352,
              34.068262
            ],
            [
              -118.722352,
              34.068272
            ],
            [
              -118.722357,
              34.068276999999995
            ],
            [
              -118.722357,
              34.068281999999996
            ],
            [
              -118.722362,
              34.068287
            ],
            [
              -118.722362,
              34.068297
            ],
            [
              -118.722367,
              34.068301999999996
            ],
            [
              -118.722367,
              34.068312
            ],
            [
              -118.72237200000001,
              34.068317
            ],
            [
              -118.72237200000001,
              34.068321999999995
            ],
            [
              -118.722407,
              34.068321999999995
            ],
            [
              -118.722412,
              34.068327
            ],
            [
              -118.722452,
              34.068327
            ]
          ]
        ]
      },
      "properties": {
        "building_id": 270,
        "scenario_id": 1,
        "damage_class": "major-damage",
        "confidence": 0.5617,
        "probabilities": {
          "no-damage": 0.286,
          "minor-damage": 0.1316,
          "major-damage": 0.5617,
          "destroyed": 0.0208
        },
        "gt_damage_class": "no-damage",
        "source": "AI Prediction (Siamese ResNet18)",
        "is_prediction": true
      }
    },
    {
      "type": "Feature",
      "geometry": {
        "type": "Polygon",
        "coordinates": [
          [
            [
              -118.723202,
              34.068346999999996
            ],
            [
              -118.723202,
              34.068276999999995
            ],
            [
              -118.723162,
              34.068276999999995
            ],
            [
              -118.723162,
              34.068341999999994
            ],
            [
              -118.723177,
              34.068341999999994
            ],
            [
              -118.72318200000001,
              34.068346999999996
            ],
            [
              -118.723202,
              34.068346999999996
            ]
          ]
        ]
      },
      "properties": {
        "building_id": 271,
        "scenario_id": 1,
        "damage_class": "major-damage",
        "confidence": 0.4456,
        "probabilities": {
          "no-damage": 0.2848,
          "minor-damage": 0.0377,
          "major-damage": 0.4456,
          "destroyed": 0.232
        },
        "gt_damage_class": "no-damage",
        "source": "AI Prediction (Siamese ResNet18)",
        "is_prediction": true
      }
    },
    {
      "type": "Feature",
      "geometry": {
        "type": "Polygon",
        "coordinates": [
          [
            [
              -118.72452700000001,
              34.068386999999994
            ],
            [
              -118.72452700000001,
              34.068346999999996
            ],
            [
              -118.724502,
              34.068346999999996
            ],
            [
              -118.724497,
              34.068341999999994
            ],
            [
              -118.724472,
              34.068341999999994
            ],
            [
              -118.724472,
              34.068362
            ],
            [
              -118.724467,
              34.068366999999995
            ],
            [
              -118.724467,
              34.068386999999994
            ],
            [
              -118.72452700000001,
              34.068386999999994
            ]
          ]
        ]
      },
      "properties": {
        "building_id": 272,
        "scenario_id": 1,
        "damage_class": "no-damage",
        "confidence": 0.7705,
        "probabilities": {
          "no-damage": 0.7705,
          "minor-damage": 0.029,
          "major-damage": 0.1057,
          "destroyed": 0.0948
        },
        "gt_damage_class": "no-damage",
        "source": "AI Prediction (Siamese ResNet18)",
        "is_prediction": true
      }
    },
    {
      "type": "Feature",
      "geometry": {
        "type": "Polygon",
        "coordinates": [
          [
            [
              -118.721327,
              34.068402
            ],
            [
              -118.721327,
              34.068391999999996
            ],
            [
              -118.721332,
              34.068386999999994
            ],
            [
              -118.721332,
              34.068372
            ],
            [
              -118.721337,
              34.068366999999995
            ],
            [
              -118.721337,
              34.068352
            ],
            [
              -118.721342,
              34.068346999999996
            ],
            [
              -118.721342,
              34.068341999999994
            ],
            [
              -118.72134700000001,
              34.068337
            ],
            [
              -118.72135200000001,
              34.068337
            ],
            [
              -118.721357,
              34.068341999999994
            ],
            [
              -118.721367,
              34.068341999999994
            ],
            [
              -118.721367,
              34.068297
            ],
            [
              -118.721372,
              34.068292
            ],
            [
              -118.721372,
              34.068242
            ],
            [
              -118.721357,
              34.068242
            ],
            [
              -118.72135200000001,
              34.068236999999996
            ],
            [
              -118.72135200000001,
              34.068227
            ],
            [
              -118.721357,
              34.068222
            ],
            [
              -118.721357,
              34.068197
            ],
            [
              -118.721362,
              34.068191999999996
            ],
            [
              -118.721362,
              34.068166999999995
            ],
            [
              -118.721367,
              34.068162
            ],
            [
              -118.721372,
              34.068166999999995
            ],
            [
              -118.721372,
              34.068207
            ],
            [
              -118.721422,
              34.068207
            ],
            [
              -118.721422,
              34.068157
            ],
            [
              -118.721417,
              34.068152
            ],
            [
              -118.721417,
              34.068107
            ],
            [
              -118.721407,
              34.068107
            ],
            [
              -118.721402,
              34.068112
            ],
            [
              -118.721382,
              34.068112
            ],
            [
              -118.721377,
              34.068117
            ],
            [
              -118.721367,
              34.068117
            ],
            [
              -118.721367,
              34.068141999999995
            ],
            [
              -118.721362,
              34.068146999999996
            ],
            [
              -118.721357,
              34.068146999999996
            ],
            [
              -118.72135200000001,
              34.068141999999995
            ],
            [
              -118.721337,
              34.068141999999995
            ],
            [
              -118.721332,
              34.068137
            ],
            [
              -118.721317,
              34.068137
            ],
            [
              -118.721312,
              34.068132
            ],
            [
              -118.721292,
              34.068132
            ],
            [
              -118.721287,
              34.068127
            ],
            [
              -118.721272,
              34.068127
            ],
            [
              -118.721267,
              34.068121999999995
            ],
            [
              -118.721252,
              34.068121999999995
            ],
            [
              -118.721247,
              34.068117
            ],
            [
              -118.721237,
              34.068117
            ],
            [
              -118.721237,
              34.068137
            ],
            [
              -118.721232,
              34.068141999999995
            ],
            [
              -118.721232,
              34.068182
            ],
            [
              -118.721227,
              34.068186999999995
            ],
            [
              -118.721227,
              34.068227
            ],
            [
              -118.721222,
              34.068231999999995
            ],
            [
              -118.721222,
              34.068272
            ],
            [
              -118.72121700000001,
              34.068276999999995
            ],
            [
              -118.72121700000001,
              34.068317
            ],
            [
              -118.72121200000001,
              34.068321999999995
            ],
            [
              -118.72121200000001,
              34.068362
            ],
            [
              -118.721207,
              34.068366999999995
            ],
            [
              -118.721207,
              34.068386999999994
            ],
            [
              -118.721222,
              34.068386999999994
            ],
            [
              -118.721227,
              34.068391999999996
            ],
            [
              -118.72126200000001,
              34.068391999999996
            ],
            [
              -118.721267,
              34.068397
            ],
            [
              -118.72130200000001,
              34.068397
            ],
            [
              -118.72130700000001,
              34.068402
            ],
            [
              -118.721327,
              34.068402
            ]
          ]
        ]
      },
      "properties": {
        "building_id": 273,
        "scenario_id": 1,
        "damage_class": "minor-damage",
        "confidence": 0.4856,
        "probabilities": {
          "no-damage": 0.1759,
          "minor-damage": 0.4856,
          "major-damage": 0.334,
          "destroyed": 0.0045
        },
        "gt_damage_class": "no-damage",
        "source": "AI Prediction (Siamese ResNet18)",
        "is_prediction": true
      }
    },
    {
      "type": "Feature",
      "geometry": {
        "type": "Polygon",
        "coordinates": [
          [
            [
              -118.725272,
              34.068452
            ],
            [
              -118.725272,
              34.068292
            ],
            [
              -118.72515700000001,
              34.068292
            ],
            [
              -118.72515700000001,
              34.068327
            ],
            [
              -118.725162,
              34.068332
            ],
            [
              -118.725162,
              34.068402
            ],
            [
              -118.725167,
              34.068407
            ],
            [
              -118.725167,
              34.068442
            ],
            [
              -118.725192,
              34.068442
            ],
            [
              -118.72519700000001,
              34.068447
            ],
            [
              -118.72524200000001,
              34.068447
            ],
            [
              -118.72524700000001,
              34.068452
            ],
            [
              -118.725272,
              34.068452
            ]
          ]
        ]
      },
      "properties": {
        "building_id": 274,
        "scenario_id": 1,
        "damage_class": "no-damage",
        "confidence": 0.5755,
        "probabilities": {
          "no-damage": 0.5755,
          "minor-damage": 0.2883,
          "major-damage": 0.0838,
          "destroyed": 0.0524
        },
        "gt_damage_class": "no-damage",
        "source": "AI Prediction (Siamese ResNet18)",
        "is_prediction": true
      }
    },
    {
      "type": "Feature",
      "geometry": {
        "type": "Polygon",
        "coordinates": [
          [
            [
              -118.724187,
              34.068712
            ],
            [
              -118.724187,
              34.068692
            ],
            [
              -118.724192,
              34.068687
            ],
            [
              -118.724192,
              34.068642
            ],
            [
              -118.724197,
              34.068636999999995
            ],
            [
              -118.724197,
              34.068591999999995
            ],
            [
              -118.724202,
              34.068587
            ],
            [
              -118.724202,
              34.068562
            ],
            [
              -118.724187,
              34.068562
            ],
            [
              -118.724182,
              34.068557
            ],
            [
              -118.724157,
              34.068557
            ],
            [
              -118.724152,
              34.068552
            ],
            [
              -118.72412700000001,
              34.068552
            ],
            [
              -118.72412200000001,
              34.068546999999995
            ],
            [
              -118.724097,
              34.068546999999995
            ],
            [
              -118.724092,
              34.068542
            ],
            [
              -118.724067,
              34.068542
            ],
            [
              -118.724062,
              34.068537
            ],
            [
              -118.724052,
              34.068537
            ],
            [
              -118.724052,
              34.068557
            ],
            [
              -118.724047,
              34.068562
            ],
            [
              -118.724047,
              34.068597
            ],
            [
              -118.724042,
              34.068602
            ],
            [
              -118.724042,
              34.068636999999995
            ],
            [
              -118.72403700000001,
              34.068642
            ],
            [
              -118.72403700000001,
              34.068677
            ],
            [
              -118.72403200000001,
              34.068681999999995
            ],
            [
              -118.72403200000001,
              34.068701999999995
            ],
            [
              -118.724067,
              34.068701999999995
            ],
            [
              -118.724072,
              34.068706999999996
            ],
            [
              -118.724147,
              34.068706999999996
            ],
            [
              -118.724152,
              34.068712
            ],
            [
              -118.724187,
              34.068712
            ]
          ]
        ]
      },
      "properties": {
        "building_id": 275,
        "scenario_id": 1,
        "damage_class": "major-damage",
        "confidence": 0.6971,
        "probabilities": {
          "no-damage": 0.1033,
          "minor-damage": 0.1022,
          "major-damage": 0.6971,
          "destroyed": 0.0974
        },
        "gt_damage_class": "no-damage",
        "source": "AI Prediction (Siamese ResNet18)",
        "is_prediction": true
      }
    },
    {
      "type": "Feature",
      "geometry": {
        "type": "Polygon",
        "coordinates": [
          [
            [
              -118.721312,
              34.068901999999994
            ],
            [
              -118.721317,
              34.068897
            ],
            [
              -118.72148700000001,
              34.068897
            ],
            [
              -118.72148700000001,
              34.068802
            ],
            [
              -118.721457,
              34.068802
            ],
            [
              -118.721452,
              34.068796999999996
            ],
            [
              -118.72139200000001,
              34.068796999999996
            ],
            [
              -118.72138700000001,
              34.068791999999995
            ],
            [
              -118.721362,
              34.068791999999995
            ],
            [
              -118.721357,
              34.068787
            ],
            [
              -118.721357,
              34.068627
            ],
            [
              -118.721252,
              34.068627
            ],
            [
              -118.721247,
              34.068632
            ],
            [
              -118.721147,
              34.068632
            ],
            [
              -118.721147,
              34.068767
            ],
            [
              -118.721142,
              34.068771999999996
            ],
            [
              -118.721142,
              34.068901999999994
            ],
            [
              -118.721312,
              34.068901999999994
            ]
          ]
        ]
      },
      "properties": {
        "building_id": 276,
        "scenario_id": 1,
        "damage_class": "no-damage",
        "confidence": 0.892,
        "probabilities": {
          "no-damage": 0.892,
          "minor-damage": 0.0897,
          "major-damage": 0.0111,
          "destroyed": 0.0073
        },
        "gt_damage_class": "no-damage",
        "source": "AI Prediction (Siamese ResNet18)",
        "is_prediction": true
      }
    },
    {
      "type": "Feature",
      "geometry": {
        "type": "Polygon",
        "coordinates": [
          [
            [
              -118.72233700000001,
              34.069012
            ],
            [
              -118.72233700000001,
              34.068951999999996
            ],
            [
              -118.722342,
              34.068946999999994
            ],
            [
              -118.722407,
              34.068946999999994
            ],
            [
              -118.722412,
              34.068951999999996
            ],
            [
              -118.722412,
              34.068957
            ],
            [
              -118.722407,
              34.068962
            ],
            [
              -118.722407,
              34.068977
            ],
            [
              -118.722402,
              34.068982
            ],
            [
              -118.722402,
              34.068987
            ],
            [
              -118.722447,
              34.068987
            ],
            [
              -118.722447,
              34.068977
            ],
            [
              -118.722452,
              34.068971999999995
            ],
            [
              -118.722452,
              34.068967
            ],
            [
              -118.722457,
              34.068962
            ],
            [
              -118.722477,
              34.068962
            ],
            [
              -118.722482,
              34.068967
            ],
            [
              -118.72250700000001,
              34.068967
            ],
            [
              -118.72250700000001,
              34.068822
            ],
            [
              -118.722452,
              34.068822
            ],
            [
              -118.722447,
              34.068816999999996
            ],
            [
              -118.722447,
              34.068807
            ],
            [
              -118.722452,
              34.068802
            ],
            [
              -118.722452,
              34.068782
            ],
            [
              -118.722402,
              34.068782
            ],
            [
              -118.722397,
              34.068777
            ],
            [
              -118.722302,
              34.068777
            ],
            [
              -118.722297,
              34.068771999999996
            ],
            [
              -118.722252,
              34.068771999999996
            ],
            [
              -118.722252,
              34.068892
            ],
            [
              -118.72224700000001,
              34.068897
            ],
            [
              -118.72224700000001,
              34.069012
            ],
            [
              -118.72233700000001,
              34.069012
            ]
          ]
        ]
      },
      "properties": {
        "building_id": 277,
        "scenario_id": 1,
        "damage_class": "no-damage",
        "confidence": 0.5352,
        "probabilities": {
          "no-damage": 0.5352,
          "minor-damage": 0.3375,
          "major-damage": 0.1035,
          "destroyed": 0.0238
        },
        "gt_damage_class": "no-damage",
        "source": "AI Prediction (Siamese ResNet18)",
        "is_prediction": true
      }
    },
    {
      "type": "Feature",
      "geometry": {
        "type": "Polygon",
        "coordinates": [
          [
            [
              -118.72377200000001,
              34.069016999999995
            ],
            [
              -118.723777,
              34.069012
            ],
            [
              -118.723802,
              34.069012
            ],
            [
              -118.723802,
              34.068991999999994
            ],
            [
              -118.723797,
              34.068987
            ],
            [
              -118.723797,
              34.068962
            ],
            [
              -118.723792,
              34.068957
            ],
            [
              -118.723792,
              34.068937
            ],
            [
              -118.723787,
              34.068932
            ],
            [
              -118.723787,
              34.068912
            ],
            [
              -118.723782,
              34.068906999999996
            ],
            [
              -118.723782,
              34.068892
            ],
            [
              -118.723777,
              34.068887
            ],
            [
              -118.723777,
              34.068867
            ],
            [
              -118.72377200000001,
              34.068861999999996
            ],
            [
              -118.72377200000001,
              34.068842
            ],
            [
              -118.72376700000001,
              34.068836999999995
            ],
            [
              -118.72376700000001,
              34.068827
            ],
            [
              -118.723732,
              34.068827
            ],
            [
              -118.72372700000001,
              34.068832
            ],
            [
              -118.723692,
              34.068832
            ],
            [
              -118.723692,
              34.068847
            ],
            [
              -118.723697,
              34.068852
            ],
            [
              -118.723697,
              34.068877
            ],
            [
              -118.723702,
              34.068881999999995
            ],
            [
              -118.723702,
              34.068906999999996
            ],
            [
              -118.723707,
              34.068912
            ],
            [
              -118.723707,
              34.068937
            ],
            [
              -118.723712,
              34.068942
            ],
            [
              -118.723712,
              34.068967
            ],
            [
              -118.72371700000001,
              34.068971999999995
            ],
            [
              -118.72371700000001,
              34.068987
            ],
            [
              -118.723742,
              34.068987
            ],
            [
              -118.723747,
              34.068991999999994
            ],
            [
              -118.723747,
              34.069016999999995
            ],
            [
              -118.72377200000001,
              34.069016999999995
            ]
          ]
        ]
      },
      "properties": {
        "building_id": 278,
        "scenario_id": 1,
        "damage_class": "no-damage",
        "confidence": 0.4717,
        "probabilities": {
          "no-damage": 0.4717,
          "minor-damage": 0.2103,
          "major-damage": 0.255,
          "destroyed": 0.063
        },
        "gt_damage_class": "no-damage",
        "source": "AI Prediction (Siamese ResNet18)",
        "is_prediction": true
      }
    },
    {
      "type": "Feature",
      "geometry": {
        "type": "Polygon",
        "coordinates": [
          [
            [
              -118.72354200000001,
              34.069176999999996
            ],
            [
              -118.72354200000001,
              34.069131999999996
            ],
            [
              -118.72354700000001,
              34.069126999999995
            ],
            [
              -118.72354700000001,
              34.069077
            ],
            [
              -118.723552,
              34.069072
            ],
            [
              -118.723552,
              34.069047
            ],
            [
              -118.723517,
              34.069047
            ],
            [
              -118.723512,
              34.069052
            ],
            [
              -118.723477,
              34.069052
            ],
            [
              -118.723477,
              34.069077
            ],
            [
              -118.723472,
              34.069081999999995
            ],
            [
              -118.723472,
              34.069137
            ],
            [
              -118.723467,
              34.069142
            ],
            [
              -118.723467,
              34.069167
            ],
            [
              -118.723482,
              34.069167
            ],
            [
              -118.723487,
              34.069171999999995
            ],
            [
              -118.723522,
              34.069171999999995
            ],
            [
              -118.723527,
              34.069176999999996
            ],
            [
              -118.72354200000001,
              34.069176999999996
            ]
          ]
        ]
      },
      "properties": {
        "building_id": 279,
        "scenario_id": 1,
        "damage_class": "no-damage",
        "confidence": 0.8832,
        "probabilities": {
          "no-damage": 0.8832,
          "minor-damage": 0.0242,
          "major-damage": 0.0166,
          "destroyed": 0.076
        },
        "gt_damage_class": "no-damage",
        "source": "AI Prediction (Siamese ResNet18)",
        "is_prediction": true
      }
    },
    {
      "type": "Feature",
      "geometry": {
        "type": "Polygon",
        "coordinates": [
          [
            [
              -118.721087,
              34.069221999999996
            ],
            [
              -118.721087,
              34.069137
            ],
            [
              -118.721092,
              34.069131999999996
            ],
            [
              -118.721092,
              34.069047
            ],
            [
              -118.720957,
              34.069047
            ],
            [
              -118.720957,
              34.069131999999996
            ],
            [
              -118.720952,
              34.069137
            ],
            [
              -118.720952,
              34.069216999999995
            ],
            [
              -118.721017,
              34.069216999999995
            ],
            [
              -118.721022,
              34.069221999999996
            ],
            [
              -118.721087,
              34.069221999999996
            ]
          ]
        ]
      },
      "properties": {
        "building_id": 280,
        "scenario_id": 1,
        "damage_class": "minor-damage",
        "confidence": 0.5369,
        "probabilities": {
          "no-damage": 0.1402,
          "minor-damage": 0.5369,
          "major-damage": 0.3107,
          "destroyed": 0.0122
        },
        "gt_damage_class": "no-damage",
        "source": "AI Prediction (Siamese ResNet18)",
        "is_prediction": true
      }
    },
    {
      "type": "Feature",
      "geometry": {
        "type": "Polygon",
        "coordinates": [
          [
            [
              -118.72130700000001,
              34.069432
            ],
            [
              -118.721312,
              34.069427
            ],
            [
              -118.721327,
              34.069427
            ],
            [
              -118.721332,
              34.069421999999996
            ],
            [
              -118.72134700000001,
              34.069421999999996
            ],
            [
              -118.72135200000001,
              34.069416999999994
            ],
            [
              -118.721367,
              34.069416999999994
            ],
            [
              -118.721372,
              34.069412
            ],
            [
              -118.72138700000001,
              34.069412
            ],
            [
              -118.72139200000001,
              34.069407
            ],
            [
              -118.721412,
              34.069407
            ],
            [
              -118.721417,
              34.069402
            ],
            [
              -118.72143200000001,
              34.069402
            ],
            [
              -118.72143700000001,
              34.069396999999995
            ],
            [
              -118.721452,
              34.069396999999995
            ],
            [
              -118.721457,
              34.069392
            ],
            [
              -118.721472,
              34.069392
            ],
            [
              -118.72147700000001,
              34.069387
            ],
            [
              -118.721492,
              34.069387
            ],
            [
              -118.721497,
              34.069382
            ],
            [
              -118.721507,
              34.069382
            ],
            [
              -118.721507,
              34.069371999999994
            ],
            [
              -118.721502,
              34.069367
            ],
            [
              -118.721502,
              34.069351999999995
            ],
            [
              -118.721497,
              34.069347
            ],
            [
              -118.721497,
              34.069331999999996
            ],
            [
              -118.721492,
              34.069326999999994
            ],
            [
              -118.721492,
              34.069312
            ],
            [
              -118.72148700000001,
              34.069306999999995
            ],
            [
              -118.72148700000001,
              34.069292
            ],
            [
              -118.72148200000001,
              34.069286999999996
            ],
            [
              -118.72148200000001,
              34.069272
            ],
            [
              -118.72147700000001,
              34.069266999999996
            ],
            [
              -118.72147700000001,
              34.069252
            ],
            [
              -118.721472,
              34.069247
            ],
            [
              -118.721472,
              34.069232
            ],
            [
              -118.721467,
              34.069227
            ],
            [
              -118.721467,
              34.069212
            ],
            [
              -118.721462,
              34.069207
            ],
            [
              -118.721462,
              34.069192
            ],
            [
              -118.721457,
              34.069187
            ],
            [
              -118.721457,
              34.069182
            ],
            [
              -118.721447,
              34.069182
            ],
            [
              -118.72144200000001,
              34.069187
            ],
            [
              -118.721427,
              34.069187
            ],
            [
              -118.721422,
              34.069192
            ],
            [
              -118.721407,
              34.069192
            ],
            [
              -118.721402,
              34.069196999999996
            ],
            [
              -118.721382,
              34.069196999999996
            ],
            [
              -118.721377,
              34.069202
            ],
            [
              -118.721362,
              34.069202
            ],
            [
              -118.721357,
              34.069207
            ],
            [
              -118.721342,
              34.069207
            ],
            [
              -118.721337,
              34.069212
            ],
            [
              -118.721327,
              34.069212
            ],
            [
              -118.721327,
              34.069221999999996
            ],
            [
              -118.721332,
              34.069227
            ],
            [
              -118.721332,
              34.069241999999996
            ],
            [
              -118.721337,
              34.069247
            ],
            [
              -118.721337,
              34.069261999999995
            ],
            [
              -118.721342,
              34.069266999999996
            ],
            [
              -118.721342,
              34.069282
            ],
            [
              -118.72134700000001,
              34.069286999999996
            ],
            [
              -118.72134700000001,
              34.069292
            ],
            [
              -118.721342,
              34.069297
            ],
            [
              -118.721337,
              34.069297
            ],
            [
              -118.721332,
              34.069302
            ],
            [
              -118.721312,
              34.069302
            ],
            [
              -118.72130700000001,
              34.069306999999995
            ],
            [
              -118.721287,
              34.069306999999995
            ],
            [
              -118.721282,
              34.069312
            ],
            [
              -118.721272,
              34.069312
            ],
            [
              -118.721272,
              34.069322
            ],
            [
              -118.721277,
              34.069326999999994
            ],
            [
              -118.721277,
              34.069347
            ],
            [
              -118.721282,
              34.069351999999995
            ],
            [
              -118.721282,
              34.069367
            ],
            [
              -118.721287,
              34.069371999999994
            ],
            [
              -118.721287,
              34.069392
            ],
            [
              -118.721292,
              34.069396999999995
            ],
            [
              -118.721292,
              34.069416999999994
            ],
            [
              -118.721297,
              34.069421999999996
            ],
            [
              -118.721297,
              34.069432
            ],
            [
              -118.72130700000001,
              34.069432
            ]
          ]
        ]
      },
      "properties": {
        "building_id": 281,
        "scenario_id": 1,
        "damage_class": "minor-damage",
        "confidence": 0.6337,
        "probabilities": {
          "no-damage": 0.3508,
          "minor-damage": 0.6337,
          "major-damage": 0.0126,
          "destroyed": 0.0029
        },
        "gt_damage_class": "no-damage",
        "source": "AI Prediction (Siamese ResNet18)",
        "is_prediction": true
      }
    },
    {
      "type": "Feature",
      "geometry": {
        "type": "Polygon",
        "coordinates": [
          [
            [
              -118.721222,
              34.069452
            ],
            [
              -118.721222,
              34.069432
            ],
            [
              -118.721227,
              34.069427
            ],
            [
              -118.721227,
              34.069387
            ],
            [
              -118.721232,
              34.069382
            ],
            [
              -118.721232,
              34.069362
            ],
            [
              -118.721187,
              34.069362
            ],
            [
              -118.721182,
              34.069357
            ],
            [
              -118.721142,
              34.069357
            ],
            [
              -118.721142,
              34.069402
            ],
            [
              -118.721137,
              34.069407
            ],
            [
              -118.721137,
              34.069447
            ],
            [
              -118.721177,
              34.069447
            ],
            [
              -118.721182,
              34.069452
            ],
            [
              -118.721222,
              34.069452
            ]
          ]
        ]
      },
      "properties": {
        "building_id": 282,
        "scenario_id": 1,
        "damage_class": "no-damage",
        "confidence": 0.9635,
        "probabilities": {
          "no-damage": 0.9635,
          "minor-damage": 0.0144,
          "major-damage": 0.0123,
          "destroyed": 0.0099
        },
        "gt_damage_class": "no-damage",
        "source": "AI Prediction (Siamese ResNet18)",
        "is_prediction": true
      }
    },
    {
      "type": "Feature",
      "geometry": {
        "type": "Polygon",
        "coordinates": [
          [
            [
              -118.72211200000001,
              34.069472
            ],
            [
              -118.722117,
              34.069466999999996
            ],
            [
              -118.722177,
              34.069466999999996
            ],
            [
              -118.722177,
              34.069452
            ],
            [
              -118.722182,
              34.069447
            ],
            [
              -118.72219700000001,
              34.069447
            ],
            [
              -118.72220200000001,
              34.069441999999995
            ],
            [
              -118.722237,
              34.069441999999995
            ],
            [
              -118.72224200000001,
              34.069437
            ],
            [
              -118.722262,
              34.069437
            ],
            [
              -118.722262,
              34.069367
            ],
            [
              -118.722257,
              34.069362
            ],
            [
              -118.722257,
              34.069357
            ],
            [
              -118.72224700000001,
              34.069347
            ],
            [
              -118.72224700000001,
              34.069342
            ],
            [
              -118.72224200000001,
              34.069337
            ],
            [
              -118.72224200000001,
              34.069331999999996
            ],
            [
              -118.722232,
              34.069322
            ],
            [
              -118.722232,
              34.069317
            ],
            [
              -118.722222,
              34.069306999999995
            ],
            [
              -118.722222,
              34.069302
            ],
            [
              -118.722217,
              34.069297
            ],
            [
              -118.722217,
              34.069292
            ],
            [
              -118.722207,
              34.069282
            ],
            [
              -118.722207,
              34.069277
            ],
            [
              -118.72220200000001,
              34.069272
            ],
            [
              -118.72215700000001,
              34.069272
            ],
            [
              -118.72215200000001,
              34.069266999999996
            ],
            [
              -118.72215200000001,
              34.069257
            ],
            [
              -118.722147,
              34.069252
            ],
            [
              -118.722147,
              34.069241999999996
            ],
            [
              -118.72215200000001,
              34.069237
            ],
            [
              -118.722172,
              34.069237
            ],
            [
              -118.722177,
              34.069232
            ],
            [
              -118.722207,
              34.069232
            ],
            [
              -118.722207,
              34.069167
            ],
            [
              -118.72220200000001,
              34.069162
            ],
            [
              -118.72220200000001,
              34.069097
            ],
            [
              -118.722127,
              34.069097
            ],
            [
              -118.722127,
              34.069192
            ],
            [
              -118.722122,
              34.069196999999996
            ],
            [
              -118.722117,
              34.069196999999996
            ],
            [
              -118.72211200000001,
              34.069202
            ],
            [
              -118.722087,
              34.069202
            ],
            [
              -118.722082,
              34.069207
            ],
            [
              -118.722057,
              34.069207
            ],
            [
              -118.722052,
              34.069212
            ],
            [
              -118.722027,
              34.069212
            ],
            [
              -118.72202200000001,
              34.069216999999995
            ],
            [
              -118.722012,
              34.069216999999995
            ],
            [
              -118.722012,
              34.069297
            ],
            [
              -118.722007,
              34.069302
            ],
            [
              -118.722007,
              34.069382
            ],
            [
              -118.722042,
              34.069382
            ],
            [
              -118.722047,
              34.069387
            ],
            [
              -118.722047,
              34.069421999999996
            ],
            [
              -118.722052,
              34.069427
            ],
            [
              -118.722052,
              34.069472
            ],
            [
              -118.72211200000001,
              34.069472
            ]
          ]
        ]
      },
      "properties": {
        "building_id": 283,
        "scenario_id": 1,
        "damage_class": "major-damage",
        "confidence": 0.506,
        "probabilities": {
          "no-damage": 0.029,
          "minor-damage": 0.0957,
          "major-damage": 0.506,
          "destroyed": 0.3693
        },
        "gt_damage_class": "no-damage",
        "source": "AI Prediction (Siamese ResNet18)",
        "is_prediction": true
      }
    },
    {
      "type": "Feature",
      "geometry": {
        "type": "Polygon",
        "coordinates": [
          [
            [
              -118.72250700000001,
              34.069511999999996
            ],
            [
              -118.72250700000001,
              34.069492
            ],
            [
              -118.72251200000001,
              34.069486999999995
            ],
            [
              -118.72255700000001,
              34.069486999999995
            ],
            [
              -118.72256200000001,
              34.069482
            ],
            [
              -118.722657,
              34.069482
            ],
            [
              -118.722662,
              34.069477
            ],
            [
              -118.722757,
              34.069477
            ],
            [
              -118.722762,
              34.069472
            ],
            [
              -118.722812,
              34.069472
            ],
            [
              -118.722812,
              34.069457
            ],
            [
              -118.722817,
              34.069452
            ],
            [
              -118.722837,
              34.069452
            ],
            [
              -118.722837,
              34.069421999999996
            ],
            [
              -118.722832,
              34.069416999999994
            ],
            [
              -118.722832,
              34.069392
            ],
            [
              -118.722792,
              34.069392
            ],
            [
              -118.72278700000001,
              34.069396999999995
            ],
            [
              -118.722702,
              34.069396999999995
            ],
            [
              -118.72269700000001,
              34.069402
            ],
            [
              -118.722612,
              34.069402
            ],
            [
              -118.72260700000001,
              34.069407
            ],
            [
              -118.722522,
              34.069407
            ],
            [
              -118.72251700000001,
              34.069412
            ],
            [
              -118.722477,
              34.069412
            ],
            [
              -118.722477,
              34.069441999999995
            ],
            [
              -118.72247200000001,
              34.069447
            ],
            [
              -118.72247200000001,
              34.069466999999996
            ],
            [
              -118.72246700000001,
              34.069472
            ],
            [
              -118.722442,
              34.069472
            ],
            [
              -118.722442,
              34.069511999999996
            ],
            [
              -118.72250700000001,
              34.069511999999996
            ]
          ]
        ]
      },
      "properties": {
        "building_id": 284,
        "scenario_id": 1,
        "damage_class": "no-damage",
        "confidence": 0.7938,
        "probabilities": {
          "no-damage": 0.7938,
          "minor-damage": 0.0992,
          "major-damage": 0.0964,
          "destroyed": 0.0106
        },
        "gt_damage_class": "no-damage",
        "source": "AI Prediction (Siamese ResNet18)",
        "is_prediction": true
      }
    },
    {
      "type": "Feature",
      "geometry": {
        "type": "Polygon",
        "coordinates": [
          [
            [
              -118.721647,
              34.069542
            ],
            [
              -118.721647,
              34.069492
            ],
            [
              -118.721557,
              34.069492
            ],
            [
              -118.721557,
              34.069537
            ],
            [
              -118.721597,
              34.069537
            ],
            [
              -118.721602,
              34.069542
            ],
            [
              -118.721647,
              34.069542
            ]
          ]
        ]
      },
      "properties": {
        "building_id": 285,
        "scenario_id": 1,
        "damage_class": "no-damage",
        "confidence": 0.9129,
        "probabilities": {
          "no-damage": 0.9129,
          "minor-damage": 0.0497,
          "major-damage": 0.0253,
          "destroyed": 0.0121
        },
        "gt_damage_class": "no-damage",
        "source": "AI Prediction (Siamese ResNet18)",
        "is_prediction": true
      }
    },
    {
      "type": "Feature",
      "geometry": {
        "type": "Polygon",
        "coordinates": [
          [
            [
              -118.72143200000001,
              34.069547
            ],
            [
              -118.72143200000001,
              34.069531999999995
            ],
            [
              -118.72143700000001,
              34.069527
            ],
            [
              -118.72143700000001,
              34.069506999999994
            ],
            [
              -118.721402,
              34.069506999999994
            ],
            [
              -118.72139700000001,
              34.069511999999996
            ],
            [
              -118.721362,
              34.069511999999996
            ],
            [
              -118.721362,
              34.069542
            ],
            [
              -118.72139200000001,
              34.069542
            ],
            [
              -118.72139700000001,
              34.069547
            ],
            [
              -118.72143200000001,
              34.069547
            ]
          ]
        ]
      },
      "properties": {
        "building_id": 286,
        "scenario_id": 1,
        "damage_class": "no-damage",
        "confidence": 0.4424,
        "probabilities": {
          "no-damage": 0.4424,
          "minor-damage": 0.155,
          "major-damage": 0.3533,
          "destroyed": 0.0493
        },
        "gt_damage_class": "no-damage",
        "source": "AI Prediction (Siamese ResNet18)",
        "is_prediction": true
      }
    },
    {
      "type": "Feature",
      "geometry": {
        "type": "Polygon",
        "coordinates": [
          [
            [
              -118.723352,
              34.069627
            ],
            [
              -118.723352,
              34.069621999999995
            ],
            [
              -118.72335700000001,
              34.069617
            ],
            [
              -118.72335700000001,
              34.069601999999996
            ],
            [
              -118.72336200000001,
              34.069596999999995
            ],
            [
              -118.72336200000001,
              34.069582
            ],
            [
              -118.72336700000001,
              34.069576999999995
            ],
            [
              -118.72336700000001,
              34.069562
            ],
            [
              -118.723372,
              34.069556999999996
            ],
            [
              -118.723372,
              34.069551999999995
            ],
            [
              -118.72336700000001,
              34.069551999999995
            ],
            [
              -118.72336200000001,
              34.069547
            ],
            [
              -118.723347,
              34.069547
            ],
            [
              -118.723342,
              34.069542
            ],
            [
              -118.723327,
              34.069542
            ],
            [
              -118.72332200000001,
              34.069537
            ],
            [
              -118.723307,
              34.069537
            ],
            [
              -118.723302,
              34.069531999999995
            ],
            [
              -118.723297,
              34.069531999999995
            ],
            [
              -118.723297,
              34.069542
            ],
            [
              -118.723292,
              34.069547
            ],
            [
              -118.723292,
              34.069572
            ],
            [
              -118.723287,
              34.069576999999995
            ],
            [
              -118.723287,
              34.069596999999995
            ],
            [
              -118.723282,
              34.069601999999996
            ],
            [
              -118.723282,
              34.069612
            ],
            [
              -118.723292,
              34.069612
            ],
            [
              -118.723297,
              34.069617
            ],
            [
              -118.723312,
              34.069617
            ],
            [
              -118.72331700000001,
              34.069621999999995
            ],
            [
              -118.723337,
              34.069621999999995
            ],
            [
              -118.723342,
              34.069627
            ],
            [
              -118.723352,
              34.069627
            ]
          ]
        ]
      },
      "properties": {
        "building_id": 287,
        "scenario_id": 1,
        "damage_class": "no-damage",
        "confidence": 0.789,
        "probabilities": {
          "no-damage": 0.789,
          "minor-damage": 0.0833,
          "major-damage": 0.0731,
          "destroyed": 0.0547
        },
        "gt_damage_class": "no-damage",
        "source": "AI Prediction (Siamese ResNet18)",
        "is_prediction": true
      }
    },
    {
      "type": "Feature",
      "geometry": {
        "type": "Polygon",
        "coordinates": [
          [
            [
              -118.720877,
              34.069817
            ],
            [
              -118.720882,
              34.069812
            ],
            [
              -118.720907,
              34.069812
            ],
            [
              -118.720912,
              34.069807
            ],
            [
              -118.720927,
              34.069807
            ],
            [
              -118.720927,
              34.069796999999994
            ],
            [
              -118.720932,
              34.069792
            ],
            [
              -118.720937,
              34.069792
            ],
            [
              -118.72094200000001,
              34.069796999999994
            ],
            [
              -118.720977,
              34.069796999999994
            ],
            [
              -118.720982,
              34.069801999999996
            ],
            [
              -118.721017,
              34.069801999999996
            ],
            [
              -118.721022,
              34.069796999999994
            ],
            [
              -118.721107,
              34.069796999999994
            ],
            [
              -118.721107,
              34.069686999999995
            ],
            [
              -118.721112,
              34.069682
            ],
            [
              -118.721132,
              34.069682
            ],
            [
              -118.721132,
              34.069612
            ],
            [
              -118.72112700000001,
              34.069612
            ],
            [
              -118.72112200000001,
              34.069607
            ],
            [
              -118.72112200000001,
              34.069587
            ],
            [
              -118.72112700000001,
              34.069582
            ],
            [
              -118.72112700000001,
              34.069537
            ],
            [
              -118.721132,
              34.069531999999995
            ],
            [
              -118.721132,
              34.069506999999994
            ],
            [
              -118.721012,
              34.069506999999994
            ],
            [
              -118.721007,
              34.069502
            ],
            [
              -118.720887,
              34.069502
            ],
            [
              -118.720887,
              34.069722
            ],
            [
              -118.720882,
              34.069727
            ],
            [
              -118.720877,
              34.069727
            ],
            [
              -118.720872,
              34.069722
            ],
            [
              -118.720867,
              34.069722
            ],
            [
              -118.720867,
              34.069767
            ],
            [
              -118.72086200000001,
              34.069772
            ],
            [
              -118.72086200000001,
              34.069817
            ],
            [
              -118.720877,
              34.069817
            ]
          ]
        ]
      },
      "properties": {
        "building_id": 288,
        "scenario_id": 1,
        "damage_class": "minor-damage",
        "confidence": 0.5013,
        "probabilities": {
          "no-damage": 0.3892,
          "minor-damage": 0.5013,
          "major-damage": 0.0966,
          "destroyed": 0.013
        },
        "gt_damage_class": "no-damage",
        "source": "AI Prediction (Siamese ResNet18)",
        "is_prediction": true
      }
    },
    {
      "type": "Feature",
      "geometry": {
        "type": "Polygon",
        "coordinates": [
          [
            [
              -118.72072200000001,
              34.069832
            ],
            [
              -118.72072200000001,
              34.069827
            ],
            [
              -118.72072700000001,
              34.069821999999995
            ],
            [
              -118.72072700000001,
              34.069812
            ],
            [
              -118.720732,
              34.069807
            ],
            [
              -118.720732,
              34.069796999999994
            ],
            [
              -118.720737,
              34.069792
            ],
            [
              -118.720737,
              34.069782
            ],
            [
              -118.720742,
              34.069776999999995
            ],
            [
              -118.720742,
              34.069767
            ],
            [
              -118.720747,
              34.069762
            ],
            [
              -118.720747,
              34.069752
            ],
            [
              -118.720752,
              34.069747
            ],
            [
              -118.720752,
              34.069742
            ],
            [
              -118.720747,
              34.069742
            ],
            [
              -118.720742,
              34.069736999999996
            ],
            [
              -118.720732,
              34.069736999999996
            ],
            [
              -118.72072700000001,
              34.069731999999995
            ],
            [
              -118.72071700000001,
              34.069731999999995
            ],
            [
              -118.720712,
              34.069727
            ],
            [
              -118.720707,
              34.069727
            ],
            [
              -118.720707,
              34.069731999999995
            ],
            [
              -118.720702,
              34.069736999999996
            ],
            [
              -118.720702,
              34.069752
            ],
            [
              -118.720697,
              34.069756999999996
            ],
            [
              -118.720697,
              34.069767
            ],
            [
              -118.720692,
              34.069772
            ],
            [
              -118.720692,
              34.069782
            ],
            [
              -118.720687,
              34.069787
            ],
            [
              -118.720687,
              34.069801999999996
            ],
            [
              -118.72068200000001,
              34.069807
            ],
            [
              -118.72068200000001,
              34.069812
            ],
            [
              -118.720687,
              34.069817
            ],
            [
              -118.720692,
              34.069817
            ],
            [
              -118.720697,
              34.069821999999995
            ],
            [
              -118.720702,
              34.069821999999995
            ],
            [
              -118.720707,
              34.069827
            ],
            [
              -118.720712,
              34.069827
            ],
            [
              -118.72071700000001,
              34.069832
            ],
            [
              -118.72072200000001,
              34.069832
            ]
          ]
        ]
      },
      "properties": {
        "building_id": 289,
        "scenario_id": 1,
        "damage_class": "no-damage",
        "confidence": 0.6234,
        "probabilities": {
          "no-damage": 0.6234,
          "minor-damage": 0.0221,
          "major-damage": 0.0604,
          "destroyed": 0.2941
        },
        "gt_damage_class": "no-damage",
        "source": "AI Prediction (Siamese ResNet18)",
        "is_prediction": true
      }
    },
    {
      "type": "Feature",
      "geometry": {
        "type": "Polygon",
        "coordinates": [
          [
            [
              -118.722162,
              34.069862
            ],
            [
              -118.722162,
              34.069827
            ],
            [
              -118.72215700000001,
              34.069821999999995
            ],
            [
              -118.72215700000001,
              34.069756999999996
            ],
            [
              -118.72215200000001,
              34.069752
            ],
            [
              -118.72215200000001,
              34.069587
            ],
            [
              -118.722102,
              34.069587
            ],
            [
              -118.722097,
              34.069592
            ],
            [
              -118.722027,
              34.069592
            ],
            [
              -118.72202200000001,
              34.069596999999995
            ],
            [
              -118.721997,
              34.069596999999995
            ],
            [
              -118.721997,
              34.069662
            ],
            [
              -118.722002,
              34.069666999999995
            ],
            [
              -118.722002,
              34.069792
            ],
            [
              -118.722007,
              34.069796999999994
            ],
            [
              -118.722007,
              34.069862
            ],
            [
              -118.722162,
              34.069862
            ]
          ]
        ]
      },
      "properties": {
        "building_id": 290,
        "scenario_id": 1,
        "damage_class": "no-damage",
        "confidence": 0.5278,
        "probabilities": {
          "no-damage": 0.5278,
          "minor-damage": 0.3129,
          "major-damage": 0.1245,
          "destroyed": 0.0348
        },
        "gt_damage_class": "no-damage",
        "source": "AI Prediction (Siamese ResNet18)",
        "is_prediction": true
      }
    },
    {
      "type": "Feature",
      "geometry": {
        "type": "Polygon",
        "coordinates": [
          [
            [
              -118.72255700000001,
              34.069911999999995
            ],
            [
              -118.72255700000001,
              34.069812
            ],
            [
              -118.722497,
              34.069812
            ],
            [
              -118.722492,
              34.069817
            ],
            [
              -118.722437,
              34.069817
            ],
            [
              -118.722437,
              34.069911999999995
            ],
            [
              -118.72255700000001,
              34.069911999999995
            ]
          ]
        ]
      },
      "properties": {
        "building_id": 291,
        "scenario_id": 1,
        "damage_class": "no-damage",
        "confidence": 0.8437,
        "probabilities": {
          "no-damage": 0.8437,
          "minor-damage": 0.0443,
          "major-damage": 0.0399,
          "destroyed": 0.0721
        },
        "gt_damage_class": "no-damage",
        "source": "AI Prediction (Siamese ResNet18)",
        "is_prediction": true
      }
    },
    {
      "type": "Feature",
      "geometry": {
        "type": "Polygon",
        "coordinates": [
          [
            [
              -118.722757,
              34.069931999999994
            ],
            [
              -118.722757,
              34.069821999999995
            ],
            [
              -118.722707,
              34.069821999999995
            ],
            [
              -118.722702,
              34.069817
            ],
            [
              -118.72265200000001,
              34.069817
            ],
            [
              -118.72265200000001,
              34.069927
            ],
            [
              -118.722702,
              34.069927
            ],
            [
              -118.722707,
              34.069931999999994
            ],
            [
              -118.722757,
              34.069931999999994
            ]
          ]
        ]
      },
      "properties": {
        "building_id": 292,
        "scenario_id": 1,
        "damage_class": "no-damage",
        "confidence": 0.8912,
        "probabilities": {
          "no-damage": 0.8912,
          "minor-damage": 0.0526,
          "major-damage": 0.0442,
          "destroyed": 0.0119
        },
        "gt_damage_class": "no-damage",
        "source": "AI Prediction (Siamese ResNet18)",
        "is_prediction": true
      }
    },
    {
      "type": "Feature",
      "geometry": {
        "type": "Polygon",
        "coordinates": [
          [
            [
              -118.723562,
              34.069931999999994
            ],
            [
              -118.723567,
              34.069927
            ],
            [
              -118.723572,
              34.069927
            ],
            [
              -118.723577,
              34.069922
            ],
            [
              -118.72358200000001,
              34.069922
            ],
            [
              -118.72358700000001,
              34.069917
            ],
            [
              -118.72359200000001,
              34.069917
            ],
            [
              -118.723597,
              34.069911999999995
            ],
            [
              -118.723602,
              34.069911999999995
            ],
            [
              -118.723607,
              34.069907
            ],
            [
              -118.723612,
              34.069907
            ],
            [
              -118.723617,
              34.069902
            ],
            [
              -118.723622,
              34.069902
            ],
            [
              -118.723617,
              34.069897
            ],
            [
              -118.723617,
              34.069891999999996
            ],
            [
              -118.723612,
              34.069886999999994
            ],
            [
              -118.723612,
              34.069882
            ],
            [
              -118.723602,
              34.069872
            ],
            [
              -118.723602,
              34.069866999999995
            ],
            [
              -118.723597,
              34.069862
            ],
            [
              -118.723597,
              34.069857
            ],
            [
              -118.72359200000001,
              34.069852
            ],
            [
              -118.723597,
              34.069846999999996
            ],
            [
              -118.723602,
              34.069846999999996
            ],
            [
              -118.723607,
              34.069841999999994
            ],
            [
              -118.723612,
              34.069841999999994
            ],
            [
              -118.723617,
              34.069837
            ],
            [
              -118.723622,
              34.069837
            ],
            [
              -118.72363200000001,
              34.069827
            ],
            [
              -118.72363700000001,
              34.069827
            ],
            [
              -118.723642,
              34.069821999999995
            ],
            [
              -118.723647,
              34.069821999999995
            ],
            [
              -118.723652,
              34.069817
            ],
            [
              -118.723657,
              34.069817
            ],
            [
              -118.723662,
              34.069812
            ],
            [
              -118.723662,
              34.069807
            ],
            [
              -118.723657,
              34.069801999999996
            ],
            [
              -118.723657,
              34.069792
            ],
            [
              -118.723652,
              34.069787
            ],
            [
              -118.723652,
              34.069782
            ],
            [
              -118.723647,
              34.069776999999995
            ],
            [
              -118.723647,
              34.069767
            ],
            [
              -118.723642,
              34.069762
            ],
            [
              -118.723642,
              34.069752
            ],
            [
              -118.72363700000001,
              34.069747
            ],
            [
              -118.72363700000001,
              34.069742
            ],
            [
              -118.72363200000001,
              34.069736999999996
            ],
            [
              -118.72363200000001,
              34.069731999999995
            ],
            [
              -118.723612,
              34.069731999999995
            ],
            [
              -118.723607,
              34.069736999999996
            ],
            [
              -118.723597,
              34.069736999999996
            ],
            [
              -118.72358700000001,
              34.069727
            ],
            [
              -118.72358700000001,
              34.069717
            ],
            [
              -118.72358200000001,
              34.069711999999996
            ],
            [
              -118.72358200000001,
              34.069702
            ],
            [
              -118.723577,
              34.069697
            ],
            [
              -118.723577,
              34.069691999999996
            ],
            [
              -118.723572,
              34.069686999999995
            ],
            [
              -118.723572,
              34.069677
            ],
            [
              -118.723567,
              34.069672
            ],
            [
              -118.723567,
              34.069662
            ],
            [
              -118.723562,
              34.069657
            ],
            [
              -118.723562,
              34.069646999999996
            ],
            [
              -118.723557,
              34.069641999999995
            ],
            [
              -118.723557,
              34.069632
            ],
            [
              -118.723552,
              34.069627
            ],
            [
              -118.723552,
              34.069617
            ],
            [
              -118.72354700000001,
              34.069612
            ],
            [
              -118.72354700000001,
              34.069607
            ],
            [
              -118.72354200000001,
              34.069601999999996
            ],
            [
              -118.72354200000001,
              34.069592
            ],
            [
              -118.72353700000001,
              34.069587
            ],
            [
              -118.72353700000001,
              34.069576999999995
            ],
            [
              -118.723532,
              34.069572
            ],
            [
              -118.723532,
              34.069562
            ],
            [
              -118.723527,
              34.069556999999996
            ],
            [
              -118.723527,
              34.069547
            ],
            [
              -118.723522,
              34.069542
            ],
            [
              -118.723522,
              34.069537
            ],
            [
              -118.723517,
              34.069531999999995
            ],
            [
              -118.723517,
              34.069522
            ],
            [
              -118.723512,
              34.069517
            ],
            [
              -118.723512,
              34.069506999999994
            ],
            [
              -118.723507,
              34.069502
            ],
            [
              -118.723507,
              34.069497
            ],
            [
              -118.72350200000001,
              34.069497
            ],
            [
              -118.72349700000001,
              34.069502
            ],
            [
              -118.723487,
              34.069502
            ],
            [
              -118.723482,
              34.069506999999994
            ],
            [
              -118.723472,
              34.069506999999994
            ],
            [
              -118.723467,
              34.069511999999996
            ],
            [
              -118.72345700000001,
              34.069511999999996
            ],
            [
              -118.72345200000001,
              34.069517
            ],
            [
              -118.72344700000001,
              34.069517
            ],
            [
              -118.723442,
              34.069522
            ],
            [
              -118.723432,
              34.069522
            ],
            [
              -118.723427,
              34.069527
            ],
            [
              -118.723417,
              34.069527
            ],
            [
              -118.72341200000001,
              34.069531999999995
            ],
            [
              -118.72340200000001,
              34.069531999999995
            ],
            [
              -118.723397,
              34.069537
            ],
            [
              -118.723392,
              34.069537
            ],
            [
              -118.723392,
              34.069542
            ],
            [
              -118.723397,
              34.069547
            ],
            [
              -118.723397,
              34.069556999999996
            ],
            [
              -118.72340200000001,
              34.069562
            ],
            [
              -118.72340200000001,
              34.069567
            ],
            [
              -118.72340700000001,
              34.069572
            ],
            [
              -118.72340700000001,
              34.069582
            ],
            [
              -118.72341200000001,
              34.069587
            ],
            [
              -118.72341200000001,
              34.069596999999995
            ],
            [
              -118.723417,
              34.069601999999996
            ],
            [
              -118.723417,
              34.069612
            ],
            [
              -118.723422,
              34.069617
            ],
            [
              -118.723422,
              34.069627
            ],
            [
              -118.723427,
              34.069632
            ],
            [
              -118.723427,
              34.069637
            ],
            [
              -118.723432,
              34.069641999999995
            ],
            [
              -118.723432,
              34.069652
            ],
            [
              -118.723437,
              34.069657
            ],
            [
              -118.723437,
              34.069666999999995
            ],
            [
              -118.723442,
              34.069672
            ],
            [
              -118.723442,
              34.069677
            ],
            [
              -118.723437,
              34.069682
            ],
            [
              -118.723432,
              34.069682
            ],
            [
              -118.723417,
              34.069697
            ],
            [
              -118.72341200000001,
              34.069697
            ],
            [
              -118.72340200000001,
              34.069707
            ],
            [
              -118.72340200000001,
              34.069711999999996
            ],
            [
              -118.72340700000001,
              34.069717
            ],
            [
              -118.72340700000001,
              34.069727
            ],
            [
              -118.72341200000001,
              34.069731999999995
            ],
            [
              -118.72341200000001,
              34.069736999999996
            ],
            [
              -118.723417,
              34.069742
            ],
            [
              -118.723417,
              34.069752
            ],
            [
              -118.723422,
              34.069756999999996
            ],
            [
              -118.723422,
              34.069767
            ],
            [
              -118.723427,
              34.069772
            ],
            [
              -118.723427,
              34.069782
            ],
            [
              -118.723432,
              34.069787
            ],
            [
              -118.723432,
              34.069792
            ],
            [
              -118.723437,
              34.069796999999994
            ],
            [
              -118.723437,
              34.069807
            ],
            [
              -118.723442,
              34.069812
            ],
            [
              -118.723442,
              34.069821999999995
            ],
            [
              -118.72344700000001,
              34.069827
            ],
            [
              -118.72344700000001,
              34.069837
            ],
            [
              -118.72345200000001,
              34.069841999999994
            ],
            [
              -118.72345200000001,
              34.069852
            ],
            [
              -118.72345700000001,
              34.069857
            ],
            [
              -118.72345700000001,
              34.069862
            ],
            [
              -118.723462,
              34.069866999999995
            ],
            [
              -118.723462,
              34.069877
            ],
            [
              -118.723467,
              34.069882
            ],
            [
              -118.723467,
              34.069886999999994
            ],
            [
              -118.723472,
              34.069886999999994
            ],
            [
              -118.723477,
              34.069882
            ],
            [
              -118.723482,
              34.069882
            ],
            [
              -118.723487,
              34.069877
            ],
            [
              -118.72349700000001,
              34.069877
            ],
            [
              -118.72350200000001,
              34.069872
            ],
            [
              -118.723512,
              34.069872
            ],
            [
              -118.723517,
              34.069866999999995
            ],
            [
              -118.723522,
              34.069866999999995
            ],
            [
              -118.723527,
              34.069862
            ],
            [
              -118.72353700000001,
              34.069872
            ],
            [
              -118.72353700000001,
              34.069882
            ],
            [
              -118.72354200000001,
              34.069886999999994
            ],
            [
              -118.72354200000001,
              34.069891999999996
            ],
            [
              -118.72354700000001,
              34.069897
            ],
            [
              -118.72354700000001,
              34.069907
            ],
            [
              -118.723552,
              34.069911999999995
            ],
            [
              -118.723552,
              34.069922
            ],
            [
              -118.723557,
              34.069927
            ],
            [
              -118.723557,
              34.069931999999994
            ],
            [
              -118.723562,
              34.069931999999994
            ]
          ]
        ]
      },
      "properties": {
        "building_id": 293,
        "scenario_id": 1,
        "damage_class": "minor-damage",
        "confidence": 0.4508,
        "probabilities": {
          "no-damage": 0.4314,
          "minor-damage": 0.4508,
          "major-damage": 0.1114,
          "destroyed": 0.0063
        },
        "gt_damage_class": "no-damage",
        "source": "AI Prediction (Siamese ResNet18)",
        "is_prediction": true
      }
    },
    {
      "type": "Feature",
      "geometry": {
        "type": "Polygon",
        "coordinates": [
          [
            [
              -118.725237,
              34.069942
            ],
            [
              -118.72524200000001,
              34.069936999999996
            ],
            [
              -118.72524700000001,
              34.069936999999996
            ],
            [
              -118.725252,
              34.069931999999994
            ],
            [
              -118.725257,
              34.069931999999994
            ],
            [
              -118.725262,
              34.069927
            ],
            [
              -118.725267,
              34.069927
            ],
            [
              -118.725272,
              34.069922
            ],
            [
              -118.725272,
              34.069756999999996
            ],
            [
              -118.725252,
              34.069776999999995
            ],
            [
              -118.72524700000001,
              34.069776999999995
            ],
            [
              -118.725232,
              34.069792
            ],
            [
              -118.725227,
              34.069792
            ],
            [
              -118.725222,
              34.069787
            ],
            [
              -118.725222,
              34.069782
            ],
            [
              -118.725217,
              34.069776999999995
            ],
            [
              -118.725217,
              34.069772
            ],
            [
              -118.725212,
              34.069767
            ],
            [
              -118.725212,
              34.069762
            ],
            [
              -118.725207,
              34.069756999999996
            ],
            [
              -118.725207,
              34.069752
            ],
            [
              -118.72520200000001,
              34.069747
            ],
            [
              -118.72519700000001,
              34.069752
            ],
            [
              -118.725192,
              34.069752
            ],
            [
              -118.725182,
              34.069762
            ],
            [
              -118.725177,
              34.069762
            ],
            [
              -118.725162,
              34.069776999999995
            ],
            [
              -118.72515700000001,
              34.069776999999995
            ],
            [
              -118.725147,
              34.069787
            ],
            [
              -118.725142,
              34.069787
            ],
            [
              -118.725132,
              34.069796999999994
            ],
            [
              -118.725127,
              34.069796999999994
            ],
            [
              -118.72511200000001,
              34.069812
            ],
            [
              -118.72510700000001,
              34.069812
            ],
            [
              -118.725102,
              34.069817
            ],
            [
              -118.72510700000001,
              34.069821999999995
            ],
            [
              -118.72510700000001,
              34.069827
            ],
            [
              -118.72511200000001,
              34.069832
            ],
            [
              -118.72511200000001,
              34.069837
            ],
            [
              -118.725117,
              34.069841999999994
            ],
            [
              -118.725117,
              34.069846999999996
            ],
            [
              -118.725122,
              34.069852
            ],
            [
              -118.725122,
              34.069857
            ],
            [
              -118.725127,
              34.069862
            ],
            [
              -118.725127,
              34.069866999999995
            ],
            [
              -118.725132,
              34.069872
            ],
            [
              -118.725132,
              34.069877
            ],
            [
              -118.725137,
              34.069882
            ],
            [
              -118.725137,
              34.069886999999994
            ],
            [
              -118.725142,
              34.069891999999996
            ],
            [
              -118.725142,
              34.069897
            ],
            [
              -118.725147,
              34.069902
            ],
            [
              -118.725147,
              34.069907
            ],
            [
              -118.72515200000001,
              34.069911999999995
            ],
            [
              -118.72515700000001,
              34.069907
            ],
            [
              -118.725162,
              34.069907
            ],
            [
              -118.725177,
              34.069891999999996
            ],
            [
              -118.725182,
              34.069891999999996
            ],
            [
              -118.725192,
              34.069882
            ],
            [
              -118.72519700000001,
              34.069882
            ],
            [
              -118.72520200000001,
              34.069877
            ],
            [
              -118.725207,
              34.069882
            ],
            [
              -118.725207,
              34.069886999999994
            ],
            [
              -118.725212,
              34.069891999999996
            ],
            [
              -118.725212,
              34.069897
            ],
            [
              -118.725217,
              34.069902
            ],
            [
              -118.725217,
              34.069907
            ],
            [
              -118.725222,
              34.069911999999995
            ],
            [
              -118.725222,
              34.069917
            ],
            [
              -118.725227,
              34.069922
            ],
            [
              -118.725227,
              34.069927
            ],
            [
              -118.725232,
              34.069931999999994
            ],
            [
              -118.725232,
              34.069936999999996
            ],
            [
              -118.725237,
              34.069942
            ]
          ]
        ]
      },
      "properties": {
        "building_id": 294,
        "scenario_id": 1,
        "damage_class": "no-damage",
        "confidence": 0.8275,
        "probabilities": {
          "no-damage": 0.8275,
          "minor-damage": 0.1253,
          "major-damage": 0.0147,
          "destroyed": 0.0325
        },
        "gt_damage_class": "no-damage",
        "source": "AI Prediction (Siamese ResNet18)",
        "is_prediction": true
      }
    },
    {
      "type": "Feature",
      "geometry": {
        "type": "Polygon",
        "coordinates": [
          [
            [
              -118.721787,
              34.070012
            ],
            [
              -118.721787,
              34.069976999999994
            ],
            [
              -118.721677,
              34.069976999999994
            ],
            [
              -118.721677,
              34.070001999999995
            ],
            [
              -118.72171200000001,
              34.070001999999995
            ],
            [
              -118.721717,
              34.070007
            ],
            [
              -118.72174700000001,
              34.070007
            ],
            [
              -118.72175200000001,
              34.070012
            ],
            [
              -118.721787,
              34.070012
            ]
          ]
        ]
      },
      "properties": {
        "building_id": 295,
        "scenario_id": 1,
        "damage_class": "no-damage",
        "confidence": 0.7009,
        "probabilities": {
          "no-damage": 0.7009,
          "minor-damage": 0.1645,
          "major-damage": 0.0901,
          "destroyed": 0.0445
        },
        "gt_damage_class": "no-damage",
        "source": "AI Prediction (Siamese ResNet18)",
        "is_prediction": true
      }
    },
    {
      "type": "Feature",
      "geometry": {
        "type": "Polygon",
        "coordinates": [
          [
            [
              -118.722617,
              34.070187
            ],
            [
              -118.722617,
              34.070082
            ],
            [
              -118.72260200000001,
              34.070082
            ],
            [
              -118.72259700000001,
              34.070077
            ],
            [
              -118.72259700000001,
              34.070017
            ],
            [
              -118.72260200000001,
              34.070012
            ],
            [
              -118.72260200000001,
              34.069947
            ],
            [
              -118.722547,
              34.069947
            ],
            [
              -118.722542,
              34.069942
            ],
            [
              -118.722487,
              34.069942
            ],
            [
              -118.722487,
              34.069987
            ],
            [
              -118.722482,
              34.069992
            ],
            [
              -118.722482,
              34.070087
            ],
            [
              -118.722477,
              34.070091999999995
            ],
            [
              -118.722477,
              34.070136999999995
            ],
            [
              -118.72251700000001,
              34.070136999999995
            ],
            [
              -118.722522,
              34.070142
            ],
            [
              -118.72255700000001,
              34.070142
            ],
            [
              -118.72256200000001,
              34.070147
            ],
            [
              -118.72256200000001,
              34.070181999999996
            ],
            [
              -118.722587,
              34.070181999999996
            ],
            [
              -118.722592,
              34.070187
            ],
            [
              -118.722617,
              34.070187
            ]
          ]
        ]
      },
      "properties": {
        "building_id": 296,
        "scenario_id": 1,
        "damage_class": "no-damage",
        "confidence": 0.8389,
        "probabilities": {
          "no-damage": 0.8389,
          "minor-damage": 0.0921,
          "major-damage": 0.0404,
          "destroyed": 0.0285
        },
        "gt_damage_class": "no-damage",
        "source": "AI Prediction (Siamese ResNet18)",
        "is_prediction": true
      }
    },
    {
      "type": "Feature",
      "geometry": {
        "type": "Polygon",
        "coordinates": [
          [
            [
              -118.721697,
              34.070381999999995
            ],
            [
              -118.72170200000001,
              34.070377
            ],
            [
              -118.72170700000001,
              34.070377
            ],
            [
              -118.721717,
              34.070367
            ],
            [
              -118.721722,
              34.070367
            ],
            [
              -118.721727,
              34.070361999999996
            ],
            [
              -118.721742,
              34.070377
            ],
            [
              -118.72174700000001,
              34.070372
            ],
            [
              -118.72175200000001,
              34.070372
            ],
            [
              -118.72175700000001,
              34.070367
            ],
            [
              -118.721762,
              34.070367
            ],
            [
              -118.721767,
              34.070361999999996
            ],
            [
              -118.721772,
              34.070361999999996
            ],
            [
              -118.721777,
              34.070356999999994
            ],
            [
              -118.721782,
              34.070356999999994
            ],
            [
              -118.721787,
              34.070352
            ],
            [
              -118.72179200000001,
              34.070352
            ],
            [
              -118.72179700000001,
              34.070347
            ],
            [
              -118.72180200000001,
              34.070347
            ],
            [
              -118.721807,
              34.070342
            ],
            [
              -118.721812,
              34.070342
            ],
            [
              -118.721817,
              34.070336999999995
            ],
            [
              -118.721822,
              34.070336999999995
            ],
            [
              -118.721827,
              34.070332
            ],
            [
              -118.721832,
              34.070332
            ],
            [
              -118.72183700000001,
              34.070327
            ],
            [
              -118.72184200000001,
              34.070327
            ],
            [
              -118.72184700000001,
              34.070322
            ],
            [
              -118.721852,
              34.070322
            ],
            [
              -118.721857,
              34.070316999999996
            ],
            [
              -118.721862,
              34.070316999999996
            ],
            [
              -118.721867,
              34.070311999999994
            ],
            [
              -118.721867,
              34.070307
            ],
            [
              -118.721862,
              34.070302
            ],
            [
              -118.721862,
              34.070297
            ],
            [
              -118.721857,
              34.070291999999995
            ],
            [
              -118.721857,
              34.070287
            ],
            [
              -118.721852,
              34.070282
            ],
            [
              -118.721852,
              34.070277
            ],
            [
              -118.72184700000001,
              34.070271999999996
            ],
            [
              -118.72184700000001,
              34.070267
            ],
            [
              -118.72184200000001,
              34.070262
            ],
            [
              -118.72184200000001,
              34.070257
            ],
            [
              -118.72183700000001,
              34.070251999999996
            ],
            [
              -118.72183700000001,
              34.070246999999995
            ],
            [
              -118.721832,
              34.070242
            ],
            [
              -118.721832,
              34.070237
            ],
            [
              -118.721827,
              34.070232
            ],
            [
              -118.721827,
              34.070226999999996
            ],
            [
              -118.721822,
              34.070222
            ],
            [
              -118.721822,
              34.070217
            ],
            [
              -118.721817,
              34.070212
            ],
            [
              -118.721817,
              34.070201999999995
            ],
            [
              -118.721812,
              34.070197
            ],
            [
              -118.721812,
              34.070192
            ],
            [
              -118.721807,
              34.070187
            ],
            [
              -118.721807,
              34.070181999999996
            ],
            [
              -118.72180200000001,
              34.070177
            ],
            [
              -118.72180200000001,
              34.070172
            ],
            [
              -118.72179700000001,
              34.070167
            ],
            [
              -118.72179700000001,
              34.070161999999996
            ],
            [
              -118.72179200000001,
              34.070156999999995
            ],
            [
              -118.72179200000001,
              34.070152
            ],
            [
              -118.721787,
              34.070147
            ],
            [
              -118.721787,
              34.070142
            ],
            [
              -118.721782,
              34.070136999999995
            ],
            [
              -118.721782,
              34.070132
            ],
            [
              -118.721777,
              34.070127
            ],
            [
              -118.721777,
              34.070122
            ],
            [
              -118.721772,
              34.070116999999996
            ],
            [
              -118.721772,
              34.070111999999995
            ],
            [
              -118.721767,
              34.070107
            ],
            [
              -118.721767,
              34.070102
            ],
            [
              -118.721762,
              34.070097
            ],
            [
              -118.721762,
              34.070091999999995
            ],
            [
              -118.72175700000001,
              34.070097
            ],
            [
              -118.72175200000001,
              34.070097
            ],
            [
              -118.72174700000001,
              34.070102
            ],
            [
              -118.721742,
              34.070102
            ],
            [
              -118.721737,
              34.070107
            ],
            [
              -118.721732,
              34.070107
            ],
            [
              -118.721727,
              34.070111999999995
            ],
            [
              -118.721722,
              34.070107
            ],
            [
              -118.721722,
              34.070102
            ],
            [
              -118.721717,
              34.070097
            ],
            [
              -118.721717,
              34.070091999999995
            ],
            [
              -118.72171200000001,
              34.070087
            ],
            [
              -118.72171200000001,
              34.070082
            ],
            [
              -118.72170200000001,
              34.070071999999996
            ],
            [
              -118.72170200000001,
              34.070066999999995
            ],
            [
              -118.721697,
              34.070062
            ],
            [
              -118.721697,
              34.070057
            ],
            [
              -118.721687,
              34.070046999999995
            ],
            [
              -118.721687,
              34.070042
            ],
            [
              -118.721682,
              34.070037
            ],
            [
              -118.721682,
              34.070032
            ],
            [
              -118.721677,
              34.070026999999996
            ],
            [
              -118.721677,
              34.070021999999994
            ],
            [
              -118.721672,
              34.070017
            ],
            [
              -118.72166200000001,
              34.070026999999996
            ],
            [
              -118.72165700000001,
              34.070026999999996
            ],
            [
              -118.721632,
              34.070052
            ],
            [
              -118.721627,
              34.070052
            ],
            [
              -118.721607,
              34.070071999999996
            ],
            [
              -118.721602,
              34.070071999999996
            ],
            [
              -118.72157700000001,
              34.070097
            ],
            [
              -118.72157200000001,
              34.070097
            ],
            [
              -118.721562,
              34.070107
            ],
            [
              -118.721562,
              34.070111999999995
            ],
            [
              -118.72156700000001,
              34.070116999999996
            ],
            [
              -118.72156700000001,
              34.070122
            ],
            [
              -118.72157200000001,
              34.070127
            ],
            [
              -118.72157200000001,
              34.070132
            ],
            [
              -118.72157700000001,
              34.070136999999995
            ],
            [
              -118.72157700000001,
              34.070142
            ],
            [
              -118.72157200000001,
              34.070147
            ],
            [
              -118.72156700000001,
              34.070147
            ],
            [
              -118.721562,
              34.070152
            ],
            [
              -118.721557,
              34.070152
            ],
            [
              -118.721552,
              34.070156999999995
            ],
            [
              -118.721552,
              34.070161999999996
            ],
            [
              -118.721557,
              34.070167
            ],
            [
              -118.721557,
              34.070172
            ],
            [
              -118.721562,
              34.070177
            ],
            [
              -118.721562,
              34.070181999999996
            ],
            [
              -118.72156700000001,
              34.070187
            ],
            [
              -118.72156700000001,
              34.070192
            ],
            [
              -118.72157200000001,
              34.070197
            ],
            [
              -118.72157200000001,
              34.070201999999995
            ],
            [
              -118.721587,
              34.070187
            ],
            [
              -118.721592,
              34.070187
            ],
            [
              -118.721602,
              34.070177
            ],
            [
              -118.721607,
              34.070181999999996
            ],
            [
              -118.721607,
              34.070187
            ],
            [
              -118.72161200000001,
              34.070192
            ],
            [
              -118.72161200000001,
              34.070197
            ],
            [
              -118.72161700000001,
              34.070197
            ],
            [
              -118.72162200000001,
              34.070192
            ],
            [
              -118.721627,
              34.070192
            ],
            [
              -118.721632,
              34.070197
            ],
            [
              -118.721632,
              34.070201999999995
            ],
            [
              -118.721647,
              34.070217
            ],
            [
              -118.721647,
              34.070222
            ],
            [
              -118.721652,
              34.070226999999996
            ],
            [
              -118.721652,
              34.070232
            ],
            [
              -118.721647,
              34.070237
            ],
            [
              -118.721647,
              34.070242
            ],
            [
              -118.721642,
              34.070246999999995
            ],
            [
              -118.721642,
              34.070251999999996
            ],
            [
              -118.721637,
              34.070257
            ],
            [
              -118.721642,
              34.070262
            ],
            [
              -118.721642,
              34.070267
            ],
            [
              -118.721647,
              34.070271999999996
            ],
            [
              -118.721647,
              34.070277
            ],
            [
              -118.721652,
              34.070282
            ],
            [
              -118.721652,
              34.070287
            ],
            [
              -118.72165700000001,
              34.070291999999995
            ],
            [
              -118.72165700000001,
              34.070297
            ],
            [
              -118.72166200000001,
              34.070302
            ],
            [
              -118.72166200000001,
              34.070307
            ],
            [
              -118.72166700000001,
              34.070311999999994
            ],
            [
              -118.72166700000001,
              34.070316999999996
            ],
            [
              -118.721672,
              34.070316999999996
            ],
            [
              -118.721682,
              34.070327
            ],
            [
              -118.721677,
              34.070332
            ],
            [
              -118.721677,
              34.070336999999995
            ],
            [
              -118.721672,
              34.070342
            ],
            [
              -118.721677,
              34.070347
            ],
            [
              -118.721677,
              34.070352
            ],
            [
              -118.721687,
              34.070361999999996
            ],
            [
              -118.721687,
              34.070367
            ],
            [
              -118.721692,
              34.070372
            ],
            [
              -118.721692,
              34.070377
            ],
            [
              -118.721697,
              34.070381999999995
            ]
          ]
        ]
      },
      "properties": {
        "building_id": 297,
        "scenario_id": 1,
        "damage_class": "no-damage",
        "confidence": 0.5587,
        "probabilities": {
          "no-damage": 0.5587,
          "minor-damage": 0.3235,
          "major-damage": 0.1055,
          "destroyed": 0.0123
        },
        "gt_damage_class": "no-damage",
        "source": "AI Prediction (Siamese ResNet18)",
        "is_prediction": true
      }
    },
    {
      "type": "Feature",
      "geometry": {
        "type": "Polygon",
        "coordinates": [
          [
            [
              -118.72081700000001,
              34.070392
            ],
            [
              -118.72081700000001,
              34.070372
            ],
            [
              -118.720822,
              34.070367
            ],
            [
              -118.720822,
              34.070322
            ],
            [
              -118.720827,
              34.070316999999996
            ],
            [
              -118.720827,
              34.070271999999996
            ],
            [
              -118.720832,
              34.070267
            ],
            [
              -118.720832,
              34.070222
            ],
            [
              -118.720837,
              34.070217
            ],
            [
              -118.720837,
              34.070172
            ],
            [
              -118.720842,
              34.070167
            ],
            [
              -118.720842,
              34.070147
            ],
            [
              -118.720802,
              34.070147
            ],
            [
              -118.720797,
              34.070142
            ],
            [
              -118.72072200000001,
              34.070142
            ],
            [
              -118.72071700000001,
              34.070136999999995
            ],
            [
              -118.72067700000001,
              34.070136999999995
            ],
            [
              -118.72067700000001,
              34.070197
            ],
            [
              -118.72067200000001,
              34.070201999999995
            ],
            [
              -118.72067200000001,
              34.070262
            ],
            [
              -118.720707,
              34.070262
            ],
            [
              -118.720712,
              34.070267
            ],
            [
              -118.720712,
              34.070282
            ],
            [
              -118.720707,
              34.070287
            ],
            [
              -118.720707,
              34.070297
            ],
            [
              -118.720702,
              34.070302
            ],
            [
              -118.72068200000001,
              34.070302
            ],
            [
              -118.72067700000001,
              34.070307
            ],
            [
              -118.720657,
              34.070307
            ],
            [
              -118.720657,
              34.070336999999995
            ],
            [
              -118.720652,
              34.070342
            ],
            [
              -118.720652,
              34.070367
            ],
            [
              -118.720667,
              34.070367
            ],
            [
              -118.72067200000001,
              34.070372
            ],
            [
              -118.720697,
              34.070372
            ],
            [
              -118.720702,
              34.070377
            ],
            [
              -118.720732,
              34.070377
            ],
            [
              -118.720737,
              34.070381999999995
            ],
            [
              -118.72076700000001,
              34.070381999999995
            ],
            [
              -118.72077200000001,
              34.070387
            ],
            [
              -118.720797,
              34.070387
            ],
            [
              -118.720802,
              34.070392
            ],
            [
              -118.72081700000001,
              34.070392
            ]
          ]
        ]
      },
      "properties": {
        "building_id": 298,
        "scenario_id": 1,
        "damage_class": "minor-damage",
        "confidence": 0.3968,
        "probabilities": {
          "no-damage": 0.2765,
          "minor-damage": 0.3968,
          "major-damage": 0.3043,
          "destroyed": 0.0224
        },
        "gt_damage_class": "no-damage",
        "source": "AI Prediction (Siamese ResNet18)",
        "is_prediction": true
      }
    },
    {
      "type": "Feature",
      "geometry": {
        "type": "Polygon",
        "coordinates": [
          [
            [
              -118.72273700000001,
              34.070397
            ],
            [
              -118.72274200000001,
              34.070392
            ],
            [
              -118.722767,
              34.070392
            ],
            [
              -118.722772,
              34.070387
            ],
            [
              -118.722802,
              34.070387
            ],
            [
              -118.722807,
              34.070381999999995
            ],
            [
              -118.722832,
              34.070381999999995
            ],
            [
              -118.722837,
              34.070377
            ],
            [
              -118.722852,
              34.070377
            ],
            [
              -118.722852,
              34.070367
            ],
            [
              -118.722847,
              34.070361999999996
            ],
            [
              -118.722847,
              34.070342
            ],
            [
              -118.722842,
              34.070336999999995
            ],
            [
              -118.722842,
              34.070311999999994
            ],
            [
              -118.722837,
              34.070307
            ],
            [
              -118.722837,
              34.070287
            ],
            [
              -118.722832,
              34.070282
            ],
            [
              -118.722832,
              34.070271999999996
            ],
            [
              -118.72282700000001,
              34.070271999999996
            ],
            [
              -118.72282200000001,
              34.070277
            ],
            [
              -118.722817,
              34.070271999999996
            ],
            [
              -118.722817,
              34.070267
            ],
            [
              -118.722812,
              34.070262
            ],
            [
              -118.722812,
              34.070242
            ],
            [
              -118.722807,
              34.070237
            ],
            [
              -118.722807,
              34.070212
            ],
            [
              -118.722802,
              34.070206999999996
            ],
            [
              -118.722802,
              34.070187
            ],
            [
              -118.722797,
              34.070181999999996
            ],
            [
              -118.722797,
              34.070161999999996
            ],
            [
              -118.722792,
              34.070156999999995
            ],
            [
              -118.722792,
              34.070152
            ],
            [
              -118.722802,
              34.070142
            ],
            [
              -118.722817,
              34.070142
            ],
            [
              -118.72282200000001,
              34.070136999999995
            ],
            [
              -118.722832,
              34.070136999999995
            ],
            [
              -118.722832,
              34.070127
            ],
            [
              -118.72282700000001,
              34.070122
            ],
            [
              -118.72282700000001,
              34.070102
            ],
            [
              -118.72282200000001,
              34.070097
            ],
            [
              -118.72282200000001,
              34.070077
            ],
            [
              -118.722817,
              34.070071999999996
            ],
            [
              -118.722817,
              34.070057
            ],
            [
              -118.722812,
              34.070052
            ],
            [
              -118.722812,
              34.070032
            ],
            [
              -118.722807,
              34.070026999999996
            ],
            [
              -118.722807,
              34.070017
            ],
            [
              -118.722797,
              34.070017
            ],
            [
              -118.722792,
              34.070021999999994
            ],
            [
              -118.72277700000001,
              34.070021999999994
            ],
            [
              -118.722772,
              34.070026999999996
            ],
            [
              -118.722757,
              34.070026999999996
            ],
            [
              -118.722752,
              34.070032
            ],
            [
              -118.722747,
              34.070032
            ],
            [
              -118.722747,
              34.070037
            ],
            [
              -118.722752,
              34.070042
            ],
            [
              -118.72274200000001,
              34.070052
            ],
            [
              -118.72273200000001,
              34.070052
            ],
            [
              -118.722727,
              34.070057
            ],
            [
              -118.722717,
              34.070057
            ],
            [
              -118.722712,
              34.070062
            ],
            [
              -118.722702,
              34.070062
            ],
            [
              -118.72269700000001,
              34.070066999999995
            ],
            [
              -118.72269200000001,
              34.070066999999995
            ],
            [
              -118.72268700000001,
              34.070071999999996
            ],
            [
              -118.722677,
              34.070071999999996
            ],
            [
              -118.722672,
              34.070077
            ],
            [
              -118.722662,
              34.070077
            ],
            [
              -118.722657,
              34.070082
            ],
            [
              -118.72265200000001,
              34.070082
            ],
            [
              -118.72265200000001,
              34.070091999999995
            ],
            [
              -118.722657,
              34.070097
            ],
            [
              -118.722657,
              34.070111999999995
            ],
            [
              -118.722662,
              34.070116999999996
            ],
            [
              -118.722662,
              34.070136999999995
            ],
            [
              -118.722667,
              34.070142
            ],
            [
              -118.722667,
              34.070156999999995
            ],
            [
              -118.722672,
              34.070161999999996
            ],
            [
              -118.722672,
              34.070181999999996
            ],
            [
              -118.722677,
              34.070187
            ],
            [
              -118.722677,
              34.070201999999995
            ],
            [
              -118.722682,
              34.070206999999996
            ],
            [
              -118.722682,
              34.070226999999996
            ],
            [
              -118.72268700000001,
              34.070232
            ],
            [
              -118.72268700000001,
              34.070246999999995
            ],
            [
              -118.72269200000001,
              34.070251999999996
            ],
            [
              -118.72269200000001,
              34.070271999999996
            ],
            [
              -118.72269700000001,
              34.070277
            ],
            [
              -118.72269700000001,
              34.070291999999995
            ],
            [
              -118.722702,
              34.070297
            ],
            [
              -118.722702,
              34.070316999999996
            ],
            [
              -118.722707,
              34.070322
            ],
            [
              -118.722707,
              34.070336999999995
            ],
            [
              -118.722712,
              34.070342
            ],
            [
              -118.722712,
              34.070361999999996
            ],
            [
              -118.722717,
              34.070367
            ],
            [
              -118.722717,
              34.070381999999995
            ],
            [
              -118.722722,
              34.070387
            ],
            [
              -118.722722,
              34.070397
            ],
            [
              -118.72273700000001,
              34.070397
            ]
          ]
        ]
      },
      "properties": {
        "building_id": 299,
        "scenario_id": 1,
        "damage_class": "no-damage",
        "confidence": 0.5111,
        "probabilities": {
          "no-damage": 0.5111,
          "minor-damage": 0.4043,
          "major-damage": 0.068,
          "destroyed": 0.0166
        },
        "gt_damage_class": "no-damage",
        "source": "AI Prediction (Siamese ResNet18)",
        "is_prediction": true
      }
    },
    {
      "type": "Feature",
      "geometry": {
        "type": "Polygon",
        "coordinates": [
          [
            [
              -118.722122,
              34.070432
            ],
            [
              -118.722122,
              34.070401999999994
            ],
            [
              -118.722127,
              34.070397
            ],
            [
              -118.722147,
              34.070397
            ],
            [
              -118.72215200000001,
              34.070401999999994
            ],
            [
              -118.722207,
              34.070401999999994
            ],
            [
              -118.722212,
              34.070406999999996
            ],
            [
              -118.722267,
              34.070406999999996
            ],
            [
              -118.722272,
              34.070412
            ],
            [
              -118.722302,
              34.070412
            ],
            [
              -118.722302,
              34.070406999999996
            ],
            [
              -118.722307,
              34.070401999999994
            ],
            [
              -118.722307,
              34.070387
            ],
            [
              -118.722312,
              34.070381999999995
            ],
            [
              -118.722312,
              34.070367
            ],
            [
              -118.722317,
              34.070361999999996
            ],
            [
              -118.722317,
              34.070356999999994
            ],
            [
              -118.722312,
              34.070352
            ],
            [
              -118.722312,
              34.070347
            ],
            [
              -118.722297,
              34.070332
            ],
            [
              -118.722297,
              34.070327
            ],
            [
              -118.72229200000001,
              34.070322
            ],
            [
              -118.72224200000001,
              34.070322
            ],
            [
              -118.722237,
              34.070316999999996
            ],
            [
              -118.722132,
              34.070316999999996
            ],
            [
              -118.722127,
              34.070311999999994
            ],
            [
              -118.722077,
              34.070311999999994
            ],
            [
              -118.722077,
              34.070372
            ],
            [
              -118.722072,
              34.070377
            ],
            [
              -118.722072,
              34.070432
            ],
            [
              -118.722122,
              34.070432
            ]
          ]
        ]
      },
      "properties": {
        "building_id": 300,
        "scenario_id": 1,
        "damage_class": "minor-damage",
        "confidence": 0.6413,
        "probabilities": {
          "no-damage": 0.083,
          "minor-damage": 0.6413,
          "major-damage": 0.2587,
          "destroyed": 0.017
        },
        "gt_damage_class": "no-damage",
        "source": "AI Prediction (Siamese ResNet18)",
        "is_prediction": true
      }
    },
    {
      "type": "Feature",
      "geometry": {
        "type": "Polygon",
        "coordinates": [
          [
            [
              -118.723192,
              34.070442
            ],
            [
              -118.723192,
              34.070372
            ],
            [
              -118.72318700000001,
              34.070367
            ],
            [
              -118.72318700000001,
              34.070302
            ],
            [
              -118.72309200000001,
              34.070302
            ],
            [
              -118.72309200000001,
              34.070347
            ],
            [
              -118.723087,
              34.070352
            ],
            [
              -118.723057,
              34.070352
            ],
            [
              -118.72305200000001,
              34.070347
            ],
            [
              -118.723022,
              34.070347
            ],
            [
              -118.723022,
              34.070387
            ],
            [
              -118.723017,
              34.070392
            ],
            [
              -118.723017,
              34.070432
            ],
            [
              -118.723032,
              34.070432
            ],
            [
              -118.723037,
              34.070426999999995
            ],
            [
              -118.723067,
              34.070426999999995
            ],
            [
              -118.723072,
              34.070422
            ],
            [
              -118.723082,
              34.070422
            ],
            [
              -118.723087,
              34.070426999999995
            ],
            [
              -118.723087,
              34.070437
            ],
            [
              -118.72313700000001,
              34.070437
            ],
            [
              -118.72314200000001,
              34.070442
            ],
            [
              -118.723192,
              34.070442
            ]
          ]
        ]
      },
      "properties": {
        "building_id": 301,
        "scenario_id": 1,
        "damage_class": "no-damage",
        "confidence": 0.8142,
        "probabilities": {
          "no-damage": 0.8142,
          "minor-damage": 0.1182,
          "major-damage": 0.04,
          "destroyed": 0.0277
        },
        "gt_damage_class": "no-damage",
        "source": "AI Prediction (Siamese ResNet18)",
        "is_prediction": true
      }
    },
    {
      "type": "Feature",
      "geometry": {
        "type": "Polygon",
        "coordinates": [
          [
            [
              -118.72372700000001,
              34.070457
            ],
            [
              -118.723732,
              34.070451999999996
            ],
            [
              -118.723737,
              34.070451999999996
            ],
            [
              -118.723742,
              34.070446999999994
            ],
            [
              -118.723752,
              34.070446999999994
            ],
            [
              -118.723757,
              34.070442
            ],
            [
              -118.72376700000001,
              34.070442
            ],
            [
              -118.72377200000001,
              34.070437
            ],
            [
              -118.723777,
              34.070437
            ],
            [
              -118.723782,
              34.070432
            ],
            [
              -118.723792,
              34.070432
            ],
            [
              -118.723797,
              34.070426999999995
            ],
            [
              -118.72380700000001,
              34.070426999999995
            ],
            [
              -118.72381200000001,
              34.070422
            ],
            [
              -118.723817,
              34.070422
            ],
            [
              -118.723822,
              34.070417
            ],
            [
              -118.723832,
              34.070417
            ],
            [
              -118.723837,
              34.070412
            ],
            [
              -118.723842,
              34.070412
            ],
            [
              -118.723847,
              34.070406999999996
            ],
            [
              -118.72385700000001,
              34.070406999999996
            ],
            [
              -118.723862,
              34.070401999999994
            ],
            [
              -118.723872,
              34.070401999999994
            ],
            [
              -118.723877,
              34.070397
            ],
            [
              -118.723882,
              34.070397
            ],
            [
              -118.723887,
              34.070392
            ],
            [
              -118.72389700000001,
              34.070392
            ],
            [
              -118.72390200000001,
              34.070387
            ],
            [
              -118.723912,
              34.070387
            ],
            [
              -118.723917,
              34.070381999999995
            ],
            [
              -118.723922,
              34.070381999999995
            ],
            [
              -118.723927,
              34.070377
            ],
            [
              -118.723932,
              34.070377
            ],
            [
              -118.723932,
              34.070372
            ],
            [
              -118.723927,
              34.070367
            ],
            [
              -118.723927,
              34.070361999999996
            ],
            [
              -118.723922,
              34.070356999999994
            ],
            [
              -118.723922,
              34.070352
            ],
            [
              -118.723917,
              34.070347
            ],
            [
              -118.723917,
              34.070336999999995
            ],
            [
              -118.723912,
              34.070332
            ],
            [
              -118.723912,
              34.070327
            ],
            [
              -118.723907,
              34.070322
            ],
            [
              -118.723907,
              34.070316999999996
            ],
            [
              -118.72390200000001,
              34.070311999999994
            ],
            [
              -118.72390200000001,
              34.070307
            ],
            [
              -118.72389700000001,
              34.070302
            ],
            [
              -118.72389700000001,
              34.070297
            ],
            [
              -118.723892,
              34.070297
            ],
            [
              -118.723887,
              34.070302
            ],
            [
              -118.723877,
              34.070302
            ],
            [
              -118.723872,
              34.070307
            ],
            [
              -118.72385700000001,
              34.070307
            ],
            [
              -118.72385200000001,
              34.070311999999994
            ],
            [
              -118.723842,
              34.070311999999994
            ],
            [
              -118.723837,
              34.070316999999996
            ],
            [
              -118.723827,
              34.070307
            ],
            [
              -118.723827,
              34.070297
            ],
            [
              -118.723822,
              34.070291999999995
            ],
            [
              -118.723822,
              34.070287
            ],
            [
              -118.723817,
              34.070282
            ],
            [
              -118.723817,
              34.070271999999996
            ],
            [
              -118.72381200000001,
              34.070267
            ],
            [
              -118.72381200000001,
              34.070257
            ],
            [
              -118.72380700000001,
              34.070251999999996
            ],
            [
              -118.72380700000001,
              34.070246999999995
            ],
            [
              -118.723802,
              34.070242
            ],
            [
              -118.723802,
              34.070232
            ],
            [
              -118.723797,
              34.070226999999996
            ],
            [
              -118.723797,
              34.070217
            ],
            [
              -118.723792,
              34.070212
            ],
            [
              -118.723792,
              34.070206999999996
            ],
            [
              -118.723787,
              34.070201999999995
            ],
            [
              -118.723787,
              34.070192
            ],
            [
              -118.723782,
              34.070187
            ],
            [
              -118.723782,
              34.070177
            ],
            [
              -118.723777,
              34.070172
            ],
            [
              -118.723777,
              34.070167
            ],
            [
              -118.72377200000001,
              34.070161999999996
            ],
            [
              -118.72377200000001,
              34.070152
            ],
            [
              -118.72376700000001,
              34.070147
            ],
            [
              -118.72376700000001,
              34.070142
            ],
            [
              -118.72376200000001,
              34.070142
            ],
            [
              -118.723757,
              34.070147
            ],
            [
              -118.723752,
              34.070147
            ],
            [
              -118.723747,
              34.070152
            ],
            [
              -118.723737,
              34.070152
            ],
            [
              -118.723732,
              34.070156999999995
            ],
            [
              -118.72372700000001,
              34.070156999999995
            ],
            [
              -118.72372200000001,
              34.070161999999996
            ],
            [
              -118.723712,
              34.070161999999996
            ],
            [
              -118.723707,
              34.070167
            ],
            [
              -118.723702,
              34.070167
            ],
            [
              -118.723697,
              34.070172
            ],
            [
              -118.723687,
              34.070172
            ],
            [
              -118.72368200000001,
              34.070177
            ],
            [
              -118.72367700000001,
              34.070177
            ],
            [
              -118.72367200000001,
              34.070181999999996
            ],
            [
              -118.723667,
              34.070181999999996
            ],
            [
              -118.723662,
              34.070187
            ],
            [
              -118.723652,
              34.070187
            ],
            [
              -118.723647,
              34.070192
            ],
            [
              -118.723642,
              34.070192
            ],
            [
              -118.72363700000001,
              34.070197
            ],
            [
              -118.72362700000001,
              34.070197
            ],
            [
              -118.723622,
              34.070201999999995
            ],
            [
              -118.723617,
              34.070201999999995
            ],
            [
              -118.723612,
              34.070206999999996
            ],
            [
              -118.723607,
              34.070206999999996
            ],
            [
              -118.723607,
              34.070212
            ],
            [
              -118.723612,
              34.070217
            ],
            [
              -118.723612,
              34.070222
            ],
            [
              -118.723617,
              34.070226999999996
            ],
            [
              -118.723617,
              34.070237
            ],
            [
              -118.723622,
              34.070242
            ],
            [
              -118.723622,
              34.070246999999995
            ],
            [
              -118.72362700000001,
              34.070251999999996
            ],
            [
              -118.72362700000001,
              34.070257
            ],
            [
              -118.72363200000001,
              34.070262
            ],
            [
              -118.72363200000001,
              34.070271999999996
            ],
            [
              -118.72363700000001,
              34.070277
            ],
            [
              -118.72363700000001,
              34.070282
            ],
            [
              -118.723642,
              34.070287
            ],
            [
              -118.723642,
              34.070291999999995
            ],
            [
              -118.723652,
              34.070291999999995
            ],
            [
              -118.723657,
              34.070287
            ],
            [
              -118.723662,
              34.070287
            ],
            [
              -118.72367200000001,
              34.070297
            ],
            [
              -118.72367200000001,
              34.070307
            ],
            [
              -118.72367700000001,
              34.070311999999994
            ],
            [
              -118.72367700000001,
              34.070322
            ],
            [
              -118.72368200000001,
              34.070327
            ],
            [
              -118.72368200000001,
              34.070336999999995
            ],
            [
              -118.723687,
              34.070342
            ],
            [
              -118.723687,
              34.070352
            ],
            [
              -118.723692,
              34.070356999999994
            ],
            [
              -118.723692,
              34.070367
            ],
            [
              -118.723697,
              34.070372
            ],
            [
              -118.723697,
              34.070387
            ],
            [
              -118.723702,
              34.070392
            ],
            [
              -118.723702,
              34.070401999999994
            ],
            [
              -118.723707,
              34.070406999999996
            ],
            [
              -118.723707,
              34.070417
            ],
            [
              -118.723712,
              34.070422
            ],
            [
              -118.723712,
              34.070432
            ],
            [
              -118.72371700000001,
              34.070437
            ],
            [
              -118.72371700000001,
              34.070446999999994
            ],
            [
              -118.72372200000001,
              34.070451999999996
            ],
            [
              -118.72372200000001,
              34.070457
            ],
            [
              -118.72372700000001,
              34.070457
            ]
          ]
        ]
      },
      "properties": {
        "building_id": 302,
        "scenario_id": 1,
        "damage_class": "no-damage",
        "confidence": 0.7416,
        "probabilities": {
          "no-damage": 0.7416,
          "minor-damage": 0.2406,
          "major-damage": 0.0125,
          "destroyed": 0.0054
        },
        "gt_damage_class": "no-damage",
        "source": "AI Prediction (Siamese ResNet18)",
        "is_prediction": true
      }
    },
    {
      "type": "Feature",
      "geometry": {
        "type": "Polygon",
        "coordinates": [
          [
            [
              -118.72233200000001,
              34.070522
            ],
            [
              -118.72233200000001,
              34.070467
            ],
            [
              -118.722232,
              34.070467
            ],
            [
              -118.722232,
              34.070477
            ],
            [
              -118.722237,
              34.070482
            ],
            [
              -118.722237,
              34.070496999999996
            ],
            [
              -118.72224200000001,
              34.070496999999996
            ],
            [
              -118.72224700000001,
              34.070502
            ],
            [
              -118.722262,
              34.070502
            ],
            [
              -118.722267,
              34.070507
            ],
            [
              -118.722282,
              34.070507
            ],
            [
              -118.72228700000001,
              34.070512
            ],
            [
              -118.722302,
              34.070512
            ],
            [
              -118.722307,
              34.070516999999995
            ],
            [
              -118.722322,
              34.070516999999995
            ],
            [
              -118.722327,
              34.070522
            ],
            [
              -118.72233200000001,
              34.070522
            ]
          ]
        ]
      },
      "properties": {
        "building_id": 303,
        "scenario_id": 1,
        "damage_class": "no-damage",
        "confidence": 0.8502,
        "probabilities": {
          "no-damage": 0.8502,
          "minor-damage": 0.1139,
          "major-damage": 0.0216,
          "destroyed": 0.0143
        },
        "gt_damage_class": "no-damage",
        "source": "AI Prediction (Siamese ResNet18)",
        "is_prediction": true
      }
    },
    {
      "type": "Feature",
      "geometry": {
        "type": "Polygon",
        "coordinates": [
          [
            [
              -118.724457,
              34.070532
            ],
            [
              -118.724462,
              34.070527
            ],
            [
              -118.724467,
              34.070527
            ],
            [
              -118.724472,
              34.070522
            ],
            [
              -118.72447700000001,
              34.070522
            ],
            [
              -118.72448200000001,
              34.070516999999995
            ],
            [
              -118.724492,
              34.070516999999995
            ],
            [
              -118.724497,
              34.070512
            ],
            [
              -118.724502,
              34.070512
            ],
            [
              -118.724507,
              34.070507
            ],
            [
              -118.724512,
              34.070507
            ],
            [
              -118.724512,
              34.070502
            ],
            [
              -118.724507,
              34.070496999999996
            ],
            [
              -118.724507,
              34.070482
            ],
            [
              -118.724502,
              34.070477
            ],
            [
              -118.724502,
              34.070462
            ],
            [
              -118.724497,
              34.070457
            ],
            [
              -118.724497,
              34.070446999999994
            ],
            [
              -118.724492,
              34.070442
            ],
            [
              -118.724492,
              34.070426999999995
            ],
            [
              -118.72448700000001,
              34.070422
            ],
            [
              -118.72448700000001,
              34.070406999999996
            ],
            [
              -118.72448200000001,
              34.070401999999994
            ],
            [
              -118.72448200000001,
              34.070397
            ],
            [
              -118.72447700000001,
              34.070397
            ],
            [
              -118.724472,
              34.070401999999994
            ],
            [
              -118.724462,
              34.070401999999994
            ],
            [
              -118.724457,
              34.070406999999996
            ],
            [
              -118.72444200000001,
              34.070406999999996
            ],
            [
              -118.72443700000001,
              34.070412
            ],
            [
              -118.724427,
              34.070412
            ],
            [
              -118.724422,
              34.070417
            ],
            [
              -118.724417,
              34.070417
            ],
            [
              -118.724417,
              34.070422
            ],
            [
              -118.724422,
              34.070426999999995
            ],
            [
              -118.724422,
              34.070437
            ],
            [
              -118.724427,
              34.070442
            ],
            [
              -118.724427,
              34.070457
            ],
            [
              -118.72443200000001,
              34.070462
            ],
            [
              -118.72443200000001,
              34.070471999999995
            ],
            [
              -118.72443700000001,
              34.070477
            ],
            [
              -118.72443700000001,
              34.070487
            ],
            [
              -118.72444200000001,
              34.070491999999994
            ],
            [
              -118.72444200000001,
              34.070507
            ],
            [
              -118.724447,
              34.070512
            ],
            [
              -118.724447,
              34.070522
            ],
            [
              -118.724452,
              34.070527
            ],
            [
              -118.724452,
              34.070532
            ],
            [
              -118.724457,
              34.070532
            ]
          ]
        ]
      },
      "properties": {
        "building_id": 304,
        "scenario_id": 1,
        "damage_class": "no-damage",
        "confidence": 0.8927,
        "probabilities": {
          "no-damage": 0.8927,
          "minor-damage": 0.061,
          "major-damage": 0.0276,
          "destroyed": 0.0186
        },
        "gt_damage_class": "no-damage",
        "source": "AI Prediction (Siamese ResNet18)",
        "is_prediction": true
      }
    },
    {
      "type": "Feature",
      "geometry": {
        "type": "Polygon",
        "coordinates": [
          [
            [
              -118.722982,
              34.070657
            ],
            [
              -118.722987,
              34.070651999999995
            ],
            [
              -118.72309700000001,
              34.070651999999995
            ],
            [
              -118.72309700000001,
              34.070602
            ],
            [
              -118.723102,
              34.070597
            ],
            [
              -118.723102,
              34.070541999999996
            ],
            [
              -118.72304700000001,
              34.070541999999996
            ],
            [
              -118.723042,
              34.070536999999995
            ],
            [
              -118.722937,
              34.070536999999995
            ],
            [
              -118.722932,
              34.070532
            ],
            [
              -118.722882,
              34.070532
            ],
            [
              -118.722882,
              34.070592
            ],
            [
              -118.722877,
              34.070597
            ],
            [
              -118.722877,
              34.070657
            ],
            [
              -118.722982,
              34.070657
            ]
          ]
        ]
      },
      "properties": {
        "building_id": 305,
        "scenario_id": 1,
        "damage_class": "minor-damage",
        "confidence": 0.4444,
        "probabilities": {
          "no-damage": 0.2623,
          "minor-damage": 0.4444,
          "major-damage": 0.2061,
          "destroyed": 0.0872
        },
        "gt_damage_class": "no-damage",
        "source": "AI Prediction (Siamese ResNet18)",
        "is_prediction": true
      }
    },
    {
      "type": "Feature",
      "geometry": {
        "type": "Polygon",
        "coordinates": [
          [
            [
              -118.723692,
              34.070702
            ],
            [
              -118.723697,
              34.070696999999996
            ],
            [
              -118.723712,
              34.070696999999996
            ],
            [
              -118.72371700000001,
              34.070692
            ],
            [
              -118.72372700000001,
              34.070692
            ],
            [
              -118.723732,
              34.070687
            ],
            [
              -118.723742,
              34.070687
            ],
            [
              -118.723747,
              34.070682
            ],
            [
              -118.72376200000001,
              34.070682
            ],
            [
              -118.72376700000001,
              34.070676999999996
            ],
            [
              -118.723777,
              34.070676999999996
            ],
            [
              -118.723782,
              34.070671999999995
            ],
            [
              -118.723792,
              34.070671999999995
            ],
            [
              -118.723797,
              34.070667
            ],
            [
              -118.72381200000001,
              34.070667
            ],
            [
              -118.723817,
              34.070662
            ],
            [
              -118.723827,
              34.070662
            ],
            [
              -118.723832,
              34.070657
            ],
            [
              -118.723842,
              34.070657
            ],
            [
              -118.723847,
              34.070651999999995
            ],
            [
              -118.723862,
              34.070651999999995
            ],
            [
              -118.723867,
              34.070647
            ],
            [
              -118.723872,
              34.070647
            ],
            [
              -118.723872,
              34.070642
            ],
            [
              -118.723867,
              34.070637
            ],
            [
              -118.723867,
              34.070622
            ],
            [
              -118.723862,
              34.070617
            ],
            [
              -118.723862,
              34.070602
            ],
            [
              -118.72385700000001,
              34.070597
            ],
            [
              -118.72385700000001,
              34.070586999999996
            ],
            [
              -118.72385200000001,
              34.070581999999995
            ],
            [
              -118.72385200000001,
              34.070567
            ],
            [
              -118.723847,
              34.070561999999995
            ],
            [
              -118.723847,
              34.070557
            ],
            [
              -118.723837,
              34.070557
            ],
            [
              -118.723832,
              34.070561999999995
            ],
            [
              -118.723817,
              34.070561999999995
            ],
            [
              -118.72381200000001,
              34.070567
            ],
            [
              -118.723797,
              34.070567
            ],
            [
              -118.723792,
              34.070572
            ],
            [
              -118.723777,
              34.070572
            ],
            [
              -118.72377200000001,
              34.070577
            ],
            [
              -118.723757,
              34.070577
            ],
            [
              -118.723752,
              34.070581999999995
            ],
            [
              -118.723737,
              34.070581999999995
            ],
            [
              -118.723732,
              34.070586999999996
            ],
            [
              -118.72371700000001,
              34.070586999999996
            ],
            [
              -118.723712,
              34.070592
            ],
            [
              -118.723697,
              34.070592
            ],
            [
              -118.723692,
              34.070597
            ],
            [
              -118.72367700000001,
              34.070597
            ],
            [
              -118.72367200000001,
              34.070602
            ],
            [
              -118.723657,
              34.070602
            ],
            [
              -118.723652,
              34.070606999999995
            ],
            [
              -118.723647,
              34.070606999999995
            ],
            [
              -118.723647,
              34.070612
            ],
            [
              -118.723652,
              34.070617
            ],
            [
              -118.723652,
              34.070626999999995
            ],
            [
              -118.723657,
              34.070631999999996
            ],
            [
              -118.723657,
              34.070642
            ],
            [
              -118.723662,
              34.070647
            ],
            [
              -118.723662,
              34.070651999999995
            ],
            [
              -118.723667,
              34.070657
            ],
            [
              -118.723667,
              34.070662
            ],
            [
              -118.72367200000001,
              34.070667
            ],
            [
              -118.72367200000001,
              34.070671999999995
            ],
            [
              -118.72367700000001,
              34.070676999999996
            ],
            [
              -118.72367700000001,
              34.070682
            ],
            [
              -118.72368200000001,
              34.070687
            ],
            [
              -118.72368200000001,
              34.070692
            ],
            [
              -118.723687,
              34.070696999999996
            ],
            [
              -118.723687,
              34.070702
            ],
            [
              -118.723692,
              34.070702
            ]
          ]
        ]
      },
      "properties": {
        "building_id": 306,
        "scenario_id": 1,
        "damage_class": "minor-damage",
        "confidence": 0.6444,
        "probabilities": {
          "no-damage": 0.2325,
          "minor-damage": 0.6444,
          "major-damage": 0.1088,
          "destroyed": 0.0142
        },
        "gt_damage_class": "no-damage",
        "source": "AI Prediction (Siamese ResNet18)",
        "is_prediction": true
      }
    },
    {
      "type": "Feature",
      "geometry": {
        "type": "Polygon",
        "coordinates": [
          [
            [
              -118.722307,
              34.070786999999996
            ],
            [
              -118.722312,
              34.070781999999994
            ],
            [
              -118.722317,
              34.070781999999994
            ],
            [
              -118.722322,
              34.070777
            ],
            [
              -118.72233200000001,
              34.070777
            ],
            [
              -118.72233700000001,
              34.070772
            ],
            [
              -118.722347,
              34.070772
            ],
            [
              -118.722352,
              34.070767
            ],
            [
              -118.722357,
              34.070767
            ],
            [
              -118.722362,
              34.070761999999995
            ],
            [
              -118.72237200000001,
              34.070761999999995
            ],
            [
              -118.72237700000001,
              34.070757
            ],
            [
              -118.72238200000001,
              34.070757
            ],
            [
              -118.722387,
              34.070752
            ],
            [
              -118.722397,
              34.070752
            ],
            [
              -118.722402,
              34.070747
            ],
            [
              -118.722412,
              34.070747
            ],
            [
              -118.72241700000001,
              34.070741999999996
            ],
            [
              -118.72242200000001,
              34.070741999999996
            ],
            [
              -118.72242700000001,
              34.070737
            ],
            [
              -118.722432,
              34.070737
            ],
            [
              -118.722432,
              34.070732
            ],
            [
              -118.72242700000001,
              34.070727
            ],
            [
              -118.72242700000001,
              34.070721999999996
            ],
            [
              -118.72242200000001,
              34.070716999999995
            ],
            [
              -118.72242200000001,
              34.070707
            ],
            [
              -118.72241700000001,
              34.070702
            ],
            [
              -118.72241700000001,
              34.070696999999996
            ],
            [
              -118.722412,
              34.070692
            ],
            [
              -118.722412,
              34.070682
            ],
            [
              -118.722407,
              34.070676999999996
            ],
            [
              -118.722407,
              34.070671999999995
            ],
            [
              -118.722402,
              34.070667
            ],
            [
              -118.722402,
              34.070657
            ],
            [
              -118.722397,
              34.070651999999995
            ],
            [
              -118.722397,
              34.070647
            ],
            [
              -118.722392,
              34.070642
            ],
            [
              -118.722392,
              34.070631999999996
            ],
            [
              -118.722387,
              34.070626999999995
            ],
            [
              -118.722387,
              34.070622
            ],
            [
              -118.72238200000001,
              34.070617
            ],
            [
              -118.72238200000001,
              34.070612
            ],
            [
              -118.72237700000001,
              34.070612
            ],
            [
              -118.72237200000001,
              34.070617
            ],
            [
              -118.722357,
              34.070617
            ],
            [
              -118.722352,
              34.070622
            ],
            [
              -118.722342,
              34.070622
            ],
            [
              -118.72233700000001,
              34.070626999999995
            ],
            [
              -118.722322,
              34.070626999999995
            ],
            [
              -118.722317,
              34.070631999999996
            ],
            [
              -118.722302,
              34.070631999999996
            ],
            [
              -118.722297,
              34.070637
            ],
            [
              -118.72228700000001,
              34.070637
            ],
            [
              -118.722282,
              34.070642
            ],
            [
              -118.722267,
              34.070642
            ],
            [
              -118.722262,
              34.070647
            ],
            [
              -118.722257,
              34.070647
            ],
            [
              -118.722257,
              34.070651999999995
            ],
            [
              -118.722262,
              34.070657
            ],
            [
              -118.722262,
              34.070667
            ],
            [
              -118.722267,
              34.070671999999995
            ],
            [
              -118.722267,
              34.070682
            ],
            [
              -118.722272,
              34.070687
            ],
            [
              -118.722272,
              34.070696999999996
            ],
            [
              -118.722277,
              34.070702
            ],
            [
              -118.722277,
              34.070712
            ],
            [
              -118.722282,
              34.070716999999995
            ],
            [
              -118.722282,
              34.070732
            ],
            [
              -118.72228700000001,
              34.070737
            ],
            [
              -118.72228700000001,
              34.070747
            ],
            [
              -118.72229200000001,
              34.070752
            ],
            [
              -118.72229200000001,
              34.070761999999995
            ],
            [
              -118.722297,
              34.070767
            ],
            [
              -118.722297,
              34.070777
            ],
            [
              -118.722302,
              34.070781999999994
            ],
            [
              -118.722302,
              34.070786999999996
            ],
            [
              -118.722307,
              34.070786999999996
            ]
          ]
        ]
      },
      "properties": {
        "building_id": 307,
        "scenario_id": 1,
        "damage_class": "no-damage",
        "confidence": 0.9149,
        "probabilities": {
          "no-damage": 0.9149,
          "minor-damage": 0.0443,
          "major-damage": 0.025,
          "destroyed": 0.0159
        },
        "gt_damage_class": "no-damage",
        "source": "AI Prediction (Siamese ResNet18)",
        "is_prediction": true
      }
    },
    {
      "type": "Feature",
      "geometry": {
        "type": "Polygon",
        "coordinates": [
          [
            [
              -118.721337,
              34.070826999999994
            ],
            [
              -118.721342,
              34.070822
            ],
            [
              -118.721372,
              34.070822
            ],
            [
              -118.721372,
              34.070757
            ],
            [
              -118.721377,
              34.070752
            ],
            [
              -118.721422,
              34.070752
            ],
            [
              -118.721422,
              34.070687
            ],
            [
              -118.721427,
              34.070682
            ],
            [
              -118.721427,
              34.070612
            ],
            [
              -118.721342,
              34.070612
            ],
            [
              -118.721317,
              34.070637
            ],
            [
              -118.721312,
              34.070637
            ],
            [
              -118.721287,
              34.070662
            ],
            [
              -118.721287,
              34.070707
            ],
            [
              -118.72130200000001,
              34.070721999999996
            ],
            [
              -118.72130200000001,
              34.070727
            ],
            [
              -118.721312,
              34.070737
            ],
            [
              -118.721312,
              34.070781999999994
            ],
            [
              -118.72130700000001,
              34.070786999999996
            ],
            [
              -118.72130700000001,
              34.070826999999994
            ],
            [
              -118.721337,
              34.070826999999994
            ]
          ]
        ]
      },
      "properties": {
        "building_id": 308,
        "scenario_id": 1,
        "damage_class": "minor-damage",
        "confidence": 0.7129,
        "probabilities": {
          "no-damage": 0.232,
          "minor-damage": 0.7129,
          "major-damage": 0.0444,
          "destroyed": 0.0107
        },
        "gt_damage_class": "no-damage",
        "source": "AI Prediction (Siamese ResNet18)",
        "is_prediction": true
      }
    },
    {
      "type": "Feature",
      "geometry": {
        "type": "Polygon",
        "coordinates": [
          [
            [
              -118.723932,
              34.070826999999994
            ],
            [
              -118.723937,
              34.070822
            ],
            [
              -118.723952,
              34.070822
            ],
            [
              -118.723957,
              34.070817
            ],
            [
              -118.723972,
              34.070817
            ],
            [
              -118.723977,
              34.070812
            ],
            [
              -118.72399200000001,
              34.070812
            ],
            [
              -118.723997,
              34.070806999999995
            ],
            [
              -118.724007,
              34.070806999999995
            ],
            [
              -118.724012,
              34.070802
            ],
            [
              -118.724027,
              34.070802
            ],
            [
              -118.72403200000001,
              34.070797
            ],
            [
              -118.724047,
              34.070797
            ],
            [
              -118.724052,
              34.070792
            ],
            [
              -118.724067,
              34.070792
            ],
            [
              -118.724072,
              34.070786999999996
            ],
            [
              -118.724087,
              34.070786999999996
            ],
            [
              -118.724092,
              34.070781999999994
            ],
            [
              -118.724097,
              34.070781999999994
            ],
            [
              -118.724102,
              34.070777
            ],
            [
              -118.724102,
              34.070757
            ],
            [
              -118.724097,
              34.070752
            ],
            [
              -118.724097,
              34.070732
            ],
            [
              -118.724092,
              34.070727
            ],
            [
              -118.724092,
              34.070721999999996
            ],
            [
              -118.724087,
              34.070716999999995
            ],
            [
              -118.724087,
              34.070712
            ],
            [
              -118.72408200000001,
              34.070707
            ],
            [
              -118.72408200000001,
              34.070702
            ],
            [
              -118.72407700000001,
              34.070696999999996
            ],
            [
              -118.72407700000001,
              34.070692
            ],
            [
              -118.724062,
              34.070692
            ],
            [
              -118.724057,
              34.070696999999996
            ],
            [
              -118.724052,
              34.070696999999996
            ],
            [
              -118.724042,
              34.070687
            ],
            [
              -118.724042,
              34.070676999999996
            ],
            [
              -118.72403700000001,
              34.070671999999995
            ],
            [
              -118.72403700000001,
              34.070662
            ],
            [
              -118.72403200000001,
              34.070657
            ],
            [
              -118.72403200000001,
              34.070647
            ],
            [
              -118.724027,
              34.070642
            ],
            [
              -118.724027,
              34.070626999999995
            ],
            [
              -118.724022,
              34.070622
            ],
            [
              -118.724022,
              34.070612
            ],
            [
              -118.724017,
              34.070606999999995
            ],
            [
              -118.724017,
              34.070597
            ],
            [
              -118.724012,
              34.070592
            ],
            [
              -118.724012,
              34.070581999999995
            ],
            [
              -118.724007,
              34.070577
            ],
            [
              -118.724007,
              34.070567
            ],
            [
              -118.724002,
              34.070561999999995
            ],
            [
              -118.724002,
              34.070557
            ],
            [
              -118.72399200000001,
              34.070557
            ],
            [
              -118.72398700000001,
              34.070561999999995
            ],
            [
              -118.723962,
              34.070561999999995
            ],
            [
              -118.723957,
              34.070567
            ],
            [
              -118.72394700000001,
              34.070567
            ],
            [
              -118.72394700000001,
              34.070572
            ],
            [
              -118.723937,
              34.070581999999995
            ],
            [
              -118.723927,
              34.070581999999995
            ],
            [
              -118.723922,
              34.070586999999996
            ],
            [
              -118.723917,
              34.070586999999996
            ],
            [
              -118.723912,
              34.070592
            ],
            [
              -118.72390200000001,
              34.070592
            ],
            [
              -118.72389700000001,
              34.070597
            ],
            [
              -118.723892,
              34.070597
            ],
            [
              -118.723892,
              34.070602
            ],
            [
              -118.72389700000001,
              34.070606999999995
            ],
            [
              -118.72389700000001,
              34.070622
            ],
            [
              -118.72390200000001,
              34.070626999999995
            ],
            [
              -118.72390200000001,
              34.070637
            ],
            [
              -118.723907,
              34.070642
            ],
            [
              -118.723907,
              34.070651999999995
            ],
            [
              -118.723912,
              34.070657
            ],
            [
              -118.723912,
              34.070671999999995
            ],
            [
              -118.723917,
              34.070676999999996
            ],
            [
              -118.723917,
              34.070687
            ],
            [
              -118.723922,
              34.070692
            ],
            [
              -118.723922,
              34.070702
            ],
            [
              -118.723927,
              34.070707
            ],
            [
              -118.723927,
              34.070721999999996
            ],
            [
              -118.723932,
              34.070727
            ],
            [
              -118.723922,
              34.070737
            ],
            [
              -118.723912,
              34.070737
            ],
            [
              -118.723907,
              34.070741999999996
            ],
            [
              -118.72390200000001,
              34.070741999999996
            ],
            [
              -118.72390200000001,
              34.070747
            ],
            [
              -118.723907,
              34.070752
            ],
            [
              -118.723907,
              34.070767
            ],
            [
              -118.723912,
              34.070772
            ],
            [
              -118.723912,
              34.070781999999994
            ],
            [
              -118.723917,
              34.070786999999996
            ],
            [
              -118.723917,
              34.070797
            ],
            [
              -118.723922,
              34.070802
            ],
            [
              -118.723922,
              34.070817
            ],
            [
              -118.723927,
              34.070822
            ],
            [
              -118.723927,
              34.070826999999994
            ],
            [
              -118.723932,
              34.070826999999994
            ]
          ]
        ]
      },
      "properties": {
        "building_id": 309,
        "scenario_id": 1,
        "damage_class": "minor-damage",
        "confidence": 0.9291,
        "probabilities": {
          "no-damage": 0.0518,
          "minor-damage": 0.9291,
          "major-damage": 0.0182,
          "destroyed": 0.0009
        },
        "gt_damage_class": "no-damage",
        "source": "AI Prediction (Siamese ResNet18)",
        "is_prediction": true
      }
    },
    {
      "type": "Feature",
      "geometry": {
        "type": "Polygon",
        "coordinates": [
          [
            [
              -118.721182,
              34.070876999999996
            ],
            [
              -118.721182,
              34.070797
            ],
            [
              -118.721187,
              34.070792
            ],
            [
              -118.721202,
              34.070792
            ],
            [
              -118.721202,
              34.070752
            ],
            [
              -118.721107,
              34.070752
            ],
            [
              -118.721107,
              34.070876999999996
            ],
            [
              -118.721182,
              34.070876999999996
            ]
          ]
        ]
      },
      "properties": {
        "building_id": 310,
        "scenario_id": 1,
        "damage_class": "no-damage",
        "confidence": 0.9227,
        "probabilities": {
          "no-damage": 0.9227,
          "minor-damage": 0.0576,
          "major-damage": 0.0103,
          "destroyed": 0.0094
        },
        "gt_damage_class": "no-damage",
        "source": "AI Prediction (Siamese ResNet18)",
        "is_prediction": true
      }
    },
    {
      "type": "Feature",
      "geometry": {
        "type": "Polygon",
        "coordinates": [
          [
            [
              -118.721282,
              34.070882
            ],
            [
              -118.721282,
              34.070837
            ],
            [
              -118.721277,
              34.070831999999996
            ],
            [
              -118.721277,
              34.070792
            ],
            [
              -118.721252,
              34.070792
            ],
            [
              -118.721247,
              34.070797
            ],
            [
              -118.721222,
              34.070797
            ],
            [
              -118.721222,
              34.070837
            ],
            [
              -118.721227,
              34.070842
            ],
            [
              -118.721227,
              34.070882
            ],
            [
              -118.721282,
              34.070882
            ]
          ]
        ]
      },
      "properties": {
        "building_id": 311,
        "scenario_id": 1,
        "damage_class": "minor-damage",
        "confidence": 0.4197,
        "probabilities": {
          "no-damage": 0.2023,
          "minor-damage": 0.4197,
          "major-damage": 0.2866,
          "destroyed": 0.0914
        },
        "gt_damage_class": "no-damage",
        "source": "AI Prediction (Siamese ResNet18)",
        "is_prediction": true
      }
    },
    {
      "type": "Feature",
      "geometry": {
        "type": "Polygon",
        "coordinates": [
          [
            [
              -118.721782,
              34.070916999999994
            ],
            [
              -118.72180200000001,
              34.070896999999995
            ],
            [
              -118.721807,
              34.070896999999995
            ],
            [
              -118.72184700000001,
              34.070857
            ],
            [
              -118.721852,
              34.070857
            ],
            [
              -118.721872,
              34.070837
            ],
            [
              -118.721867,
              34.070831999999996
            ],
            [
              -118.721867,
              34.070826999999994
            ],
            [
              -118.721852,
              34.070812
            ],
            [
              -118.721852,
              34.070806999999995
            ],
            [
              -118.72183700000001,
              34.070792
            ],
            [
              -118.72183700000001,
              34.070786999999996
            ],
            [
              -118.721822,
              34.070772
            ],
            [
              -118.721822,
              34.070767
            ],
            [
              -118.721807,
              34.070752
            ],
            [
              -118.721807,
              34.070747
            ],
            [
              -118.72179700000001,
              34.070737
            ],
            [
              -118.721777,
              34.070737
            ],
            [
              -118.721772,
              34.070732
            ],
            [
              -118.721767,
              34.070732
            ],
            [
              -118.72175700000001,
              34.070721999999996
            ],
            [
              -118.72175700000001,
              34.070716999999995
            ],
            [
              -118.721762,
              34.070712
            ],
            [
              -118.721762,
              34.070696999999996
            ],
            [
              -118.721787,
              34.070671999999995
            ],
            [
              -118.72179200000001,
              34.070671999999995
            ],
            [
              -118.72184200000001,
              34.070622
            ],
            [
              -118.72184700000001,
              34.070622
            ],
            [
              -118.721892,
              34.070577
            ],
            [
              -118.721897,
              34.070577
            ],
            [
              -118.721922,
              34.070552
            ],
            [
              -118.721917,
              34.070547
            ],
            [
              -118.721917,
              34.070541999999996
            ],
            [
              -118.721902,
              34.070527
            ],
            [
              -118.721902,
              34.070522
            ],
            [
              -118.72188700000001,
              34.070507
            ],
            [
              -118.72188700000001,
              34.070502
            ],
            [
              -118.721872,
              34.070487
            ],
            [
              -118.721872,
              34.070482
            ],
            [
              -118.721857,
              34.070467
            ],
            [
              -118.721857,
              34.070462
            ],
            [
              -118.721852,
              34.070457
            ],
            [
              -118.72184200000001,
              34.070467
            ],
            [
              -118.72183700000001,
              34.070467
            ],
            [
              -118.721822,
              34.070482
            ],
            [
              -118.721817,
              34.070477
            ],
            [
              -118.721812,
              34.070477
            ],
            [
              -118.721807,
              34.070471999999995
            ],
            [
              -118.72180200000001,
              34.070471999999995
            ],
            [
              -118.72179700000001,
              34.070467
            ],
            [
              -118.721777,
              34.070487
            ],
            [
              -118.721777,
              34.070491999999994
            ],
            [
              -118.721737,
              34.070532
            ],
            [
              -118.721737,
              34.070536999999995
            ],
            [
              -118.721692,
              34.070581999999995
            ],
            [
              -118.721692,
              34.070586999999996
            ],
            [
              -118.721652,
              34.070626999999995
            ],
            [
              -118.721652,
              34.070631999999996
            ],
            [
              -118.721632,
              34.070651999999995
            ],
            [
              -118.721637,
              34.070657
            ],
            [
              -118.721637,
              34.070662
            ],
            [
              -118.721642,
              34.070667
            ],
            [
              -118.721642,
              34.070671999999995
            ],
            [
              -118.721652,
              34.070682
            ],
            [
              -118.721652,
              34.070687
            ],
            [
              -118.72165700000001,
              34.070692
            ],
            [
              -118.72165700000001,
              34.070696999999996
            ],
            [
              -118.72166200000001,
              34.070702
            ],
            [
              -118.72166200000001,
              34.070707
            ],
            [
              -118.72166700000001,
              34.070712
            ],
            [
              -118.721607,
              34.070772
            ],
            [
              -118.721607,
              34.070777
            ],
            [
              -118.721547,
              34.070837
            ],
            [
              -118.721582,
              34.070871999999994
            ],
            [
              -118.721587,
              34.070871999999994
            ],
            [
              -118.72162200000001,
              34.070907
            ],
            [
              -118.721697,
              34.070831999999996
            ],
            [
              -118.721782,
              34.070916999999994
            ]
          ]
        ]
      },
      "properties": {
        "building_id": 312,
        "scenario_id": 1,
        "damage_class": "no-damage",
        "confidence": 0.5665,
        "probabilities": {
          "no-damage": 0.5665,
          "minor-damage": 0.4112,
          "major-damage": 0.0156,
          "destroyed": 0.0067
        },
        "gt_damage_class": "no-damage",
        "source": "AI Prediction (Siamese ResNet18)",
        "is_prediction": true
      }
    },
    {
      "type": "Feature",
      "geometry": {
        "type": "Polygon",
        "coordinates": [
          [
            [
              -118.72318200000001,
              34.070927
            ],
            [
              -118.72318200000001,
              34.070817
            ],
            [
              -118.723032,
              34.070817
            ],
            [
              -118.723032,
              34.070916999999994
            ],
            [
              -118.723042,
              34.070916999999994
            ],
            [
              -118.72304700000001,
              34.070912
            ],
            [
              -118.723062,
              34.070912
            ],
            [
              -118.723062,
              34.070907
            ],
            [
              -118.723067,
              34.070902
            ],
            [
              -118.723087,
              34.070902
            ],
            [
              -118.72309200000001,
              34.070896999999995
            ],
            [
              -118.723112,
              34.070896999999995
            ],
            [
              -118.723117,
              34.070902
            ],
            [
              -118.723117,
              34.070907
            ],
            [
              -118.723122,
              34.070912
            ],
            [
              -118.723122,
              34.070927
            ],
            [
              -118.72318200000001,
              34.070927
            ]
          ]
        ]
      },
      "properties": {
        "building_id": 313,
        "scenario_id": 1,
        "damage_class": "no-damage",
        "confidence": 0.9296,
        "probabilities": {
          "no-damage": 0.9296,
          "minor-damage": 0.0296,
          "major-damage": 0.0208,
          "destroyed": 0.02
        },
        "gt_damage_class": "no-damage",
        "source": "AI Prediction (Siamese ResNet18)",
        "is_prediction": true
      }
    },
    {
      "type": "Feature",
      "geometry": {
        "type": "Polygon",
        "coordinates": [
          [
            [
              -118.720597,
              34.071027
            ],
            [
              -118.720597,
              34.071017
            ],
            [
              -118.720602,
              34.071011999999996
            ],
            [
              -118.720602,
              34.071006999999994
            ],
            [
              -118.720607,
              34.071002
            ],
            [
              -118.720702,
              34.071002
            ],
            [
              -118.720702,
              34.070941999999995
            ],
            [
              -118.720622,
              34.070941999999995
            ],
            [
              -118.720617,
              34.070937
            ],
            [
              -118.720462,
              34.070937
            ],
            [
              -118.72045700000001,
              34.070932
            ],
            [
              -118.720382,
              34.070932
            ],
            [
              -118.720382,
              34.070957
            ],
            [
              -118.720377,
              34.070961999999994
            ],
            [
              -118.720377,
              34.070986999999995
            ],
            [
              -118.720417,
              34.070986999999995
            ],
            [
              -118.720422,
              34.070992
            ],
            [
              -118.72049700000001,
              34.070992
            ],
            [
              -118.72050200000001,
              34.070997
            ],
            [
              -118.72053700000001,
              34.070997
            ],
            [
              -118.72054200000001,
              34.071002
            ],
            [
              -118.72054200000001,
              34.071022
            ],
            [
              -118.720567,
              34.071022
            ],
            [
              -118.720572,
              34.071027
            ],
            [
              -118.720597,
              34.071027
            ]
          ]
        ]
      },
      "properties": {
        "building_id": 314,
        "scenario_id": 1,
        "damage_class": "major-damage",
        "confidence": 0.7795,
        "probabilities": {
          "no-damage": 0.0677,
          "minor-damage": 0.1382,
          "major-damage": 0.7795,
          "destroyed": 0.0146
        },
        "gt_damage_class": "no-damage",
        "source": "AI Prediction (Siamese ResNet18)",
        "is_prediction": true
      }
    },
    {
      "type": "Feature",
      "geometry": {
        "type": "Polygon",
        "coordinates": [
          [
            [
              -118.724542,
              34.071042
            ],
            [
              -118.724547,
              34.071037
            ],
            [
              -118.72457700000001,
              34.071037
            ],
            [
              -118.724582,
              34.071031999999995
            ],
            [
              -118.724597,
              34.071031999999995
            ],
            [
              -118.724597,
              34.071017
            ],
            [
              -118.724592,
              34.071011999999996
            ],
            [
              -118.724592,
              34.070982
            ],
            [
              -118.724587,
              34.070977
            ],
            [
              -118.724587,
              34.070952
            ],
            [
              -118.724582,
              34.070947
            ],
            [
              -118.724582,
              34.070932
            ],
            [
              -118.72457200000001,
              34.070932
            ],
            [
              -118.72456700000001,
              34.070937
            ],
            [
              -118.724542,
              34.070937
            ],
            [
              -118.724537,
              34.070941999999995
            ],
            [
              -118.724517,
              34.070941999999995
            ],
            [
              -118.724512,
              34.070947
            ],
            [
              -118.724502,
              34.070947
            ],
            [
              -118.724502,
              34.070952
            ],
            [
              -118.724507,
              34.070957
            ],
            [
              -118.724507,
              34.070972
            ],
            [
              -118.724512,
              34.070977
            ],
            [
              -118.724512,
              34.070992
            ],
            [
              -118.724517,
              34.070997
            ],
            [
              -118.724517,
              34.071011999999996
            ],
            [
              -118.72452200000001,
              34.071017
            ],
            [
              -118.72452200000001,
              34.071031999999995
            ],
            [
              -118.72452700000001,
              34.071037
            ],
            [
              -118.72452700000001,
              34.071042
            ],
            [
              -118.724542,
              34.071042
            ]
          ]
        ]
      },
      "properties": {
        "building_id": 315,
        "scenario_id": 1,
        "damage_class": "major-damage",
        "confidence": 0.6015,
        "probabilities": {
          "no-damage": 0.3001,
          "minor-damage": 0.074,
          "major-damage": 0.6015,
          "destroyed": 0.0243
        },
        "gt_damage_class": "no-damage",
        "source": "AI Prediction (Siamese ResNet18)",
        "is_prediction": true
      }
    },
    {
      "type": "Feature",
      "geometry": {
        "type": "Polygon",
        "coordinates": [
          [
            [
              -118.722922,
              34.071146999999996
            ],
            [
              -118.722927,
              34.071141999999995
            ],
            [
              -118.722967,
              34.071141999999995
            ],
            [
              -118.722967,
              34.071101999999996
            ],
            [
              -118.72296200000001,
              34.071096999999995
            ],
            [
              -118.72296200000001,
              34.071062
            ],
            [
              -118.722922,
              34.071062
            ],
            [
              -118.72291700000001,
              34.071067
            ],
            [
              -118.722882,
              34.071067
            ],
            [
              -118.722882,
              34.071101999999996
            ],
            [
              -118.722887,
              34.071107
            ],
            [
              -118.722887,
              34.071146999999996
            ],
            [
              -118.722922,
              34.071146999999996
            ]
          ]
        ]
      },
      "properties": {
        "building_id": 316,
        "scenario_id": 1,
        "damage_class": "no-damage",
        "confidence": 0.6273,
        "probabilities": {
          "no-damage": 0.6273,
          "minor-damage": 0.2294,
          "major-damage": 0.1011,
          "destroyed": 0.0422
        },
        "gt_damage_class": "no-damage",
        "source": "AI Prediction (Siamese ResNet18)",
        "is_prediction": true
      }
    },
    {
      "type": "Feature",
      "geometry": {
        "type": "Polygon",
        "coordinates": [
          [
            [
              -118.723077,
              34.071146999999996
            ],
            [
              -118.723077,
              34.071072
            ],
            [
              -118.72305200000001,
              34.071072
            ],
            [
              -118.72305200000001,
              34.071146999999996
            ],
            [
              -118.723077,
              34.071146999999996
            ]
          ]
        ]
      },
      "properties": {
        "building_id": 317,
        "scenario_id": 1,
        "damage_class": "major-damage",
        "confidence": 0.3633,
        "probabilities": {
          "no-damage": 0.1575,
          "minor-damage": 0.2043,
          "major-damage": 0.3633,
          "destroyed": 0.275
        },
        "gt_damage_class": "no-damage",
        "source": "AI Prediction (Siamese ResNet18)",
        "is_prediction": true
      }
    },
    {
      "type": "Feature",
      "geometry": {
        "type": "Polygon",
        "coordinates": [
          [
            [
              -118.720387,
              34.071236999999996
            ],
            [
              -118.720387,
              34.071231999999995
            ],
            [
              -118.720392,
              34.071227
            ],
            [
              -118.720392,
              34.071222
            ],
            [
              -118.720397,
              34.071217
            ],
            [
              -118.720397,
              34.071207
            ],
            [
              -118.720402,
              34.071202
            ],
            [
              -118.720402,
              34.071197
            ],
            [
              -118.72040700000001,
              34.071191999999996
            ],
            [
              -118.72040700000001,
              34.071182
            ],
            [
              -118.72041200000001,
              34.071177
            ],
            [
              -118.72041200000001,
              34.071172
            ],
            [
              -118.720417,
              34.071166999999996
            ],
            [
              -118.720417,
              34.071157
            ],
            [
              -118.720422,
              34.071152
            ],
            [
              -118.720422,
              34.071146999999996
            ],
            [
              -118.720427,
              34.071141999999995
            ],
            [
              -118.720427,
              34.071137
            ],
            [
              -118.720422,
              34.071137
            ],
            [
              -118.720417,
              34.071132
            ],
            [
              -118.72041200000001,
              34.071132
            ],
            [
              -118.720402,
              34.071121999999995
            ],
            [
              -118.72040700000001,
              34.071117
            ],
            [
              -118.72040700000001,
              34.071107
            ],
            [
              -118.72041200000001,
              34.071101999999996
            ],
            [
              -118.72041200000001,
              34.071092
            ],
            [
              -118.720417,
              34.071087
            ],
            [
              -118.720417,
              34.071082
            ],
            [
              -118.720422,
              34.071076999999995
            ],
            [
              -118.720422,
              34.071067
            ],
            [
              -118.720427,
              34.071062
            ],
            [
              -118.720427,
              34.071051999999995
            ],
            [
              -118.720432,
              34.071047
            ],
            [
              -118.720432,
              34.071037
            ],
            [
              -118.720437,
              34.071031999999995
            ],
            [
              -118.720437,
              34.071027
            ],
            [
              -118.720432,
              34.071027
            ],
            [
              -118.720427,
              34.071022
            ],
            [
              -118.720422,
              34.071022
            ],
            [
              -118.720417,
              34.071017
            ],
            [
              -118.72040700000001,
              34.071017
            ],
            [
              -118.720402,
              34.071011999999996
            ],
            [
              -118.720397,
              34.071011999999996
            ],
            [
              -118.720392,
              34.071006999999994
            ],
            [
              -118.720382,
              34.071006999999994
            ],
            [
              -118.720377,
              34.071002
            ],
            [
              -118.720372,
              34.071002
            ],
            [
              -118.72036700000001,
              34.070997
            ],
            [
              -118.72036200000001,
              34.070997
            ],
            [
              -118.72036200000001,
              34.071002
            ],
            [
              -118.720357,
              34.071006999999994
            ],
            [
              -118.720357,
              34.071022
            ],
            [
              -118.720352,
              34.071027
            ],
            [
              -118.720352,
              34.071042
            ],
            [
              -118.720347,
              34.071047
            ],
            [
              -118.720347,
              34.071062
            ],
            [
              -118.720342,
              34.071067
            ],
            [
              -118.720342,
              34.071076999999995
            ],
            [
              -118.720337,
              34.071082
            ],
            [
              -118.720337,
              34.071096999999995
            ],
            [
              -118.720332,
              34.071101999999996
            ],
            [
              -118.720332,
              34.071117
            ],
            [
              -118.720327,
              34.071121999999995
            ],
            [
              -118.720327,
              34.071132
            ],
            [
              -118.72032200000001,
              34.071137
            ],
            [
              -118.72032200000001,
              34.071152
            ],
            [
              -118.72031700000001,
              34.071157
            ],
            [
              -118.72031700000001,
              34.071172
            ],
            [
              -118.720312,
              34.071177
            ],
            [
              -118.720312,
              34.071191999999996
            ],
            [
              -118.720307,
              34.071197
            ],
            [
              -118.720307,
              34.071202
            ],
            [
              -118.720312,
              34.071202
            ],
            [
              -118.72031700000001,
              34.071207
            ],
            [
              -118.72032200000001,
              34.071207
            ],
            [
              -118.720327,
              34.071211999999996
            ],
            [
              -118.720332,
              34.071211999999996
            ],
            [
              -118.720337,
              34.071217
            ],
            [
              -118.720342,
              34.071217
            ],
            [
              -118.720347,
              34.071222
            ],
            [
              -118.720357,
              34.071222
            ],
            [
              -118.72036200000001,
              34.071227
            ],
            [
              -118.72036700000001,
              34.071227
            ],
            [
              -118.720372,
              34.071231999999995
            ],
            [
              -118.720377,
              34.071231999999995
            ],
            [
              -118.720382,
              34.071236999999996
            ],
            [
              -118.720387,
              34.071236999999996
            ]
          ]
        ]
      },
      "properties": {
        "building_id": 318,
        "scenario_id": 1,
        "damage_class": "destroyed",
        "confidence": 0.3214,
        "probabilities": {
          "no-damage": 0.246,
          "minor-damage": 0.2952,
          "major-damage": 0.1373,
          "destroyed": 0.3214
        },
        "gt_damage_class": "no-damage",
        "source": "AI Prediction (Siamese ResNet18)",
        "is_prediction": true
      }
    },
    {
      "type": "Feature",
      "geometry": {
        "type": "Polygon",
        "coordinates": [
          [
            [
              -118.723972,
              34.071247
            ],
            [
              -118.723977,
              34.071242
            ],
            [
              -118.72398700000001,
              34.071242
            ],
            [
              -118.72399200000001,
              34.071236999999996
            ],
            [
              -118.724002,
              34.071236999999996
            ],
            [
              -118.724007,
              34.071231999999995
            ],
            [
              -118.724017,
              34.071231999999995
            ],
            [
              -118.724022,
              34.071227
            ],
            [
              -118.72403200000001,
              34.071227
            ],
            [
              -118.72403700000001,
              34.071222
            ],
            [
              -118.724047,
              34.071222
            ],
            [
              -118.724052,
              34.071217
            ],
            [
              -118.724062,
              34.071217
            ],
            [
              -118.724067,
              34.071211999999996
            ],
            [
              -118.72407700000001,
              34.071211999999996
            ],
            [
              -118.72408200000001,
              34.071207
            ],
            [
              -118.724092,
              34.071207
            ],
            [
              -118.724097,
              34.071202
            ],
            [
              -118.724107,
              34.071202
            ],
            [
              -118.724112,
              34.071197
            ],
            [
              -118.72412200000001,
              34.071197
            ],
            [
              -118.72412700000001,
              34.071191999999996
            ],
            [
              -118.724137,
              34.071191999999996
            ],
            [
              -118.724142,
              34.071186999999995
            ],
            [
              -118.724152,
              34.071186999999995
            ],
            [
              -118.724157,
              34.071182
            ],
            [
              -118.72416700000001,
              34.071182
            ],
            [
              -118.72417200000001,
              34.071177
            ],
            [
              -118.724177,
              34.071177
            ],
            [
              -118.724177,
              34.071152
            ],
            [
              -118.72417200000001,
              34.071146999999996
            ],
            [
              -118.72417200000001,
              34.071096999999995
            ],
            [
              -118.72416700000001,
              34.071092
            ],
            [
              -118.72416700000001,
              34.071062
            ],
            [
              -118.724162,
              34.071056999999996
            ],
            [
              -118.724162,
              34.071047
            ],
            [
              -118.724157,
              34.071042
            ],
            [
              -118.724157,
              34.071031999999995
            ],
            [
              -118.724152,
              34.071027
            ],
            [
              -118.724152,
              34.071011999999996
            ],
            [
              -118.724147,
              34.071006999999994
            ],
            [
              -118.724147,
              34.070997
            ],
            [
              -118.724142,
              34.070992
            ],
            [
              -118.724142,
              34.070982
            ],
            [
              -118.724137,
              34.070977
            ],
            [
              -118.724137,
              34.070966999999996
            ],
            [
              -118.724132,
              34.070961999999994
            ],
            [
              -118.724132,
              34.070952
            ],
            [
              -118.72412700000001,
              34.070947
            ],
            [
              -118.72412700000001,
              34.070937
            ],
            [
              -118.72412200000001,
              34.070932
            ],
            [
              -118.72412200000001,
              34.070921999999996
            ],
            [
              -118.724117,
              34.070916999999994
            ],
            [
              -118.724117,
              34.070902
            ],
            [
              -118.724112,
              34.070896999999995
            ],
            [
              -118.724112,
              34.070887
            ],
            [
              -118.724107,
              34.070882
            ],
            [
              -118.724107,
              34.070871999999994
            ],
            [
              -118.724102,
              34.070867
            ],
            [
              -118.724102,
              34.070862
            ],
            [
              -118.724097,
              34.070862
            ],
            [
              -118.724092,
              34.070867
            ],
            [
              -118.72408200000001,
              34.070867
            ],
            [
              -118.72407700000001,
              34.070871999999994
            ],
            [
              -118.724067,
              34.070871999999994
            ],
            [
              -118.724062,
              34.070876999999996
            ],
            [
              -118.724057,
              34.070876999999996
            ],
            [
              -118.724052,
              34.070882
            ],
            [
              -118.724042,
              34.070882
            ],
            [
              -118.72403700000001,
              34.070887
            ],
            [
              -118.724027,
              34.070887
            ],
            [
              -118.724022,
              34.070892
            ],
            [
              -118.724012,
              34.070892
            ],
            [
              -118.724007,
              34.070896999999995
            ],
            [
              -118.723997,
              34.070896999999995
            ],
            [
              -118.72399200000001,
              34.070902
            ],
            [
              -118.723982,
              34.070902
            ],
            [
              -118.723977,
              34.070907
            ],
            [
              -118.723972,
              34.070907
            ],
            [
              -118.723967,
              34.070912
            ],
            [
              -118.723957,
              34.070912
            ],
            [
              -118.723952,
              34.070916999999994
            ],
            [
              -118.72394200000001,
              34.070916999999994
            ],
            [
              -118.723937,
              34.070921999999996
            ],
            [
              -118.723927,
              34.070921999999996
            ],
            [
              -118.723922,
              34.070927
            ],
            [
              -118.723912,
              34.070927
            ],
            [
              -118.723907,
              34.070932
            ],
            [
              -118.72390200000001,
              34.070932
            ],
            [
              -118.72389700000001,
              34.070937
            ],
            [
              -118.723887,
              34.070937
            ],
            [
              -118.723882,
              34.070941999999995
            ],
            [
              -118.723872,
              34.070941999999995
            ],
            [
              -118.723867,
              34.070947
            ],
            [
              -118.723862,
              34.070947
            ],
            [
              -118.723862,
              34.070952
            ],
            [
              -118.723867,
              34.070957
            ],
            [
              -118.723867,
              34.070966999999996
            ],
            [
              -118.723872,
              34.070972
            ],
            [
              -118.723872,
              34.070982
            ],
            [
              -118.723877,
              34.070986999999995
            ],
            [
              -118.723877,
              34.070997
            ],
            [
              -118.723882,
              34.071002
            ],
            [
              -118.723882,
              34.071006999999994
            ],
            [
              -118.723887,
              34.071006999999994
            ],
            [
              -118.723892,
              34.071002
            ],
            [
              -118.72390200000001,
              34.071002
            ],
            [
              -118.723907,
              34.070997
            ],
            [
              -118.723917,
              34.070997
            ],
            [
              -118.723922,
              34.070992
            ],
            [
              -118.723937,
              34.070992
            ],
            [
              -118.72394200000001,
              34.070986999999995
            ],
            [
              -118.723952,
              34.070986999999995
            ],
            [
              -118.723957,
              34.070982
            ],
            [
              -118.723967,
              34.070992
            ],
            [
              -118.723967,
              34.071002
            ],
            [
              -118.723972,
              34.071006999999994
            ],
            [
              -118.723972,
              34.071017
            ],
            [
              -118.723977,
              34.071022
            ],
            [
              -118.723977,
              34.071031999999995
            ],
            [
              -118.723982,
              34.071037
            ],
            [
              -118.723982,
              34.071047
            ],
            [
              -118.72398700000001,
              34.071051999999995
            ],
            [
              -118.72398700000001,
              34.071056999999996
            ],
            [
              -118.72399200000001,
              34.071062
            ],
            [
              -118.72399200000001,
              34.071072
            ],
            [
              -118.723997,
              34.071076999999995
            ],
            [
              -118.723997,
              34.071087
            ],
            [
              -118.724002,
              34.071092
            ],
            [
              -118.724002,
              34.071101999999996
            ],
            [
              -118.724007,
              34.071107
            ],
            [
              -118.724007,
              34.071117
            ],
            [
              -118.724012,
              34.071121999999995
            ],
            [
              -118.724012,
              34.071127
            ],
            [
              -118.724002,
              34.071137
            ],
            [
              -118.72399200000001,
              34.071137
            ],
            [
              -118.72398700000001,
              34.071141999999995
            ],
            [
              -118.723982,
              34.071141999999995
            ],
            [
              -118.723977,
              34.071146999999996
            ],
            [
              -118.723967,
              34.071146999999996
            ],
            [
              -118.723962,
              34.071152
            ],
            [
              -118.723952,
              34.071152
            ],
            [
              -118.72394700000001,
              34.071157
            ],
            [
              -118.72394200000001,
              34.071157
            ],
            [
              -118.723937,
              34.071162
            ],
            [
              -118.723932,
              34.071162
            ],
            [
              -118.723932,
              34.071166999999996
            ],
            [
              -118.723937,
              34.071172
            ],
            [
              -118.723937,
              34.071177
            ],
            [
              -118.72394200000001,
              34.071182
            ],
            [
              -118.72394200000001,
              34.071191999999996
            ],
            [
              -118.72394700000001,
              34.071197
            ],
            [
              -118.72394700000001,
              34.071202
            ],
            [
              -118.723952,
              34.071207
            ],
            [
              -118.723952,
              34.071211999999996
            ],
            [
              -118.723957,
              34.071217
            ],
            [
              -118.723957,
              34.071227
            ],
            [
              -118.723962,
              34.071231999999995
            ],
            [
              -118.723962,
              34.071236999999996
            ],
            [
              -118.723967,
              34.071242
            ],
            [
              -118.723967,
              34.071247
            ],
            [
              -118.723972,
              34.071247
            ]
          ]
        ]
      },
      "properties": {
        "building_id": 319,
        "scenario_id": 1,
        "damage_class": "minor-damage",
        "confidence": 0.5667,
        "probabilities": {
          "no-damage": 0.4092,
          "minor-damage": 0.5667,
          "major-damage": 0.0164,
          "destroyed": 0.0077
        },
        "gt_damage_class": "no-damage",
        "source": "AI Prediction (Siamese ResNet18)",
        "is_prediction": true
      }
    },
    {
      "type": "Feature",
      "geometry": {
        "type": "Polygon",
        "coordinates": [
          [
            [
              -118.724762,
              34.071352
            ],
            [
              -118.724767,
              34.071346999999996
            ],
            [
              -118.724782,
              34.071346999999996
            ],
            [
              -118.724787,
              34.071341999999994
            ],
            [
              -118.72479700000001,
              34.071341999999994
            ],
            [
              -118.724802,
              34.071337
            ],
            [
              -118.724812,
              34.071337
            ],
            [
              -118.724817,
              34.071332
            ],
            [
              -118.724832,
              34.071332
            ],
            [
              -118.72483700000001,
              34.071327
            ],
            [
              -118.72484200000001,
              34.071327
            ],
            [
              -118.72484200000001,
              34.071317
            ],
            [
              -118.72483700000001,
              34.071312
            ],
            [
              -118.72483700000001,
              34.071296999999994
            ],
            [
              -118.724832,
              34.071292
            ],
            [
              -118.724832,
              34.071272
            ],
            [
              -118.724827,
              34.071267
            ],
            [
              -118.724827,
              34.071251999999994
            ],
            [
              -118.724822,
              34.071247
            ],
            [
              -118.724822,
              34.071231999999995
            ],
            [
              -118.724817,
              34.071227
            ],
            [
              -118.724817,
              34.071207
            ],
            [
              -118.724812,
              34.071202
            ],
            [
              -118.724812,
              34.071186999999995
            ],
            [
              -118.724807,
              34.071182
            ],
            [
              -118.724807,
              34.071162
            ],
            [
              -118.724802,
              34.071157
            ],
            [
              -118.724802,
              34.071141999999995
            ],
            [
              -118.72479700000001,
              34.071137
            ],
            [
              -118.72479700000001,
              34.071121999999995
            ],
            [
              -118.72479200000001,
              34.071117
            ],
            [
              -118.72479200000001,
              34.071107
            ],
            [
              -118.724782,
              34.071107
            ],
            [
              -118.724777,
              34.071112
            ],
            [
              -118.72475700000001,
              34.071112
            ],
            [
              -118.72475200000001,
              34.071117
            ],
            [
              -118.724727,
              34.071117
            ],
            [
              -118.724722,
              34.071121999999995
            ],
            [
              -118.72470200000001,
              34.071121999999995
            ],
            [
              -118.724697,
              34.071127
            ],
            [
              -118.724677,
              34.071127
            ],
            [
              -118.724672,
              34.071132
            ],
            [
              -118.72466200000001,
              34.071132
            ],
            [
              -118.72466200000001,
              34.071137
            ],
            [
              -118.72466700000001,
              34.071141999999995
            ],
            [
              -118.72466700000001,
              34.071157
            ],
            [
              -118.724672,
              34.071162
            ],
            [
              -118.724672,
              34.071177
            ],
            [
              -118.724677,
              34.071182
            ],
            [
              -118.724677,
              34.071197
            ],
            [
              -118.724682,
              34.071202
            ],
            [
              -118.724682,
              34.071217
            ],
            [
              -118.724687,
              34.071222
            ],
            [
              -118.724687,
              34.071231999999995
            ],
            [
              -118.72470200000001,
              34.071231999999995
            ],
            [
              -118.72470700000001,
              34.071227
            ],
            [
              -118.724717,
              34.071227
            ],
            [
              -118.724727,
              34.071236999999996
            ],
            [
              -118.724727,
              34.071251999999994
            ],
            [
              -118.724732,
              34.071256999999996
            ],
            [
              -118.724732,
              34.071267
            ],
            [
              -118.724737,
              34.071272
            ],
            [
              -118.724737,
              34.071287
            ],
            [
              -118.724742,
              34.071292
            ],
            [
              -118.724742,
              34.071307
            ],
            [
              -118.72474700000001,
              34.071312
            ],
            [
              -118.72474700000001,
              34.071321999999995
            ],
            [
              -118.72475200000001,
              34.071327
            ],
            [
              -118.72475200000001,
              34.071341999999994
            ],
            [
              -118.72475700000001,
              34.071346999999996
            ],
            [
              -118.72475700000001,
              34.071352
            ],
            [
              -118.724762,
              34.071352
            ]
          ]
        ]
      },
      "properties": {
        "building_id": 320,
        "scenario_id": 1,
        "damage_class": "no-damage",
        "confidence": 0.5406,
        "probabilities": {
          "no-damage": 0.5406,
          "minor-damage": 0.4284,
          "major-damage": 0.0183,
          "destroyed": 0.0127
        },
        "gt_damage_class": "no-damage",
        "source": "AI Prediction (Siamese ResNet18)",
        "is_prediction": true
      }
    },
    {
      "type": "Feature",
      "geometry": {
        "type": "Polygon",
        "coordinates": [
          [
            [
              -118.72058200000001,
              34.071427
            ],
            [
              -118.72058200000001,
              34.071402
            ],
            [
              -118.72058700000001,
              34.071397
            ],
            [
              -118.72058700000001,
              34.071372
            ],
            [
              -118.72059200000001,
              34.071366999999995
            ],
            [
              -118.720597,
              34.071366999999995
            ],
            [
              -118.720602,
              34.071362
            ],
            [
              -118.720612,
              34.071362
            ],
            [
              -118.720622,
              34.071352
            ],
            [
              -118.720622,
              34.071346999999996
            ],
            [
              -118.72062700000001,
              34.071341999999994
            ],
            [
              -118.720667,
              34.071341999999994
            ],
            [
              -118.72067200000001,
              34.071346999999996
            ],
            [
              -118.72071700000001,
              34.071346999999996
            ],
            [
              -118.72071700000001,
              34.071222
            ],
            [
              -118.720647,
              34.071222
            ],
            [
              -118.720642,
              34.071217
            ],
            [
              -118.72049700000001,
              34.071217
            ],
            [
              -118.72049200000001,
              34.071211999999996
            ],
            [
              -118.720422,
              34.071211999999996
            ],
            [
              -118.720422,
              34.071267
            ],
            [
              -118.720417,
              34.071272
            ],
            [
              -118.720417,
              34.071327
            ],
            [
              -118.720462,
              34.071327
            ],
            [
              -118.720467,
              34.071321999999995
            ],
            [
              -118.720507,
              34.071321999999995
            ],
            [
              -118.720512,
              34.071327
            ],
            [
              -118.720507,
              34.071332
            ],
            [
              -118.720507,
              34.071341999999994
            ],
            [
              -118.72050200000001,
              34.071346999999996
            ],
            [
              -118.72050200000001,
              34.071352
            ],
            [
              -118.72049700000001,
              34.071357
            ],
            [
              -118.72049700000001,
              34.071366999999995
            ],
            [
              -118.72049200000001,
              34.071372
            ],
            [
              -118.72049200000001,
              34.071382
            ],
            [
              -118.720487,
              34.071386999999994
            ],
            [
              -118.720487,
              34.071391999999996
            ],
            [
              -118.720482,
              34.071397
            ],
            [
              -118.720482,
              34.071407
            ],
            [
              -118.720477,
              34.071411999999995
            ],
            [
              -118.720477,
              34.071417
            ],
            [
              -118.72050200000001,
              34.071417
            ],
            [
              -118.720507,
              34.071422
            ],
            [
              -118.720552,
              34.071422
            ],
            [
              -118.720557,
              34.071427
            ],
            [
              -118.72058200000001,
              34.071427
            ]
          ]
        ]
      },
      "properties": {
        "building_id": 321,
        "scenario_id": 1,
        "damage_class": "no-damage",
        "confidence": 0.3455,
        "probabilities": {
          "no-damage": 0.3455,
          "minor-damage": 0.3403,
          "major-damage": 0.3094,
          "destroyed": 0.0048
        },
        "gt_damage_class": "no-damage",
        "source": "AI Prediction (Siamese ResNet18)",
        "is_prediction": true
      }
    },
    {
      "type": "Feature",
      "geometry": {
        "type": "Polygon",
        "coordinates": [
          [
            [
              -118.721587,
              34.071427
            ],
            [
              -118.721597,
              34.071417
            ],
            [
              -118.721597,
              34.071411999999995
            ],
            [
              -118.72161200000001,
              34.071397
            ],
            [
              -118.72161200000001,
              34.071391999999996
            ],
            [
              -118.721632,
              34.071372
            ],
            [
              -118.721632,
              34.071366999999995
            ],
            [
              -118.721647,
              34.071352
            ],
            [
              -118.721647,
              34.071346999999996
            ],
            [
              -118.72165700000001,
              34.071337
            ],
            [
              -118.72170700000001,
              34.071337
            ],
            [
              -118.72171200000001,
              34.071341999999994
            ],
            [
              -118.721767,
              34.071341999999994
            ],
            [
              -118.721767,
              34.071301999999996
            ],
            [
              -118.721762,
              34.071296999999994
            ],
            [
              -118.721762,
              34.071262
            ],
            [
              -118.721727,
              34.071262
            ],
            [
              -118.721722,
              34.071256999999996
            ],
            [
              -118.721652,
              34.071256999999996
            ],
            [
              -118.721647,
              34.071251999999994
            ],
            [
              -118.72162200000001,
              34.071251999999994
            ],
            [
              -118.72161700000001,
              34.071247
            ],
            [
              -118.72161700000001,
              34.071242
            ],
            [
              -118.72162200000001,
              34.071236999999996
            ],
            [
              -118.72162200000001,
              34.071231999999995
            ],
            [
              -118.72161700000001,
              34.071227
            ],
            [
              -118.72161200000001,
              34.071227
            ],
            [
              -118.721602,
              34.071217
            ],
            [
              -118.721597,
              34.071217
            ],
            [
              -118.721587,
              34.071207
            ],
            [
              -118.721582,
              34.071207
            ],
            [
              -118.72157200000001,
              34.071197
            ],
            [
              -118.72156700000001,
              34.071197
            ],
            [
              -118.721557,
              34.071186999999995
            ],
            [
              -118.721552,
              34.071186999999995
            ],
            [
              -118.721547,
              34.071182
            ],
            [
              -118.721542,
              34.071182
            ],
            [
              -118.72153200000001,
              34.071172
            ],
            [
              -118.72152700000001,
              34.071172
            ],
            [
              -118.721517,
              34.071162
            ],
            [
              -118.721512,
              34.071162
            ],
            [
              -118.721502,
              34.071152
            ],
            [
              -118.721497,
              34.071152
            ],
            [
              -118.72148700000001,
              34.071141999999995
            ],
            [
              -118.72148200000001,
              34.071141999999995
            ],
            [
              -118.721472,
              34.071132
            ],
            [
              -118.721467,
              34.071132
            ],
            [
              -118.721462,
              34.071127
            ],
            [
              -118.721457,
              34.071127
            ],
            [
              -118.721447,
              34.071117
            ],
            [
              -118.72144200000001,
              34.071117
            ],
            [
              -118.72143700000001,
              34.071112
            ],
            [
              -118.72143200000001,
              34.071112
            ],
            [
              -118.721427,
              34.071107
            ],
            [
              -118.721422,
              34.071112
            ],
            [
              -118.721422,
              34.071117
            ],
            [
              -118.721417,
              34.071121999999995
            ],
            [
              -118.721417,
              34.071127
            ],
            [
              -118.721412,
              34.071132
            ],
            [
              -118.721412,
              34.071137
            ],
            [
              -118.721402,
              34.071146999999996
            ],
            [
              -118.721402,
              34.071152
            ],
            [
              -118.72139700000001,
              34.071157
            ],
            [
              -118.72139700000001,
              34.071162
            ],
            [
              -118.72138700000001,
              34.071172
            ],
            [
              -118.72138700000001,
              34.071177
            ],
            [
              -118.721382,
              34.071182
            ],
            [
              -118.721382,
              34.071186999999995
            ],
            [
              -118.721377,
              34.071191999999996
            ],
            [
              -118.721377,
              34.071197
            ],
            [
              -118.721367,
              34.071207
            ],
            [
              -118.721367,
              34.071211999999996
            ],
            [
              -118.721362,
              34.071217
            ],
            [
              -118.721362,
              34.071222
            ],
            [
              -118.72135200000001,
              34.071231999999995
            ],
            [
              -118.72135200000001,
              34.071236999999996
            ],
            [
              -118.72134700000001,
              34.071242
            ],
            [
              -118.72134700000001,
              34.071247
            ],
            [
              -118.721342,
              34.071251999999994
            ],
            [
              -118.721342,
              34.071256999999996
            ],
            [
              -118.721332,
              34.071267
            ],
            [
              -118.721332,
              34.071272
            ],
            [
              -118.721327,
              34.071276999999995
            ],
            [
              -118.721327,
              34.071282
            ],
            [
              -118.721322,
              34.071287
            ],
            [
              -118.721327,
              34.071292
            ],
            [
              -118.721332,
              34.071292
            ],
            [
              -118.721337,
              34.071296999999994
            ],
            [
              -118.721342,
              34.071296999999994
            ],
            [
              -118.72135200000001,
              34.071307
            ],
            [
              -118.721357,
              34.071307
            ],
            [
              -118.721362,
              34.071312
            ],
            [
              -118.721367,
              34.071312
            ],
            [
              -118.721372,
              34.071317
            ],
            [
              -118.721377,
              34.071317
            ],
            [
              -118.72138700000001,
              34.071327
            ],
            [
              -118.72139200000001,
              34.071327
            ],
            [
              -118.721402,
              34.071337
            ],
            [
              -118.721407,
              34.071337
            ],
            [
              -118.721417,
              34.071346999999996
            ],
            [
              -118.721422,
              34.071346999999996
            ],
            [
              -118.721427,
              34.071352
            ],
            [
              -118.72143700000001,
              34.071341999999994
            ],
            [
              -118.72144200000001,
              34.071341999999994
            ],
            [
              -118.721447,
              34.071346999999996
            ],
            [
              -118.721452,
              34.071346999999996
            ],
            [
              -118.721457,
              34.071352
            ],
            [
              -118.721462,
              34.071352
            ],
            [
              -118.721467,
              34.071357
            ],
            [
              -118.721472,
              34.071357
            ],
            [
              -118.72147700000001,
              34.071362
            ],
            [
              -118.72147700000001,
              34.071366999999995
            ],
            [
              -118.72148200000001,
              34.071372
            ],
            [
              -118.72148700000001,
              34.071372
            ],
            [
              -118.721492,
              34.071377
            ],
            [
              -118.721497,
              34.071377
            ],
            [
              -118.721502,
              34.071382
            ],
            [
              -118.721517,
              34.071366999999995
            ],
            [
              -118.72153200000001,
              34.071382
            ],
            [
              -118.721537,
              34.071382
            ],
            [
              -118.72156700000001,
              34.071411999999995
            ],
            [
              -118.72157200000001,
              34.071411999999995
            ],
            [
              -118.721587,
              34.071427
            ]
          ]
        ]
      },
      "properties": {
        "building_id": 322,
        "scenario_id": 1,
        "damage_class": "no-damage",
        "confidence": 0.8189,
        "probabilities": {
          "no-damage": 0.8189,
          "minor-damage": 0.1364,
          "major-damage": 0.0342,
          "destroyed": 0.0104
        },
        "gt_damage_class": "no-damage",
        "source": "AI Prediction (Siamese ResNet18)",
        "is_prediction": true
      }
    },
    {
      "type": "Feature",
      "geometry": {
        "type": "Polygon",
        "coordinates": [
          [
            [
              -118.722167,
              34.071476999999994
            ],
            [
              -118.722167,
              34.071436999999996
            ],
            [
              -118.722172,
              34.071431999999994
            ],
            [
              -118.722172,
              34.071357
            ],
            [
              -118.722177,
              34.071352
            ],
            [
              -118.722177,
              34.071312
            ],
            [
              -118.722142,
              34.071312
            ],
            [
              -118.722137,
              34.071307
            ],
            [
              -118.722082,
              34.071307
            ],
            [
              -118.722077,
              34.071312
            ],
            [
              -118.722057,
              34.071312
            ],
            [
              -118.722057,
              34.071391999999996
            ],
            [
              -118.722052,
              34.071397
            ],
            [
              -118.722052,
              34.071472
            ],
            [
              -118.72210700000001,
              34.071472
            ],
            [
              -118.72211200000001,
              34.071476999999994
            ],
            [
              -118.722167,
              34.071476999999994
            ]
          ]
        ]
      },
      "properties": {
        "building_id": 323,
        "scenario_id": 1,
        "damage_class": "no-damage",
        "confidence": 0.4339,
        "probabilities": {
          "no-damage": 0.4339,
          "minor-damage": 0.2085,
          "major-damage": 0.2497,
          "destroyed": 0.1078
        },
        "gt_damage_class": "no-damage",
        "source": "AI Prediction (Siamese ResNet18)",
        "is_prediction": true
      }
    },
    {
      "type": "Feature",
      "geometry": {
        "type": "Polygon",
        "coordinates": [
          [
            [
              -118.722492,
              34.071476999999994
            ],
            [
              -118.722492,
              34.071456999999995
            ],
            [
              -118.722497,
              34.071452
            ],
            [
              -118.72251700000001,
              34.071452
            ],
            [
              -118.722522,
              34.071456999999995
            ],
            [
              -118.722577,
              34.071456999999995
            ],
            [
              -118.722582,
              34.071462
            ],
            [
              -118.722637,
              34.071462
            ],
            [
              -118.72264200000001,
              34.071467
            ],
            [
              -118.722672,
              34.071467
            ],
            [
              -118.722672,
              34.071332
            ],
            [
              -118.722677,
              34.071327
            ],
            [
              -118.722677,
              34.071186999999995
            ],
            [
              -118.722632,
              34.071186999999995
            ],
            [
              -118.722627,
              34.071191999999996
            ],
            [
              -118.722582,
              34.071191999999996
            ],
            [
              -118.722582,
              34.071321999999995
            ],
            [
              -118.722577,
              34.071327
            ],
            [
              -118.722522,
              34.071327
            ],
            [
              -118.72251700000001,
              34.071321999999995
            ],
            [
              -118.72251700000001,
              34.071307
            ],
            [
              -118.72250700000001,
              34.071307
            ],
            [
              -118.722502,
              34.071301999999996
            ],
            [
              -118.722502,
              34.071287
            ],
            [
              -118.722437,
              34.071287
            ],
            [
              -118.722432,
              34.071292
            ],
            [
              -118.72237200000001,
              34.071292
            ],
            [
              -118.72237200000001,
              34.071332
            ],
            [
              -118.722367,
              34.071337
            ],
            [
              -118.722367,
              34.071411999999995
            ],
            [
              -118.722362,
              34.071417
            ],
            [
              -118.722362,
              34.071452
            ],
            [
              -118.722387,
              34.071452
            ],
            [
              -118.722392,
              34.071456999999995
            ],
            [
              -118.722412,
              34.071456999999995
            ],
            [
              -118.72242200000001,
              34.071467
            ],
            [
              -118.72242200000001,
              34.071472
            ],
            [
              -118.722452,
              34.071472
            ],
            [
              -118.722457,
              34.071476999999994
            ],
            [
              -118.722492,
              34.071476999999994
            ]
          ]
        ]
      },
      "properties": {
        "building_id": 324,
        "scenario_id": 1,
        "damage_class": "no-damage",
        "confidence": 0.8133,
        "probabilities": {
          "no-damage": 0.8133,
          "minor-damage": 0.1723,
          "major-damage": 0.0109,
          "destroyed": 0.0036
        },
        "gt_damage_class": "no-damage",
        "source": "AI Prediction (Siamese ResNet18)",
        "is_prediction": true
      }
    },
    {
      "type": "Feature",
      "geometry": {
        "type": "Polygon",
        "coordinates": [
          [
            [
              -118.720927,
              34.071492
            ],
            [
              -118.720927,
              34.071472
            ],
            [
              -118.720932,
              34.071467
            ],
            [
              -118.720932,
              34.071427
            ],
            [
              -118.720937,
              34.071422
            ],
            [
              -118.720937,
              34.071402
            ],
            [
              -118.720917,
              34.071402
            ],
            [
              -118.720912,
              34.071397
            ],
            [
              -118.720877,
              34.071397
            ],
            [
              -118.720872,
              34.071391999999996
            ],
            [
              -118.720837,
              34.071391999999996
            ],
            [
              -118.720832,
              34.071386999999994
            ],
            [
              -118.720797,
              34.071386999999994
            ],
            [
              -118.720792,
              34.071382
            ],
            [
              -118.72077200000001,
              34.071382
            ],
            [
              -118.72077200000001,
              34.071427
            ],
            [
              -118.72076700000001,
              34.071431999999994
            ],
            [
              -118.72076700000001,
              34.071476999999994
            ],
            [
              -118.720792,
              34.071476999999994
            ],
            [
              -118.720797,
              34.071481999999996
            ],
            [
              -118.720842,
              34.071481999999996
            ],
            [
              -118.720847,
              34.071487
            ],
            [
              -118.72089700000001,
              34.071487
            ],
            [
              -118.72090200000001,
              34.071492
            ],
            [
              -118.720927,
              34.071492
            ]
          ]
        ]
      },
      "properties": {
        "building_id": 325,
        "scenario_id": 1,
        "damage_class": "minor-damage",
        "confidence": 0.4192,
        "probabilities": {
          "no-damage": 0.2411,
          "minor-damage": 0.4192,
          "major-damage": 0.3136,
          "destroyed": 0.0261
        },
        "gt_damage_class": "no-damage",
        "source": "AI Prediction (Siamese ResNet18)",
        "is_prediction": true
      }
    },
    {
      "type": "Feature",
      "geometry": {
        "type": "Polygon",
        "coordinates": [
          [
            [
              -118.72408200000001,
              34.071501999999995
            ],
            [
              -118.724087,
              34.071497
            ],
            [
              -118.724102,
              34.071497
            ],
            [
              -118.724107,
              34.071492
            ],
            [
              -118.72412200000001,
              34.071492
            ],
            [
              -118.72412700000001,
              34.071487
            ],
            [
              -118.724142,
              34.071487
            ],
            [
              -118.724147,
              34.071481999999996
            ],
            [
              -118.724157,
              34.071481999999996
            ],
            [
              -118.724162,
              34.071476999999994
            ],
            [
              -118.724177,
              34.071476999999994
            ],
            [
              -118.724182,
              34.071472
            ],
            [
              -118.724197,
              34.071472
            ],
            [
              -118.724202,
              34.071467
            ],
            [
              -118.72421700000001,
              34.071467
            ],
            [
              -118.724222,
              34.071462
            ],
            [
              -118.724227,
              34.071462
            ],
            [
              -118.724227,
              34.071456999999995
            ],
            [
              -118.724222,
              34.071452
            ],
            [
              -118.724222,
              34.071436999999996
            ],
            [
              -118.72421700000001,
              34.071431999999994
            ],
            [
              -118.72421700000001,
              34.071417
            ],
            [
              -118.72421200000001,
              34.071411999999995
            ],
            [
              -118.72421200000001,
              34.071397
            ],
            [
              -118.724207,
              34.071391999999996
            ],
            [
              -118.724207,
              34.071377
            ],
            [
              -118.724202,
              34.071372
            ],
            [
              -118.724202,
              34.071357
            ],
            [
              -118.724197,
              34.071352
            ],
            [
              -118.724197,
              34.071337
            ],
            [
              -118.724192,
              34.071332
            ],
            [
              -118.724192,
              34.071317
            ],
            [
              -118.724187,
              34.071312
            ],
            [
              -118.724187,
              34.071296999999994
            ],
            [
              -118.724182,
              34.071292
            ],
            [
              -118.724182,
              34.071287
            ],
            [
              -118.72417200000001,
              34.071287
            ],
            [
              -118.72416700000001,
              34.071292
            ],
            [
              -118.724152,
              34.071292
            ],
            [
              -118.724147,
              34.071296999999994
            ],
            [
              -118.724132,
              34.071296999999994
            ],
            [
              -118.72412700000001,
              34.071301999999996
            ],
            [
              -118.724107,
              34.071301999999996
            ],
            [
              -118.724102,
              34.071307
            ],
            [
              -118.724087,
              34.071307
            ],
            [
              -118.72408200000001,
              34.071312
            ],
            [
              -118.724062,
              34.071312
            ],
            [
              -118.724057,
              34.071317
            ],
            [
              -118.724042,
              34.071317
            ],
            [
              -118.72403700000001,
              34.071321999999995
            ],
            [
              -118.724022,
              34.071321999999995
            ],
            [
              -118.724017,
              34.071327
            ],
            [
              -118.724007,
              34.071327
            ],
            [
              -118.724007,
              34.071337
            ],
            [
              -118.724012,
              34.071341999999994
            ],
            [
              -118.724012,
              34.071357
            ],
            [
              -118.724017,
              34.071362
            ],
            [
              -118.724017,
              34.071382
            ],
            [
              -118.724022,
              34.071386999999994
            ],
            [
              -118.724022,
              34.071391999999996
            ],
            [
              -118.724012,
              34.071402
            ],
            [
              -118.724002,
              34.071402
            ],
            [
              -118.723997,
              34.071407
            ],
            [
              -118.72399200000001,
              34.071407
            ],
            [
              -118.72399200000001,
              34.071411999999995
            ],
            [
              -118.723997,
              34.071417
            ],
            [
              -118.723997,
              34.071422
            ],
            [
              -118.724002,
              34.071427
            ],
            [
              -118.724002,
              34.071436999999996
            ],
            [
              -118.724007,
              34.071442
            ],
            [
              -118.724007,
              34.071452
            ],
            [
              -118.724012,
              34.071456999999995
            ],
            [
              -118.724012,
              34.071462
            ],
            [
              -118.724017,
              34.071467
            ],
            [
              -118.724017,
              34.071476999999994
            ],
            [
              -118.724022,
              34.071481999999996
            ],
            [
              -118.724022,
              34.071487
            ],
            [
              -118.724027,
              34.071487
            ],
            [
              -118.72403200000001,
              34.071481999999996
            ],
            [
              -118.724042,
              34.071481999999996
            ],
            [
              -118.724047,
              34.071476999999994
            ],
            [
              -118.724057,
              34.071476999999994
            ],
            [
              -118.724062,
              34.071472
            ],
            [
              -118.724072,
              34.071481999999996
            ],
            [
              -118.724072,
              34.071492
            ],
            [
              -118.72407700000001,
              34.071497
            ],
            [
              -118.72407700000001,
              34.071501999999995
            ],
            [
              -118.72408200000001,
              34.071501999999995
            ]
          ]
        ]
      },
      "properties": {
        "building_id": 326,
        "scenario_id": 1,
        "damage_class": "major-damage",
        "confidence": 0.5491,
        "probabilities": {
          "no-damage": 0.2235,
          "minor-damage": 0.1662,
          "major-damage": 0.5491,
          "destroyed": 0.0612
        },
        "gt_damage_class": "no-damage",
        "source": "AI Prediction (Siamese ResNet18)",
        "is_prediction": true
      }
    },
    {
      "type": "Feature",
      "geometry": {
        "type": "Polygon",
        "coordinates": [
          [
            [
              -118.721737,
              34.071517
            ],
            [
              -118.721737,
              34.071417
            ],
            [
              -118.721717,
              34.071417
            ],
            [
              -118.72171200000001,
              34.071422
            ],
            [
              -118.721692,
              34.071422
            ],
            [
              -118.721687,
              34.071427
            ],
            [
              -118.721687,
              34.071436999999996
            ],
            [
              -118.721697,
              34.071447
            ],
            [
              -118.721697,
              34.071476999999994
            ],
            [
              -118.721692,
              34.071481999999996
            ],
            [
              -118.721682,
              34.071481999999996
            ],
            [
              -118.721682,
              34.071501999999995
            ],
            [
              -118.721692,
              34.071501999999995
            ],
            [
              -118.721697,
              34.071507
            ],
            [
              -118.721697,
              34.071512
            ],
            [
              -118.72171200000001,
              34.071512
            ],
            [
              -118.721717,
              34.071517
            ],
            [
              -118.721737,
              34.071517
            ]
          ]
        ]
      },
      "properties": {
        "building_id": 327,
        "scenario_id": 1,
        "damage_class": "minor-damage",
        "confidence": 0.4391,
        "probabilities": {
          "no-damage": 0.436,
          "minor-damage": 0.4391,
          "major-damage": 0.1076,
          "destroyed": 0.0173
        },
        "gt_damage_class": "no-damage",
        "source": "AI Prediction (Siamese ResNet18)",
        "is_prediction": true
      }
    },
    {
      "type": "Feature",
      "geometry": {
        "type": "Polygon",
        "coordinates": [
          [
            [
              -118.721862,
              34.071517
            ],
            [
              -118.721862,
              34.071411999999995
            ],
            [
              -118.721817,
              34.071411999999995
            ],
            [
              -118.721812,
              34.071417
            ],
            [
              -118.721772,
              34.071417
            ],
            [
              -118.721772,
              34.071517
            ],
            [
              -118.721862,
              34.071517
            ]
          ]
        ]
      },
      "properties": {
        "building_id": 328,
        "scenario_id": 1,
        "damage_class": "no-damage",
        "confidence": 0.8889,
        "probabilities": {
          "no-damage": 0.8889,
          "minor-damage": 0.0623,
          "major-damage": 0.0424,
          "destroyed": 0.0064
        },
        "gt_damage_class": "no-damage",
        "source": "AI Prediction (Siamese ResNet18)",
        "is_prediction": true
      }
    },
    {
      "type": "Feature",
      "geometry": {
        "type": "Polygon",
        "coordinates": [
          [
            [
              -118.72335700000001,
              34.071517
            ],
            [
              -118.72335700000001,
              34.071411999999995
            ],
            [
              -118.72336200000001,
              34.071407
            ],
            [
              -118.72336700000001,
              34.071407
            ],
            [
              -118.723372,
              34.071402
            ],
            [
              -118.723382,
              34.071402
            ],
            [
              -118.723382,
              34.071276999999995
            ],
            [
              -118.72336200000001,
              34.071276999999995
            ],
            [
              -118.72335700000001,
              34.071272
            ],
            [
              -118.72335700000001,
              34.071211999999996
            ],
            [
              -118.72336200000001,
              34.071207
            ],
            [
              -118.72336200000001,
              34.071141999999995
            ],
            [
              -118.723242,
              34.071141999999995
            ],
            [
              -118.723237,
              34.071137
            ],
            [
              -118.723122,
              34.071137
            ],
            [
              -118.723122,
              34.071296999999994
            ],
            [
              -118.723177,
              34.071296999999994
            ],
            [
              -118.72318200000001,
              34.071301999999996
            ],
            [
              -118.72318200000001,
              34.071362
            ],
            [
              -118.723177,
              34.071366999999995
            ],
            [
              -118.723117,
              34.071366999999995
            ],
            [
              -118.723117,
              34.071436999999996
            ],
            [
              -118.723112,
              34.071442
            ],
            [
              -118.723112,
              34.071512
            ],
            [
              -118.72323200000001,
              34.071512
            ],
            [
              -118.723237,
              34.071517
            ],
            [
              -118.72335700000001,
              34.071517
            ]
          ]
        ]
      },
      "properties": {
        "building_id": 329,
        "scenario_id": 1,
        "damage_class": "minor-damage",
        "confidence": 0.6043,
        "probabilities": {
          "no-damage": 0.357,
          "minor-damage": 0.6043,
          "major-damage": 0.0337,
          "destroyed": 0.0051
        },
        "gt_damage_class": "no-damage",
        "source": "AI Prediction (Siamese ResNet18)",
        "is_prediction": true
      }
    },
    {
      "type": "Feature",
      "geometry": {
        "type": "Polygon",
        "coordinates": [
          [
            [
              -118.722977,
              34.071566999999995
            ],
            [
              -118.722977,
              34.071366999999995
            ],
            [
              -118.72291200000001,
              34.071366999999995
            ],
            [
              -118.722907,
              34.071362
            ],
            [
              -118.722847,
              34.071362
            ],
            [
              -118.722847,
              34.071462
            ],
            [
              -118.722842,
              34.071467
            ],
            [
              -118.722842,
              34.071566999999995
            ],
            [
              -118.722977,
              34.071566999999995
            ]
          ]
        ]
      },
      "properties": {
        "building_id": 330,
        "scenario_id": 1,
        "damage_class": "no-damage",
        "confidence": 0.7902,
        "probabilities": {
          "no-damage": 0.7902,
          "minor-damage": 0.1145,
          "major-damage": 0.0832,
          "destroyed": 0.0121
        },
        "gt_damage_class": "no-damage",
        "source": "AI Prediction (Siamese ResNet18)",
        "is_prediction": true
      }
    },
    {
      "type": "Feature",
      "geometry": {
        "type": "Polygon",
        "coordinates": [
          [
            [
              -118.72412200000001,
              34.071652
            ],
            [
              -118.72412700000001,
              34.071647
            ],
            [
              -118.724132,
              34.071647
            ],
            [
              -118.724137,
              34.071642
            ],
            [
              -118.724147,
              34.071642
            ],
            [
              -118.724152,
              34.071636999999996
            ],
            [
              -118.724162,
              34.071636999999996
            ],
            [
              -118.72416700000001,
              34.071632
            ],
            [
              -118.72417200000001,
              34.071632
            ],
            [
              -118.724177,
              34.071627
            ],
            [
              -118.724187,
              34.071627
            ],
            [
              -118.724192,
              34.071622
            ],
            [
              -118.724197,
              34.071622
            ],
            [
              -118.724202,
              34.071616999999996
            ],
            [
              -118.72421200000001,
              34.071616999999996
            ],
            [
              -118.72421700000001,
              34.071611999999995
            ],
            [
              -118.724227,
              34.071611999999995
            ],
            [
              -118.724232,
              34.071607
            ],
            [
              -118.724237,
              34.071607
            ],
            [
              -118.724242,
              34.071602
            ],
            [
              -118.724252,
              34.071602
            ],
            [
              -118.72425700000001,
              34.071597
            ],
            [
              -118.724267,
              34.071597
            ],
            [
              -118.724272,
              34.071591999999995
            ],
            [
              -118.724277,
              34.071591999999995
            ],
            [
              -118.724282,
              34.071587
            ],
            [
              -118.724287,
              34.071587
            ],
            [
              -118.724287,
              34.071577
            ],
            [
              -118.724282,
              34.071571999999996
            ],
            [
              -118.724282,
              34.071557
            ],
            [
              -118.724277,
              34.071552
            ],
            [
              -118.724277,
              34.071537
            ],
            [
              -118.724272,
              34.071532
            ],
            [
              -118.724272,
              34.071517
            ],
            [
              -118.724267,
              34.071512
            ],
            [
              -118.724267,
              34.071497
            ],
            [
              -118.72426200000001,
              34.071492
            ],
            [
              -118.72426200000001,
              34.071487
            ],
            [
              -118.72425700000001,
              34.071487
            ],
            [
              -118.724252,
              34.071492
            ],
            [
              -118.724237,
              34.071492
            ],
            [
              -118.724232,
              34.071497
            ],
            [
              -118.724222,
              34.071497
            ],
            [
              -118.72421700000001,
              34.071501999999995
            ],
            [
              -118.724202,
              34.071501999999995
            ],
            [
              -118.724197,
              34.071507
            ],
            [
              -118.724187,
              34.071507
            ],
            [
              -118.724182,
              34.071512
            ],
            [
              -118.72416700000001,
              34.071512
            ],
            [
              -118.724162,
              34.071517
            ],
            [
              -118.724152,
              34.071517
            ],
            [
              -118.724147,
              34.071521999999995
            ],
            [
              -118.724137,
              34.071521999999995
            ],
            [
              -118.724132,
              34.071526999999996
            ],
            [
              -118.724117,
              34.071526999999996
            ],
            [
              -118.724112,
              34.071532
            ],
            [
              -118.724102,
              34.071532
            ],
            [
              -118.724097,
              34.071537
            ],
            [
              -118.72408200000001,
              34.071537
            ],
            [
              -118.72407700000001,
              34.071542
            ],
            [
              -118.724072,
              34.071542
            ],
            [
              -118.724072,
              34.071546999999995
            ],
            [
              -118.72407700000001,
              34.071552
            ],
            [
              -118.72407700000001,
              34.071557
            ],
            [
              -118.72408200000001,
              34.071562
            ],
            [
              -118.72408200000001,
              34.071571999999996
            ],
            [
              -118.724087,
              34.071577
            ],
            [
              -118.724087,
              34.071582
            ],
            [
              -118.724092,
              34.071587
            ],
            [
              -118.724092,
              34.071591999999995
            ],
            [
              -118.724097,
              34.071597
            ],
            [
              -118.724097,
              34.071607
            ],
            [
              -118.724102,
              34.071611999999995
            ],
            [
              -118.724102,
              34.071616999999996
            ],
            [
              -118.724107,
              34.071622
            ],
            [
              -118.724107,
              34.071632
            ],
            [
              -118.724112,
              34.071636999999996
            ],
            [
              -118.724112,
              34.071642
            ],
            [
              -118.724117,
              34.071647
            ],
            [
              -118.724117,
              34.071652
            ],
            [
              -118.72412200000001,
              34.071652
            ]
          ]
        ]
      },
      "properties": {
        "building_id": 331,
        "scenario_id": 1,
        "damage_class": "minor-damage",
        "confidence": 0.5953,
        "probabilities": {
          "no-damage": 0.2752,
          "minor-damage": 0.5953,
          "major-damage": 0.1087,
          "destroyed": 0.0208
        },
        "gt_damage_class": "no-damage",
        "source": "AI Prediction (Siamese ResNet18)",
        "is_prediction": true
      }
    },
    {
      "type": "Feature",
      "geometry": {
        "type": "Polygon",
        "coordinates": [
          [
            [
              -118.72143200000001,
              34.071656999999995
            ],
            [
              -118.72143200000001,
              34.071602
            ],
            [
              -118.721357,
              34.071602
            ],
            [
              -118.72135200000001,
              34.071607
            ],
            [
              -118.721282,
              34.071607
            ],
            [
              -118.721282,
              34.071656999999995
            ],
            [
              -118.72143200000001,
              34.071656999999995
            ]
          ]
        ]
      },
      "properties": {
        "building_id": 332,
        "scenario_id": 1,
        "damage_class": "major-damage",
        "confidence": 0.6766,
        "probabilities": {
          "no-damage": 0.1838,
          "minor-damage": 0.0633,
          "major-damage": 0.6766,
          "destroyed": 0.0763
        },
        "gt_damage_class": "no-damage",
        "source": "AI Prediction (Siamese ResNet18)",
        "is_prediction": true
      }
    },
    {
      "type": "Feature",
      "geometry": {
        "type": "Polygon",
        "coordinates": [
          [
            [
              -118.72497200000001,
              34.071797
            ],
            [
              -118.72497700000001,
              34.071791999999995
            ],
            [
              -118.724992,
              34.071791999999995
            ],
            [
              -118.724997,
              34.071787
            ],
            [
              -118.725007,
              34.071787
            ],
            [
              -118.725012,
              34.071782
            ],
            [
              -118.725027,
              34.071782
            ],
            [
              -118.725032,
              34.071777
            ],
            [
              -118.725042,
              34.071777
            ],
            [
              -118.725047,
              34.071771999999996
            ],
            [
              -118.72506200000001,
              34.071771999999996
            ],
            [
              -118.72506700000001,
              34.071766999999994
            ],
            [
              -118.725082,
              34.071766999999994
            ],
            [
              -118.725087,
              34.071762
            ],
            [
              -118.725097,
              34.071762
            ],
            [
              -118.725102,
              34.071757
            ],
            [
              -118.725117,
              34.071757
            ],
            [
              -118.725122,
              34.071752
            ],
            [
              -118.725127,
              34.071752
            ],
            [
              -118.725127,
              34.071746999999995
            ],
            [
              -118.725122,
              34.071742
            ],
            [
              -118.725122,
              34.071726999999996
            ],
            [
              -118.725117,
              34.071722
            ],
            [
              -118.725117,
              34.071712
            ],
            [
              -118.72511200000001,
              34.071706999999996
            ],
            [
              -118.72511200000001,
              34.071692
            ],
            [
              -118.72510700000001,
              34.071687
            ],
            [
              -118.72510700000001,
              34.071672
            ],
            [
              -118.725102,
              34.071667
            ],
            [
              -118.725102,
              34.071656999999995
            ],
            [
              -118.725097,
              34.071652
            ],
            [
              -118.725097,
              34.071636999999996
            ],
            [
              -118.725092,
              34.071632
            ],
            [
              -118.725092,
              34.071627
            ],
            [
              -118.725087,
              34.071627
            ],
            [
              -118.725082,
              34.071632
            ],
            [
              -118.725072,
              34.071632
            ],
            [
              -118.72506700000001,
              34.071636999999996
            ],
            [
              -118.725057,
              34.071636999999996
            ],
            [
              -118.725052,
              34.071642
            ],
            [
              -118.725047,
              34.071642
            ],
            [
              -118.725042,
              34.071636999999996
            ],
            [
              -118.725042,
              34.071632
            ],
            [
              -118.725037,
              34.071627
            ],
            [
              -118.725037,
              34.071622
            ],
            [
              -118.725032,
              34.071616999999996
            ],
            [
              -118.72502200000001,
              34.071616999999996
            ],
            [
              -118.72501700000001,
              34.071622
            ],
            [
              -118.725002,
              34.071622
            ],
            [
              -118.724997,
              34.071627
            ],
            [
              -118.724992,
              34.071627
            ],
            [
              -118.724992,
              34.071632
            ],
            [
              -118.724997,
              34.071636999999996
            ],
            [
              -118.724997,
              34.071642
            ],
            [
              -118.725002,
              34.071647
            ],
            [
              -118.725002,
              34.071652
            ],
            [
              -118.725007,
              34.071656999999995
            ],
            [
              -118.725002,
              34.071661999999996
            ],
            [
              -118.724997,
              34.071661999999996
            ],
            [
              -118.724992,
              34.071667
            ],
            [
              -118.72497200000001,
              34.071667
            ],
            [
              -118.724967,
              34.071672
            ],
            [
              -118.724947,
              34.071672
            ],
            [
              -118.724942,
              34.071677
            ],
            [
              -118.72493200000001,
              34.071677
            ],
            [
              -118.72493200000001,
              34.071681999999996
            ],
            [
              -118.724937,
              34.071687
            ],
            [
              -118.724937,
              34.071701999999995
            ],
            [
              -118.724942,
              34.071706999999996
            ],
            [
              -118.724942,
              34.071717
            ],
            [
              -118.724947,
              34.071722
            ],
            [
              -118.724947,
              34.071732
            ],
            [
              -118.724952,
              34.071737
            ],
            [
              -118.724952,
              34.071752
            ],
            [
              -118.724957,
              34.071757
            ],
            [
              -118.724957,
              34.071766999999994
            ],
            [
              -118.724962,
              34.071771999999996
            ],
            [
              -118.724962,
              34.071787
            ],
            [
              -118.724967,
              34.071791999999995
            ],
            [
              -118.724967,
              34.071797
            ],
            [
              -118.72497200000001,
              34.071797
            ]
          ]
        ]
      },
      "properties": {
        "building_id": 333,
        "scenario_id": 1,
        "damage_class": "minor-damage",
        "confidence": 0.6153,
        "probabilities": {
          "no-damage": 0.3482,
          "minor-damage": 0.6153,
          "major-damage": 0.0287,
          "destroyed": 0.0078
        },
        "gt_damage_class": "no-damage",
        "source": "AI Prediction (Siamese ResNet18)",
        "is_prediction": true
      }
    },
    {
      "type": "Feature",
      "geometry": {
        "type": "Polygon",
        "coordinates": [
          [
            [
              -118.72461700000001,
              34.071822
            ],
            [
              -118.72462200000001,
              34.071816999999996
            ],
            [
              -118.724637,
              34.071816999999996
            ],
            [
              -118.724642,
              34.071811999999994
            ],
            [
              -118.724652,
              34.071811999999994
            ],
            [
              -118.72465700000001,
              34.071807
            ],
            [
              -118.724672,
              34.071807
            ],
            [
              -118.724677,
              34.071802
            ],
            [
              -118.724682,
              34.071802
            ],
            [
              -118.724682,
              34.071791999999995
            ],
            [
              -118.724677,
              34.071787
            ],
            [
              -118.724677,
              34.071771999999996
            ],
            [
              -118.724672,
              34.071766999999994
            ],
            [
              -118.724672,
              34.071752
            ],
            [
              -118.72466700000001,
              34.071746999999995
            ],
            [
              -118.72466700000001,
              34.071732
            ],
            [
              -118.72466200000001,
              34.071726999999996
            ],
            [
              -118.72466200000001,
              34.071717
            ],
            [
              -118.72465700000001,
              34.071717
            ],
            [
              -118.724652,
              34.071722
            ],
            [
              -118.724637,
              34.071722
            ],
            [
              -118.724632,
              34.071726999999996
            ],
            [
              -118.72462200000001,
              34.071726999999996
            ],
            [
              -118.72461700000001,
              34.071732
            ],
            [
              -118.724602,
              34.071732
            ],
            [
              -118.724597,
              34.071737
            ],
            [
              -118.724587,
              34.071737
            ],
            [
              -118.724582,
              34.071742
            ],
            [
              -118.72457200000001,
              34.071742
            ],
            [
              -118.72456700000001,
              34.071746999999995
            ],
            [
              -118.724552,
              34.071746999999995
            ],
            [
              -118.724547,
              34.071752
            ],
            [
              -118.724542,
              34.071752
            ],
            [
              -118.724542,
              34.071757
            ],
            [
              -118.724547,
              34.071762
            ],
            [
              -118.724547,
              34.071771999999996
            ],
            [
              -118.724552,
              34.071777
            ],
            [
              -118.724552,
              34.071787
            ],
            [
              -118.724557,
              34.071791999999995
            ],
            [
              -118.724557,
              34.071797
            ],
            [
              -118.72456700000001,
              34.071797
            ],
            [
              -118.72457200000001,
              34.071791999999995
            ],
            [
              -118.724592,
              34.071791999999995
            ],
            [
              -118.724597,
              34.071787
            ],
            [
              -118.724602,
              34.071787
            ],
            [
              -118.724607,
              34.071791999999995
            ],
            [
              -118.724607,
              34.071802
            ],
            [
              -118.72461200000001,
              34.071807
            ],
            [
              -118.72461200000001,
              34.071822
            ],
            [
              -118.72461700000001,
              34.071822
            ]
          ]
        ]
      },
      "properties": {
        "building_id": 334,
        "scenario_id": 1,
        "damage_class": "no-damage",
        "confidence": 0.7855,
        "probabilities": {
          "no-damage": 0.7855,
          "minor-damage": 0.048,
          "major-damage": 0.0662,
          "destroyed": 0.1003
        },
        "gt_damage_class": "no-damage",
        "source": "AI Prediction (Siamese ResNet18)",
        "is_prediction": true
      }
    },
    {
      "type": "Feature",
      "geometry": {
        "type": "Polygon",
        "coordinates": [
          [
            [
              -118.722087,
              34.071856999999994
            ],
            [
              -118.722092,
              34.071852
            ],
            [
              -118.722127,
              34.071852
            ],
            [
              -118.722127,
              34.071836999999995
            ],
            [
              -118.722122,
              34.071832
            ],
            [
              -118.722122,
              34.071827
            ],
            [
              -118.722127,
              34.071822
            ],
            [
              -118.722222,
              34.071822
            ],
            [
              -118.722227,
              34.071816999999996
            ],
            [
              -118.722327,
              34.071816999999996
            ],
            [
              -118.72233200000001,
              34.071822
            ],
            [
              -118.72233200000001,
              34.071832
            ],
            [
              -118.722392,
              34.071832
            ],
            [
              -118.722392,
              34.071807
            ],
            [
              -118.722387,
              34.071802
            ],
            [
              -118.722387,
              34.071752
            ],
            [
              -118.72238200000001,
              34.071746999999995
            ],
            [
              -118.72238200000001,
              34.071722
            ],
            [
              -118.72233200000001,
              34.071722
            ],
            [
              -118.722327,
              34.071717
            ],
            [
              -118.722327,
              34.071706999999996
            ],
            [
              -118.722322,
              34.071701999999995
            ],
            [
              -118.722322,
              34.071687
            ],
            [
              -118.722252,
              34.071687
            ],
            [
              -118.72224700000001,
              34.071692
            ],
            [
              -118.72211200000001,
              34.071692
            ],
            [
              -118.72210700000001,
              34.071697
            ],
            [
              -118.722042,
              34.071697
            ],
            [
              -118.722042,
              34.071701999999995
            ],
            [
              -118.722032,
              34.071712
            ],
            [
              -118.721997,
              34.071712
            ],
            [
              -118.721992,
              34.071717
            ],
            [
              -118.721957,
              34.071717
            ],
            [
              -118.721957,
              34.071762
            ],
            [
              -118.721962,
              34.071766999999994
            ],
            [
              -118.721962,
              34.071811999999994
            ],
            [
              -118.722002,
              34.071811999999994
            ],
            [
              -118.722007,
              34.071807
            ],
            [
              -118.722042,
              34.071807
            ],
            [
              -118.722047,
              34.071811999999994
            ],
            [
              -118.722047,
              34.071827
            ],
            [
              -118.722052,
              34.071832
            ],
            [
              -118.722052,
              34.071856999999994
            ],
            [
              -118.722087,
              34.071856999999994
            ]
          ]
        ]
      },
      "properties": {
        "building_id": 335,
        "scenario_id": 1,
        "damage_class": "minor-damage",
        "confidence": 0.3439,
        "probabilities": {
          "no-damage": 0.293,
          "minor-damage": 0.3439,
          "major-damage": 0.3431,
          "destroyed": 0.0199
        },
        "gt_damage_class": "no-damage",
        "source": "AI Prediction (Siamese ResNet18)",
        "is_prediction": true
      }
    },
    {
      "type": "Feature",
      "geometry": {
        "type": "Polygon",
        "coordinates": [
          [
            [
              -118.723297,
              34.071856999999994
            ],
            [
              -118.723297,
              34.071632
            ],
            [
              -118.722997,
              34.071632
            ],
            [
              -118.722992,
              34.071627
            ],
            [
              -118.72269700000001,
              34.071627
            ],
            [
              -118.72269700000001,
              34.071732
            ],
            [
              -118.72269200000001,
              34.071737
            ],
            [
              -118.72269200000001,
              34.071842
            ],
            [
              -118.722792,
              34.071842
            ],
            [
              -118.722797,
              34.071847
            ],
            [
              -118.722992,
              34.071847
            ],
            [
              -118.722997,
              34.071852
            ],
            [
              -118.723192,
              34.071852
            ],
            [
              -118.723197,
              34.071856999999994
            ],
            [
              -118.723297,
              34.071856999999994
            ]
          ]
        ]
      },
      "properties": {
        "building_id": 336,
        "scenario_id": 1,
        "damage_class": "no-damage",
        "confidence": 0.9019,
        "probabilities": {
          "no-damage": 0.9019,
          "minor-damage": 0.0566,
          "major-damage": 0.0153,
          "destroyed": 0.0262
        },
        "gt_damage_class": "no-damage",
        "source": "AI Prediction (Siamese ResNet18)",
        "is_prediction": true
      }
    },
    {
      "type": "Feature",
      "geometry": {
        "type": "Polygon",
        "coordinates": [
          [
            [
              -118.72072700000001,
              34.071897
            ],
            [
              -118.72072700000001,
              34.071847
            ],
            [
              -118.720732,
              34.071842
            ],
            [
              -118.720732,
              34.071791999999995
            ],
            [
              -118.720697,
              34.071791999999995
            ],
            [
              -118.720692,
              34.071787
            ],
            [
              -118.72062700000001,
              34.071787
            ],
            [
              -118.720622,
              34.071782
            ],
            [
              -118.720557,
              34.071782
            ],
            [
              -118.720552,
              34.071777
            ],
            [
              -118.720527,
              34.071777
            ],
            [
              -118.720522,
              34.071771999999996
            ],
            [
              -118.720522,
              34.071746999999995
            ],
            [
              -118.720527,
              34.071742
            ],
            [
              -118.720527,
              34.071681999999996
            ],
            [
              -118.720532,
              34.071677
            ],
            [
              -118.720532,
              34.071616999999996
            ],
            [
              -118.72053700000001,
              34.071611999999995
            ],
            [
              -118.72053700000001,
              34.071582
            ],
            [
              -118.72049700000001,
              34.071582
            ],
            [
              -118.72049200000001,
              34.071577
            ],
            [
              -118.720417,
              34.071577
            ],
            [
              -118.72041200000001,
              34.071571999999996
            ],
            [
              -118.720372,
              34.071571999999996
            ],
            [
              -118.720372,
              34.071652
            ],
            [
              -118.72036700000001,
              34.071656999999995
            ],
            [
              -118.72036700000001,
              34.071726999999996
            ],
            [
              -118.72036200000001,
              34.071732
            ],
            [
              -118.720312,
              34.071732
            ],
            [
              -118.720312,
              34.071757
            ],
            [
              -118.720307,
              34.071762
            ],
            [
              -118.720307,
              34.071807
            ],
            [
              -118.720302,
              34.071811999999994
            ],
            [
              -118.720302,
              34.071832
            ],
            [
              -118.720327,
              34.071832
            ],
            [
              -118.720332,
              34.071836999999995
            ],
            [
              -118.720377,
              34.071836999999995
            ],
            [
              -118.720382,
              34.071842
            ],
            [
              -118.720402,
              34.071842
            ],
            [
              -118.72040700000001,
              34.071847
            ],
            [
              -118.72040700000001,
              34.071872
            ],
            [
              -118.720437,
              34.071872
            ],
            [
              -118.720442,
              34.071877
            ],
            [
              -118.72050200000001,
              34.071877
            ],
            [
              -118.720507,
              34.071881999999995
            ],
            [
              -118.720562,
              34.071881999999995
            ],
            [
              -118.720567,
              34.071887
            ],
            [
              -118.72062700000001,
              34.071887
            ],
            [
              -118.72063200000001,
              34.071892
            ],
            [
              -118.720692,
              34.071892
            ],
            [
              -118.720697,
              34.071897
            ],
            [
              -118.72072700000001,
              34.071897
            ]
          ]
        ]
      },
      "properties": {
        "building_id": 337,
        "scenario_id": 1,
        "damage_class": "no-damage",
        "confidence": 0.808,
        "probabilities": {
          "no-damage": 0.808,
          "minor-damage": 0.1529,
          "major-damage": 0.0238,
          "destroyed": 0.0152
        },
        "gt_damage_class": "no-damage",
        "source": "AI Prediction (Siamese ResNet18)",
        "is_prediction": true
      }
    },
    {
      "type": "Feature",
      "geometry": {
        "type": "Polygon",
        "coordinates": [
          [
            [
              -118.72094700000001,
              34.071901999999994
            ],
            [
              -118.72094700000001,
              34.071897
            ],
            [
              -118.720952,
              34.071892
            ],
            [
              -118.720952,
              34.071887
            ],
            [
              -118.720957,
              34.071881999999995
            ],
            [
              -118.720962,
              34.071881999999995
            ],
            [
              -118.720967,
              34.071887
            ],
            [
              -118.720982,
              34.071887
            ],
            [
              -118.720982,
              34.071822
            ],
            [
              -118.720802,
              34.071822
            ],
            [
              -118.720802,
              34.071897
            ],
            [
              -118.720872,
              34.071897
            ],
            [
              -118.720877,
              34.071901999999994
            ],
            [
              -118.72094700000001,
              34.071901999999994
            ]
          ]
        ]
      },
      "properties": {
        "building_id": 338,
        "scenario_id": 1,
        "damage_class": "minor-damage",
        "confidence": 0.6417,
        "probabilities": {
          "no-damage": 0.2788,
          "minor-damage": 0.6417,
          "major-damage": 0.029,
          "destroyed": 0.0504
        },
        "gt_damage_class": "no-damage",
        "source": "AI Prediction (Siamese ResNet18)",
        "is_prediction": true
      }
    },
    {
      "type": "Feature",
      "geometry": {
        "type": "Polygon",
        "coordinates": [
          [
            [
              -118.721202,
              34.071917
            ],
            [
              -118.721207,
              34.071912
            ],
            [
              -118.721277,
              34.071912
            ],
            [
              -118.721282,
              34.071906999999996
            ],
            [
              -118.721317,
              34.071906999999996
            ],
            [
              -118.721317,
              34.071892
            ],
            [
              -118.721322,
              34.071887
            ],
            [
              -118.721322,
              34.071867
            ],
            [
              -118.721287,
              34.071867
            ],
            [
              -118.721282,
              34.071872
            ],
            [
              -118.72121200000001,
              34.071872
            ],
            [
              -118.721207,
              34.071877
            ],
            [
              -118.72117200000001,
              34.071877
            ],
            [
              -118.72117200000001,
              34.071897
            ],
            [
              -118.72116700000001,
              34.071901999999994
            ],
            [
              -118.72116700000001,
              34.071917
            ],
            [
              -118.721202,
              34.071917
            ]
          ]
        ]
      },
      "properties": {
        "building_id": 339,
        "scenario_id": 1,
        "damage_class": "no-damage",
        "confidence": 0.7739,
        "probabilities": {
          "no-damage": 0.7739,
          "minor-damage": 0.1451,
          "major-damage": 0.0379,
          "destroyed": 0.0431
        },
        "gt_damage_class": "no-damage",
        "source": "AI Prediction (Siamese ResNet18)",
        "is_prediction": true
      }
    },
    {
      "type": "Feature",
      "geometry": {
        "type": "Polygon",
        "coordinates": [
          [
            [
              -118.721562,
              34.071917
            ],
            [
              -118.721562,
              34.071827
            ],
            [
              -118.72147700000001,
              34.071827
            ],
            [
              -118.72147700000001,
              34.071906999999996
            ],
            [
              -118.72152200000001,
              34.071906999999996
            ],
            [
              -118.72152700000001,
              34.071912
            ],
            [
              -118.72152700000001,
              34.071917
            ],
            [
              -118.721562,
              34.071917
            ]
          ]
        ]
      },
      "properties": {
        "building_id": 340,
        "scenario_id": 1,
        "damage_class": "destroyed",
        "confidence": 0.3283,
        "probabilities": {
          "no-damage": 0.263,
          "minor-damage": 0.1884,
          "major-damage": 0.2203,
          "destroyed": 0.3283
        },
        "gt_damage_class": "no-damage",
        "source": "AI Prediction (Siamese ResNet18)",
        "is_prediction": true
      }
    },
    {
      "type": "Feature",
      "geometry": {
        "type": "Polygon",
        "coordinates": [
          [
            [
              -118.72165700000001,
              34.071932
            ],
            [
              -118.72166200000001,
              34.071926999999995
            ],
            [
              -118.721727,
              34.071926999999995
            ],
            [
              -118.721727,
              34.071877
            ],
            [
              -118.72165700000001,
              34.071877
            ],
            [
              -118.721652,
              34.071872
            ],
            [
              -118.721587,
              34.071872
            ],
            [
              -118.721587,
              34.071897
            ],
            [
              -118.721592,
              34.071901999999994
            ],
            [
              -118.721592,
              34.071932
            ],
            [
              -118.72165700000001,
              34.071932
            ]
          ]
        ]
      },
      "properties": {
        "building_id": 341,
        "scenario_id": 1,
        "damage_class": "no-damage",
        "confidence": 0.9122,
        "probabilities": {
          "no-damage": 0.9122,
          "minor-damage": 0.044,
          "major-damage": 0.0288,
          "destroyed": 0.0151
        },
        "gt_damage_class": "no-damage",
        "source": "AI Prediction (Siamese ResNet18)",
        "is_prediction": true
      }
    },
    {
      "type": "Feature",
      "geometry": {
        "type": "Polygon",
        "coordinates": [
          [
            [
              -118.723032,
              34.071971999999995
            ],
            [
              -118.723037,
              34.071967
            ],
            [
              -118.723117,
              34.071967
            ],
            [
              -118.723117,
              34.071861999999996
            ],
            [
              -118.722877,
              34.071861999999996
            ],
            [
              -118.72287200000001,
              34.071867
            ],
            [
              -118.722637,
              34.071867
            ],
            [
              -118.722637,
              34.071912
            ],
            [
              -118.722792,
              34.071912
            ],
            [
              -118.722797,
              34.071917
            ],
            [
              -118.722947,
              34.071917
            ],
            [
              -118.722952,
              34.071922
            ],
            [
              -118.722952,
              34.071971999999995
            ],
            [
              -118.723032,
              34.071971999999995
            ]
          ]
        ]
      },
      "properties": {
        "building_id": 342,
        "scenario_id": 1,
        "damage_class": "major-damage",
        "confidence": 0.7499,
        "probabilities": {
          "no-damage": 0.0754,
          "minor-damage": 0.1444,
          "major-damage": 0.7499,
          "destroyed": 0.0304
        },
        "gt_damage_class": "no-damage",
        "source": "AI Prediction (Siamese ResNet18)",
        "is_prediction": true
      }
    },
    {
      "type": "Feature",
      "geometry": {
        "type": "Polygon",
        "coordinates": [
          [
            [
              -118.72367200000001,
              34.071977
            ],
            [
              -118.72367200000001,
              34.071917
            ],
            [
              -118.72367700000001,
              34.071912
            ],
            [
              -118.72367700000001,
              34.071852
            ],
            [
              -118.72349200000001,
              34.071852
            ],
            [
              -118.72349200000001,
              34.071967
            ],
            [
              -118.723532,
              34.071967
            ],
            [
              -118.72353700000001,
              34.071971999999995
            ],
            [
              -118.723622,
              34.071971999999995
            ],
            [
              -118.72362700000001,
              34.071977
            ],
            [
              -118.72367200000001,
              34.071977
            ]
          ]
        ]
      },
      "properties": {
        "building_id": 343,
        "scenario_id": 1,
        "damage_class": "no-damage",
        "confidence": 0.5069,
        "probabilities": {
          "no-damage": 0.5069,
          "minor-damage": 0.3706,
          "major-damage": 0.0919,
          "destroyed": 0.0307
        },
        "gt_damage_class": "no-damage",
        "source": "AI Prediction (Siamese ResNet18)",
        "is_prediction": true
      }
    },
    {
      "type": "Feature",
      "geometry": {
        "type": "Polygon",
        "coordinates": [
          [
            [
              -118.723177,
              34.072007
            ],
            [
              -118.723177,
              34.072002
            ],
            [
              -118.72318200000001,
              34.071996999999996
            ],
            [
              -118.72318200000001,
              34.071982
            ],
            [
              -118.72318700000001,
              34.071977
            ],
            [
              -118.72318700000001,
              34.071946999999994
            ],
            [
              -118.72318200000001,
              34.071942
            ],
            [
              -118.72318200000001,
              34.071922
            ],
            [
              -118.723157,
              34.071922
            ],
            [
              -118.723152,
              34.071926999999995
            ],
            [
              -118.723132,
              34.071926999999995
            ],
            [
              -118.723132,
              34.071946999999994
            ],
            [
              -118.723127,
              34.071951999999996
            ],
            [
              -118.723127,
              34.071987
            ],
            [
              -118.723122,
              34.071991999999995
            ],
            [
              -118.723122,
              34.072007
            ],
            [
              -118.723177,
              34.072007
            ]
          ]
        ]
      },
      "properties": {
        "building_id": 344,
        "scenario_id": 1,
        "damage_class": "destroyed",
        "confidence": 0.9005,
        "probabilities": {
          "no-damage": 0.0176,
          "minor-damage": 0.023,
          "major-damage": 0.0588,
          "destroyed": 0.9005
        },
        "gt_damage_class": "no-damage",
        "source": "AI Prediction (Siamese ResNet18)",
        "is_prediction": true
      }
    },
    {
      "type": "Feature",
      "geometry": {
        "type": "Polygon",
        "coordinates": [
          [
            [
              -118.724922,
              34.072072
            ],
            [
              -118.72492700000001,
              34.072067
            ],
            [
              -118.724942,
              34.072067
            ],
            [
              -118.724947,
              34.072061999999995
            ],
            [
              -118.724962,
              34.072061999999995
            ],
            [
              -118.724967,
              34.072057
            ],
            [
              -118.72497700000001,
              34.072057
            ],
            [
              -118.72497700000001,
              34.072052
            ],
            [
              -118.72497200000001,
              34.072047
            ],
            [
              -118.72497200000001,
              34.072036999999995
            ],
            [
              -118.724967,
              34.072032
            ],
            [
              -118.724967,
              34.072016999999995
            ],
            [
              -118.724962,
              34.072012
            ],
            [
              -118.724962,
              34.072002
            ],
            [
              -118.724957,
              34.071996999999996
            ],
            [
              -118.724957,
              34.071991999999995
            ],
            [
              -118.724952,
              34.071991999999995
            ],
            [
              -118.724947,
              34.071996999999996
            ],
            [
              -118.72493200000001,
              34.071996999999996
            ],
            [
              -118.72492700000001,
              34.072002
            ],
            [
              -118.724912,
              34.072002
            ],
            [
              -118.724907,
              34.072007
            ],
            [
              -118.724902,
              34.072007
            ],
            [
              -118.724902,
              34.072016999999995
            ],
            [
              -118.724907,
              34.072022
            ],
            [
              -118.724907,
              34.072036999999995
            ],
            [
              -118.724912,
              34.072041999999996
            ],
            [
              -118.724912,
              34.072057
            ],
            [
              -118.724917,
              34.072061999999995
            ],
            [
              -118.724917,
              34.072072
            ],
            [
              -118.724922,
              34.072072
            ]
          ]
        ]
      },
      "properties": {
        "building_id": 345,
        "scenario_id": 1,
        "damage_class": "major-damage",
        "confidence": 0.6286,
        "probabilities": {
          "no-damage": 0.0638,
          "minor-damage": 0.1343,
          "major-damage": 0.6286,
          "destroyed": 0.1733
        },
        "gt_damage_class": "no-damage",
        "source": "AI Prediction (Siamese ResNet18)",
        "is_prediction": true
      }
    },
    {
      "type": "Feature",
      "geometry": {
        "type": "Polygon",
        "coordinates": [
          [
            [
              -118.722992,
              34.072097
            ],
            [
              -118.722997,
              34.072092
            ],
            [
              -118.723032,
              34.072092
            ],
            [
              -118.723037,
              34.072086999999996
            ],
            [
              -118.723057,
              34.072086999999996
            ],
            [
              -118.723057,
              34.071987
            ],
            [
              -118.723012,
              34.071987
            ],
            [
              -118.72300700000001,
              34.071982
            ],
            [
              -118.722967,
              34.071982
            ],
            [
              -118.722967,
              34.072036999999995
            ],
            [
              -118.722972,
              34.072041999999996
            ],
            [
              -118.722972,
              34.072097
            ],
            [
              -118.722992,
              34.072097
            ]
          ]
        ]
      },
      "properties": {
        "building_id": 346,
        "scenario_id": 1,
        "damage_class": "minor-damage",
        "confidence": 0.4265,
        "probabilities": {
          "no-damage": 0.2419,
          "minor-damage": 0.4265,
          "major-damage": 0.2915,
          "destroyed": 0.0402
        },
        "gt_damage_class": "no-damage",
        "source": "AI Prediction (Siamese ResNet18)",
        "is_prediction": true
      }
    },
    {
      "type": "Feature",
      "geometry": {
        "type": "Polygon",
        "coordinates": [
          [
            [
              -118.724822,
              34.072112
            ],
            [
              -118.724827,
              34.072106999999995
            ],
            [
              -118.724832,
              34.072106999999995
            ],
            [
              -118.72483700000001,
              34.072102
            ],
            [
              -118.72484200000001,
              34.072102
            ],
            [
              -118.724847,
              34.072097
            ],
            [
              -118.724857,
              34.072097
            ],
            [
              -118.724862,
              34.072092
            ],
            [
              -118.724867,
              34.072092
            ],
            [
              -118.724872,
              34.072086999999996
            ],
            [
              -118.724877,
              34.072086999999996
            ],
            [
              -118.72488200000001,
              34.072081999999995
            ],
            [
              -118.72488700000001,
              34.072081999999995
            ],
            [
              -118.72488700000001,
              34.072077
            ],
            [
              -118.72488200000001,
              34.072072
            ],
            [
              -118.72488200000001,
              34.072057
            ],
            [
              -118.724877,
              34.072052
            ],
            [
              -118.724877,
              34.072036999999995
            ],
            [
              -118.724872,
              34.072032
            ],
            [
              -118.724872,
              34.072022
            ],
            [
              -118.724867,
              34.072016999999995
            ],
            [
              -118.724867,
              34.072002
            ],
            [
              -118.724862,
              34.071996999999996
            ],
            [
              -118.724862,
              34.071982
            ],
            [
              -118.724857,
              34.071977
            ],
            [
              -118.724857,
              34.071971999999995
            ],
            [
              -118.724847,
              34.071971999999995
            ],
            [
              -118.72484200000001,
              34.071977
            ],
            [
              -118.724827,
              34.071977
            ],
            [
              -118.724822,
              34.071982
            ],
            [
              -118.724807,
              34.071982
            ],
            [
              -118.724802,
              34.071987
            ],
            [
              -118.724787,
              34.071987
            ],
            [
              -118.724782,
              34.071991999999995
            ],
            [
              -118.724767,
              34.071991999999995
            ],
            [
              -118.724762,
              34.071996999999996
            ],
            [
              -118.72475700000001,
              34.071996999999996
            ],
            [
              -118.72475700000001,
              34.072002
            ],
            [
              -118.724762,
              34.072007
            ],
            [
              -118.724762,
              34.072022
            ],
            [
              -118.724767,
              34.072027
            ],
            [
              -118.724767,
              34.072036999999995
            ],
            [
              -118.724772,
              34.072041999999996
            ],
            [
              -118.724772,
              34.072057
            ],
            [
              -118.724777,
              34.072061999999995
            ],
            [
              -118.724777,
              34.072072
            ],
            [
              -118.724782,
              34.072077
            ],
            [
              -118.724782,
              34.072092
            ],
            [
              -118.724787,
              34.072097
            ],
            [
              -118.724787,
              34.072102
            ],
            [
              -118.72479700000001,
              34.072102
            ],
            [
              -118.724802,
              34.072097
            ],
            [
              -118.724807,
              34.072097
            ],
            [
              -118.724817,
              34.072106999999995
            ],
            [
              -118.724817,
              34.072112
            ],
            [
              -118.724822,
              34.072112
            ]
          ]
        ]
      },
      "properties": {
        "building_id": 347,
        "scenario_id": 1,
        "damage_class": "destroyed",
        "confidence": 0.656,
        "probabilities": {
          "no-damage": 0.0292,
          "minor-damage": 0.082,
          "major-damage": 0.2327,
          "destroyed": 0.656
        },
        "gt_damage_class": "no-damage",
        "source": "AI Prediction (Siamese ResNet18)",
        "is_prediction": true
      }
    },
    {
      "type": "Feature",
      "geometry": {
        "type": "Polygon",
        "coordinates": [
          [
            [
              -118.720292,
              34.072176999999996
            ],
            [
              -118.720297,
              34.072171999999995
            ],
            [
              -118.720297,
              34.072167
            ],
            [
              -118.720302,
              34.072162
            ],
            [
              -118.720307,
              34.072162
            ],
            [
              -118.720312,
              34.072167
            ],
            [
              -118.72032200000001,
              34.072167
            ],
            [
              -118.720327,
              34.072171999999995
            ],
            [
              -118.720332,
              34.072171999999995
            ],
            [
              -118.720332,
              34.072167
            ],
            [
              -118.720337,
              34.072162
            ],
            [
              -118.720337,
              34.072151999999996
            ],
            [
              -118.720342,
              34.072147
            ],
            [
              -118.720342,
              34.072142
            ],
            [
              -118.720347,
              34.072137
            ],
            [
              -118.720347,
              34.072126999999995
            ],
            [
              -118.720352,
              34.072122
            ],
            [
              -118.720352,
              34.072112
            ],
            [
              -118.720357,
              34.072106999999995
            ],
            [
              -118.720357,
              34.072102
            ],
            [
              -118.72036200000001,
              34.072097
            ],
            [
              -118.72036200000001,
              34.072086999999996
            ],
            [
              -118.72036700000001,
              34.072081999999995
            ],
            [
              -118.72036700000001,
              34.072072
            ],
            [
              -118.720372,
              34.072067
            ],
            [
              -118.720372,
              34.072057
            ],
            [
              -118.720377,
              34.072052
            ],
            [
              -118.720377,
              34.072047
            ],
            [
              -118.720382,
              34.072041999999996
            ],
            [
              -118.720382,
              34.072032
            ],
            [
              -118.720387,
              34.072027
            ],
            [
              -118.720387,
              34.072016999999995
            ],
            [
              -118.720392,
              34.072012
            ],
            [
              -118.720392,
              34.072007
            ],
            [
              -118.720397,
              34.072002
            ],
            [
              -118.720397,
              34.071991999999995
            ],
            [
              -118.720402,
              34.071987
            ],
            [
              -118.720402,
              34.071982
            ],
            [
              -118.720397,
              34.071982
            ],
            [
              -118.720392,
              34.071977
            ],
            [
              -118.720382,
              34.071977
            ],
            [
              -118.720377,
              34.071971999999995
            ],
            [
              -118.720372,
              34.071971999999995
            ],
            [
              -118.72036700000001,
              34.071967
            ],
            [
              -118.720357,
              34.071967
            ],
            [
              -118.720352,
              34.071962
            ],
            [
              -118.720342,
              34.071962
            ],
            [
              -118.720337,
              34.071957
            ],
            [
              -118.720327,
              34.071957
            ],
            [
              -118.72032200000001,
              34.071951999999996
            ],
            [
              -118.720312,
              34.071951999999996
            ],
            [
              -118.720307,
              34.071946999999994
            ],
            [
              -118.720302,
              34.071946999999994
            ],
            [
              -118.720297,
              34.071942
            ],
            [
              -118.720287,
              34.071942
            ],
            [
              -118.720282,
              34.071937
            ],
            [
              -118.72027700000001,
              34.071937
            ],
            [
              -118.72027700000001,
              34.071942
            ],
            [
              -118.72027200000001,
              34.071946999999994
            ],
            [
              -118.72027200000001,
              34.071957
            ],
            [
              -118.720267,
              34.071962
            ],
            [
              -118.720267,
              34.071971999999995
            ],
            [
              -118.720262,
              34.071977
            ],
            [
              -118.720262,
              34.071987
            ],
            [
              -118.720257,
              34.071991999999995
            ],
            [
              -118.720257,
              34.072002
            ],
            [
              -118.720252,
              34.072007
            ],
            [
              -118.720252,
              34.072012
            ],
            [
              -118.720247,
              34.072016999999995
            ],
            [
              -118.720247,
              34.072027
            ],
            [
              -118.720242,
              34.072032
            ],
            [
              -118.720242,
              34.072041999999996
            ],
            [
              -118.720237,
              34.072047
            ],
            [
              -118.720237,
              34.072057
            ],
            [
              -118.72023200000001,
              34.072061999999995
            ],
            [
              -118.72023200000001,
              34.072072
            ],
            [
              -118.720222,
              34.072081999999995
            ],
            [
              -118.720217,
              34.072077
            ],
            [
              -118.720202,
              34.072077
            ],
            [
              -118.720197,
              34.072072
            ],
            [
              -118.720192,
              34.072072
            ],
            [
              -118.720192,
              34.072081999999995
            ],
            [
              -118.72018700000001,
              34.072086999999996
            ],
            [
              -118.72018700000001,
              34.072102
            ],
            [
              -118.72018200000001,
              34.072106999999995
            ],
            [
              -118.72018200000001,
              34.072122
            ],
            [
              -118.720177,
              34.072126999999995
            ],
            [
              -118.720177,
              34.072137
            ],
            [
              -118.72018200000001,
              34.072137
            ],
            [
              -118.72018700000001,
              34.072142
            ],
            [
              -118.720197,
              34.072142
            ],
            [
              -118.720202,
              34.072147
            ],
            [
              -118.720212,
              34.072147
            ],
            [
              -118.720217,
              34.072151999999996
            ],
            [
              -118.72022700000001,
              34.072151999999996
            ],
            [
              -118.72023200000001,
              34.072157
            ],
            [
              -118.720237,
              34.072157
            ],
            [
              -118.720242,
              34.072162
            ],
            [
              -118.720252,
              34.072162
            ],
            [
              -118.720257,
              34.072167
            ],
            [
              -118.720267,
              34.072167
            ],
            [
              -118.72027200000001,
              34.072171999999995
            ],
            [
              -118.720282,
              34.072171999999995
            ],
            [
              -118.720287,
              34.072176999999996
            ],
            [
              -118.720292,
              34.072176999999996
            ]
          ]
        ]
      },
      "properties": {
        "building_id": 348,
        "scenario_id": 1,
        "damage_class": "minor-damage",
        "confidence": 0.5262,
        "probabilities": {
          "no-damage": 0.1624,
          "minor-damage": 0.5262,
          "major-damage": 0.1994,
          "destroyed": 0.1121
        },
        "gt_damage_class": "no-damage",
        "source": "AI Prediction (Siamese ResNet18)",
        "is_prediction": true
      }
    },
    {
      "type": "Feature",
      "geometry": {
        "type": "Polygon",
        "coordinates": [
          [
            [
              -118.724412,
              34.072202
            ],
            [
              -118.724417,
              34.072196999999996
            ],
            [
              -118.72443200000001,
              34.072196999999996
            ],
            [
              -118.72443700000001,
              34.072192
            ],
            [
              -118.724452,
              34.072192
            ],
            [
              -118.724457,
              34.072187
            ],
            [
              -118.724472,
              34.072187
            ],
            [
              -118.72447700000001,
              34.072182
            ],
            [
              -118.72448700000001,
              34.072182
            ],
            [
              -118.72448700000001,
              34.072171999999995
            ],
            [
              -118.72448200000001,
              34.072167
            ],
            [
              -118.72448200000001,
              34.072162
            ],
            [
              -118.724492,
              34.072151999999996
            ],
            [
              -118.724507,
              34.072151999999996
            ],
            [
              -118.724512,
              34.072147
            ],
            [
              -118.72452700000001,
              34.072147
            ],
            [
              -118.72453200000001,
              34.072142
            ],
            [
              -118.724547,
              34.072142
            ],
            [
              -118.724552,
              34.072137
            ],
            [
              -118.724557,
              34.072137
            ],
            [
              -118.724557,
              34.072131999999996
            ],
            [
              -118.724552,
              34.072126999999995
            ],
            [
              -118.724552,
              34.072112
            ],
            [
              -118.724547,
              34.072106999999995
            ],
            [
              -118.724547,
              34.072097
            ],
            [
              -118.724542,
              34.072092
            ],
            [
              -118.724542,
              34.072077
            ],
            [
              -118.724537,
              34.072072
            ],
            [
              -118.724537,
              34.072057
            ],
            [
              -118.72453200000001,
              34.072052
            ],
            [
              -118.72453200000001,
              34.072041999999996
            ],
            [
              -118.72452700000001,
              34.072036999999995
            ],
            [
              -118.72452700000001,
              34.072022
            ],
            [
              -118.72452200000001,
              34.072016999999995
            ],
            [
              -118.72452200000001,
              34.072007
            ],
            [
              -118.724517,
              34.072002
            ],
            [
              -118.724517,
              34.071987
            ],
            [
              -118.724512,
              34.071982
            ],
            [
              -118.724512,
              34.071977
            ],
            [
              -118.724507,
              34.071977
            ],
            [
              -118.724502,
              34.071982
            ],
            [
              -118.72448700000001,
              34.071982
            ],
            [
              -118.72448200000001,
              34.071987
            ],
            [
              -118.724472,
              34.071987
            ],
            [
              -118.724467,
              34.071991999999995
            ],
            [
              -118.724452,
              34.071991999999995
            ],
            [
              -118.724447,
              34.071996999999996
            ],
            [
              -118.72443200000001,
              34.071996999999996
            ],
            [
              -118.724427,
              34.072002
            ],
            [
              -118.724417,
              34.072002
            ],
            [
              -118.724412,
              34.072007
            ],
            [
              -118.72439700000001,
              34.072007
            ],
            [
              -118.72439200000001,
              34.072012
            ],
            [
              -118.724382,
              34.072012
            ],
            [
              -118.724377,
              34.072016999999995
            ],
            [
              -118.724362,
              34.072016999999995
            ],
            [
              -118.724357,
              34.072022
            ],
            [
              -118.72435200000001,
              34.072022
            ],
            [
              -118.72435200000001,
              34.072027
            ],
            [
              -118.724357,
              34.072032
            ],
            [
              -118.724357,
              34.072047
            ],
            [
              -118.724362,
              34.072052
            ],
            [
              -118.724362,
              34.072061999999995
            ],
            [
              -118.724367,
              34.072067
            ],
            [
              -118.724367,
              34.072081999999995
            ],
            [
              -118.724372,
              34.072086999999996
            ],
            [
              -118.724372,
              34.072102
            ],
            [
              -118.724377,
              34.072106999999995
            ],
            [
              -118.724377,
              34.072117
            ],
            [
              -118.724382,
              34.072122
            ],
            [
              -118.724382,
              34.072137
            ],
            [
              -118.72438700000001,
              34.072142
            ],
            [
              -118.72438700000001,
              34.072151999999996
            ],
            [
              -118.72439200000001,
              34.072157
            ],
            [
              -118.72439200000001,
              34.072171999999995
            ],
            [
              -118.72439700000001,
              34.072176999999996
            ],
            [
              -118.72439700000001,
              34.072192
            ],
            [
              -118.724402,
              34.072196999999996
            ],
            [
              -118.724402,
              34.072202
            ],
            [
              -118.724412,
              34.072202
            ]
          ]
        ]
      },
      "properties": {
        "building_id": 349,
        "scenario_id": 1,
        "damage_class": "minor-damage",
        "confidence": 0.7046,
        "probabilities": {
          "no-damage": 0.0884,
          "minor-damage": 0.7046,
          "major-damage": 0.1965,
          "destroyed": 0.0105
        },
        "gt_damage_class": "no-damage",
        "source": "AI Prediction (Siamese ResNet18)",
        "is_prediction": true
      }
    },
    {
      "type": "Feature",
      "geometry": {
        "type": "Polygon",
        "coordinates": [
          [
            [
              -118.721137,
              34.072222
            ],
            [
              -118.721142,
              34.072216999999995
            ],
            [
              -118.721177,
              34.072216999999995
            ],
            [
              -118.721177,
              34.072187
            ],
            [
              -118.72117200000001,
              34.072182
            ],
            [
              -118.72117200000001,
              34.072157
            ],
            [
              -118.721137,
              34.072157
            ],
            [
              -118.721132,
              34.072162
            ],
            [
              -118.721102,
              34.072162
            ],
            [
              -118.721102,
              34.072187
            ],
            [
              -118.721107,
              34.072192
            ],
            [
              -118.721107,
              34.072222
            ],
            [
              -118.721137,
              34.072222
            ]
          ]
        ]
      },
      "properties": {
        "building_id": 350,
        "scenario_id": 1,
        "damage_class": "no-damage",
        "confidence": 0.8483,
        "probabilities": {
          "no-damage": 0.8483,
          "minor-damage": 0.0692,
          "major-damage": 0.0574,
          "destroyed": 0.0251
        },
        "gt_damage_class": "no-damage",
        "source": "AI Prediction (Siamese ResNet18)",
        "is_prediction": true
      }
    },
    {
      "type": "Feature",
      "geometry": {
        "type": "Polygon",
        "coordinates": [
          [
            [
              -118.722832,
              34.072267
            ],
            [
              -118.722832,
              34.072192
            ],
            [
              -118.72282700000001,
              34.072192
            ],
            [
              -118.72282200000001,
              34.072187
            ],
            [
              -118.722817,
              34.072187
            ],
            [
              -118.722812,
              34.072182
            ],
            [
              -118.722807,
              34.072182
            ],
            [
              -118.722802,
              34.072187
            ],
            [
              -118.722792,
              34.072187
            ],
            [
              -118.72278700000001,
              34.072192
            ],
            [
              -118.72277700000001,
              34.072192
            ],
            [
              -118.722772,
              34.072196999999996
            ],
            [
              -118.722767,
              34.072196999999996
            ],
            [
              -118.722767,
              34.072227
            ],
            [
              -118.722772,
              34.072232
            ],
            [
              -118.722772,
              34.072267
            ],
            [
              -118.722832,
              34.072267
            ]
          ]
        ]
      },
      "properties": {
        "building_id": 351,
        "scenario_id": 1,
        "damage_class": "no-damage",
        "confidence": 0.4491,
        "probabilities": {
          "no-damage": 0.4491,
          "minor-damage": 0.1786,
          "major-damage": 0.1106,
          "destroyed": 0.2617
        },
        "gt_damage_class": "no-damage",
        "source": "AI Prediction (Siamese ResNet18)",
        "is_prediction": true
      }
    },
    {
      "type": "Feature",
      "geometry": {
        "type": "Polygon",
        "coordinates": [
          [
            [
              -118.721857,
              34.072277
            ],
            [
              -118.721857,
              34.072257
            ],
            [
              -118.721862,
              34.072252
            ],
            [
              -118.721862,
              34.072207
            ],
            [
              -118.721867,
              34.072202
            ],
            [
              -118.721867,
              34.072157
            ],
            [
              -118.721872,
              34.072151999999996
            ],
            [
              -118.721872,
              34.072137
            ],
            [
              -118.721877,
              34.072131999999996
            ],
            [
              -118.72188200000001,
              34.072137
            ],
            [
              -118.721897,
              34.072137
            ],
            [
              -118.721902,
              34.072142
            ],
            [
              -118.721912,
              34.072142
            ],
            [
              -118.721912,
              34.072092
            ],
            [
              -118.721917,
              34.072086999999996
            ],
            [
              -118.721917,
              34.072036999999995
            ],
            [
              -118.721907,
              34.072036999999995
            ],
            [
              -118.721902,
              34.072032
            ],
            [
              -118.721902,
              34.072016999999995
            ],
            [
              -118.721907,
              34.072012
            ],
            [
              -118.721907,
              34.071987
            ],
            [
              -118.721872,
              34.071987
            ],
            [
              -118.721867,
              34.071982
            ],
            [
              -118.72179200000001,
              34.071982
            ],
            [
              -118.721787,
              34.071977
            ],
            [
              -118.72175200000001,
              34.071977
            ],
            [
              -118.72175200000001,
              34.072027
            ],
            [
              -118.72174700000001,
              34.072032
            ],
            [
              -118.72170200000001,
              34.072032
            ],
            [
              -118.72170200000001,
              34.072072
            ],
            [
              -118.721697,
              34.072077
            ],
            [
              -118.721697,
              34.072112
            ],
            [
              -118.721727,
              34.072112
            ],
            [
              -118.721732,
              34.072117
            ],
            [
              -118.721732,
              34.072192
            ],
            [
              -118.721727,
              34.072196999999996
            ],
            [
              -118.721727,
              34.072272
            ],
            [
              -118.721787,
              34.072272
            ],
            [
              -118.72179200000001,
              34.072277
            ],
            [
              -118.721857,
              34.072277
            ]
          ]
        ]
      },
      "properties": {
        "building_id": 352,
        "scenario_id": 1,
        "damage_class": "no-damage",
        "confidence": 0.7807,
        "probabilities": {
          "no-damage": 0.7807,
          "minor-damage": 0.2065,
          "major-damage": 0.0095,
          "destroyed": 0.0032
        },
        "gt_damage_class": "no-damage",
        "source": "AI Prediction (Siamese ResNet18)",
        "is_prediction": true
      }
    },
    {
      "type": "Feature",
      "geometry": {
        "type": "Polygon",
        "coordinates": [
          [
            [
              -118.720172,
              34.072281999999994
            ],
            [
              -118.720172,
              34.072277
            ],
            [
              -118.720177,
              34.072272
            ],
            [
              -118.720177,
              34.072261999999995
            ],
            [
              -118.72018200000001,
              34.072257
            ],
            [
              -118.72018200000001,
              34.072252
            ],
            [
              -118.72018700000001,
              34.072247
            ],
            [
              -118.72018700000001,
              34.072236999999994
            ],
            [
              -118.720192,
              34.072232
            ],
            [
              -118.720192,
              34.072222
            ],
            [
              -118.720197,
              34.072216999999995
            ],
            [
              -118.720197,
              34.072207
            ],
            [
              -118.720202,
              34.072202
            ],
            [
              -118.720202,
              34.072196999999996
            ],
            [
              -118.720207,
              34.072192
            ],
            [
              -118.720207,
              34.072182
            ],
            [
              -118.720212,
              34.072176999999996
            ],
            [
              -118.720212,
              34.072171999999995
            ],
            [
              -118.720207,
              34.072171999999995
            ],
            [
              -118.720202,
              34.072167
            ],
            [
              -118.720192,
              34.072167
            ],
            [
              -118.72018700000001,
              34.072162
            ],
            [
              -118.72018200000001,
              34.072162
            ],
            [
              -118.720177,
              34.072157
            ],
            [
              -118.720167,
              34.072157
            ],
            [
              -118.720162,
              34.072151999999996
            ],
            [
              -118.720157,
              34.072151999999996
            ],
            [
              -118.720157,
              34.072272
            ],
            [
              -118.720162,
              34.072277
            ],
            [
              -118.720167,
              34.072277
            ],
            [
              -118.720172,
              34.072281999999994
            ]
          ]
        ]
      },
      "properties": {
        "building_id": 353,
        "scenario_id": 1,
        "damage_class": "major-damage",
        "confidence": 0.4456,
        "probabilities": {
          "no-damage": 0.2538,
          "minor-damage": 0.2638,
          "major-damage": 0.4456,
          "destroyed": 0.0368
        },
        "gt_damage_class": "no-damage",
        "source": "AI Prediction (Siamese ResNet18)",
        "is_prediction": true
      }
    },
    {
      "type": "Feature",
      "geometry": {
        "type": "Polygon",
        "coordinates": [
          [
            [
              -118.721332,
              34.072281999999994
            ],
            [
              -118.721332,
              34.072241999999996
            ],
            [
              -118.721337,
              34.072236999999994
            ],
            [
              -118.721337,
              34.072151999999996
            ],
            [
              -118.721342,
              34.072147
            ],
            [
              -118.721342,
              34.072106999999995
            ],
            [
              -118.721282,
              34.072106999999995
            ],
            [
              -118.721282,
              34.072147
            ],
            [
              -118.721277,
              34.072151999999996
            ],
            [
              -118.721277,
              34.072236999999994
            ],
            [
              -118.721272,
              34.072241999999996
            ],
            [
              -118.721272,
              34.072281999999994
            ],
            [
              -118.721332,
              34.072281999999994
            ]
          ]
        ]
      },
      "properties": {
        "building_id": 354,
        "scenario_id": 1,
        "damage_class": "major-damage",
        "confidence": 0.3317,
        "probabilities": {
          "no-damage": 0.3188,
          "minor-damage": 0.2462,
          "major-damage": 0.3317,
          "destroyed": 0.1033
        },
        "gt_damage_class": "no-damage",
        "source": "AI Prediction (Siamese ResNet18)",
        "is_prediction": true
      }
    },
    {
      "type": "Feature",
      "geometry": {
        "type": "Polygon",
        "coordinates": [
          [
            [
              -118.723642,
              34.072317
            ],
            [
              -118.723647,
              34.072312
            ],
            [
              -118.723702,
              34.072312
            ],
            [
              -118.723707,
              34.072306999999995
            ],
            [
              -118.72376200000001,
              34.072306999999995
            ],
            [
              -118.72376700000001,
              34.072302
            ],
            [
              -118.723792,
              34.072302
            ],
            [
              -118.723792,
              34.072286999999996
            ],
            [
              -118.723787,
              34.072281999999994
            ],
            [
              -118.723787,
              34.072257
            ],
            [
              -118.723782,
              34.072252
            ],
            [
              -118.723782,
              34.072227
            ],
            [
              -118.723777,
              34.072222
            ],
            [
              -118.723777,
              34.072196999999996
            ],
            [
              -118.72377200000001,
              34.072192
            ],
            [
              -118.72377200000001,
              34.072167
            ],
            [
              -118.72376700000001,
              34.072162
            ],
            [
              -118.72376700000001,
              34.072157
            ],
            [
              -118.723777,
              34.072147
            ],
            [
              -118.723787,
              34.072147
            ],
            [
              -118.723792,
              34.072142
            ],
            [
              -118.723802,
              34.072142
            ],
            [
              -118.72380700000001,
              34.072137
            ],
            [
              -118.723817,
              34.072137
            ],
            [
              -118.723822,
              34.072131999999996
            ],
            [
              -118.723827,
              34.072131999999996
            ],
            [
              -118.723827,
              34.072126999999995
            ],
            [
              -118.723822,
              34.072122
            ],
            [
              -118.723822,
              34.072106999999995
            ],
            [
              -118.723817,
              34.072102
            ],
            [
              -118.723817,
              34.072092
            ],
            [
              -118.72381200000001,
              34.072086999999996
            ],
            [
              -118.72381200000001,
              34.072072
            ],
            [
              -118.72380700000001,
              34.072067
            ],
            [
              -118.72380700000001,
              34.072061999999995
            ],
            [
              -118.723797,
              34.072061999999995
            ],
            [
              -118.723792,
              34.072067
            ],
            [
              -118.723777,
              34.072067
            ],
            [
              -118.72377200000001,
              34.072072
            ],
            [
              -118.723757,
              34.072072
            ],
            [
              -118.723752,
              34.072077
            ],
            [
              -118.723737,
              34.072077
            ],
            [
              -118.723732,
              34.072081999999995
            ],
            [
              -118.72372700000001,
              34.072081999999995
            ],
            [
              -118.72372200000001,
              34.072077
            ],
            [
              -118.72372200000001,
              34.072072
            ],
            [
              -118.723712,
              34.072061999999995
            ],
            [
              -118.723712,
              34.072057
            ],
            [
              -118.723702,
              34.072047
            ],
            [
              -118.723702,
              34.072041999999996
            ],
            [
              -118.723697,
              34.072036999999995
            ],
            [
              -118.723687,
              34.072036999999995
            ],
            [
              -118.72368200000001,
              34.072041999999996
            ],
            [
              -118.723657,
              34.072041999999996
            ],
            [
              -118.723652,
              34.072047
            ],
            [
              -118.72363200000001,
              34.072047
            ],
            [
              -118.72362700000001,
              34.072052
            ],
            [
              -118.723602,
              34.072052
            ],
            [
              -118.723597,
              34.072057
            ],
            [
              -118.72358700000001,
              34.072057
            ],
            [
              -118.72358700000001,
              34.072092
            ],
            [
              -118.72359200000001,
              34.072097
            ],
            [
              -118.72359200000001,
              34.072171999999995
            ],
            [
              -118.723597,
              34.072176999999996
            ],
            [
              -118.723597,
              34.072212
            ],
            [
              -118.723612,
              34.072212
            ],
            [
              -118.723617,
              34.072216999999995
            ],
            [
              -118.723617,
              34.072317
            ],
            [
              -118.723642,
              34.072317
            ]
          ]
        ]
      },
      "properties": {
        "building_id": 355,
        "scenario_id": 1,
        "damage_class": "minor-damage",
        "confidence": 0.7553,
        "probabilities": {
          "no-damage": 0.2249,
          "minor-damage": 0.7553,
          "major-damage": 0.0168,
          "destroyed": 0.003
        },
        "gt_damage_class": "no-damage",
        "source": "AI Prediction (Siamese ResNet18)",
        "is_prediction": true
      }
    },
    {
      "type": "Feature",
      "geometry": {
        "type": "Polygon",
        "coordinates": [
          [
            [
              -118.724937,
              34.072472
            ],
            [
              -118.724812,
              34.072472
            ],
            [
              -118.724817,
              34.072466999999996
            ],
            [
              -118.724832,
              34.072466999999996
            ],
            [
              -118.72483700000001,
              34.072461999999994
            ],
            [
              -118.724852,
              34.072461999999994
            ],
            [
              -118.724857,
              34.072457
            ],
            [
              -118.724872,
              34.072457
            ],
            [
              -118.724877,
              34.072452
            ],
            [
              -118.724892,
              34.072452
            ],
            [
              -118.724897,
              34.072447
            ],
            [
              -118.724912,
              34.072447
            ],
            [
              -118.724917,
              34.072441999999995
            ],
            [
              -118.72492700000001,
              34.072441999999995
            ],
            [
              -118.72492700000001,
              34.072447
            ],
            [
              -118.72493200000001,
              34.072452
            ],
            [
              -118.72493200000001,
              34.072461999999994
            ],
            [
              -118.724937,
              34.072466999999996
            ],
            [
              -118.724937,
              34.072472
            ]
          ]
        ]
      },
      "properties": {
        "building_id": 356,
        "scenario_id": 1,
        "damage_class": "no-damage",
        "confidence": 0.78,
        "probabilities": {
          "no-damage": 0.78,
          "minor-damage": 0.0121,
          "major-damage": 0.0131,
          "destroyed": 0.1948
        },
        "gt_damage_class": "no-damage",
        "source": "AI Prediction (Siamese ResNet18)",
        "is_prediction": true
      }
    },
    {
      "type": "Feature",
      "geometry": {
        "type": "Polygon",
        "coordinates": [
          [
            [
              -118.729985,
              34.071027
            ],
            [
              -118.73,
              34.071011999999996
            ],
            [
              -118.73,
              34.071006999999994
            ],
            [
              -118.730005,
              34.071002
            ],
            [
              -118.730005,
              34.070997
            ],
            [
              -118.73,
              34.070992
            ],
            [
              -118.729995,
              34.070992
            ],
            [
              -118.729985,
              34.070982
            ],
            [
              -118.72998,
              34.070982
            ],
            [
              -118.729975,
              34.070977
            ],
            [
              -118.729975,
              34.070972
            ],
            [
              -118.72997,
              34.070966999999996
            ],
            [
              -118.72996499999999,
              34.070966999999996
            ],
            [
              -118.72996,
              34.070961999999994
            ],
            [
              -118.729955,
              34.070961999999994
            ],
            [
              -118.72995,
              34.070957
            ],
            [
              -118.72994,
              34.070966999999996
            ],
            [
              -118.72994,
              34.070972
            ],
            [
              -118.72993,
              34.070982
            ],
            [
              -118.72993,
              34.070992
            ],
            [
              -118.729935,
              34.070997
            ],
            [
              -118.72994,
              34.070997
            ],
            [
              -118.72995,
              34.071006999999994
            ],
            [
              -118.729955,
              34.071006999999994
            ],
            [
              -118.72996,
              34.071011999999996
            ],
            [
              -118.72996499999999,
              34.071011999999996
            ],
            [
              -118.729975,
              34.071022
            ],
            [
              -118.72998,
              34.071022
            ],
            [
              -118.729985,
              34.071027
            ]
          ]
        ]
      },
      "properties": {
        "building_id": 357,
        "scenario_id": 1,
        "damage_class": "no-damage",
        "confidence": 0.8398,
        "probabilities": {
          "no-damage": 0.8398,
          "minor-damage": 0.0301,
          "major-damage": 0.1035,
          "destroyed": 0.0267
        },
        "gt_damage_class": "no-damage",
        "source": "AI Prediction (Siamese ResNet18)",
        "is_prediction": true
      }
    },
    {
      "type": "Feature",
      "geometry": {
        "type": "Polygon",
        "coordinates": [
          [
            [
              -118.7303,
              34.071267
            ],
            [
              -118.730305,
              34.071262
            ],
            [
              -118.730305,
              34.071256999999996
            ],
            [
              -118.730315,
              34.071247
            ],
            [
              -118.730315,
              34.071242
            ],
            [
              -118.73032,
              34.071236999999996
            ],
            [
              -118.73032,
              34.071231999999995
            ],
            [
              -118.73033,
              34.071222
            ],
            [
              -118.73033,
              34.071217
            ],
            [
              -118.730335,
              34.071211999999996
            ],
            [
              -118.73033,
              34.071207
            ],
            [
              -118.730325,
              34.071207
            ],
            [
              -118.73032,
              34.071202
            ],
            [
              -118.730315,
              34.071202
            ],
            [
              -118.730305,
              34.071191999999996
            ],
            [
              -118.7303,
              34.071191999999996
            ],
            [
              -118.730295,
              34.071186999999995
            ],
            [
              -118.73029,
              34.071186999999995
            ],
            [
              -118.730285,
              34.071182
            ],
            [
              -118.73028,
              34.071182
            ],
            [
              -118.73027,
              34.071172
            ],
            [
              -118.730265,
              34.071172
            ],
            [
              -118.73026,
              34.071166999999996
            ],
            [
              -118.730255,
              34.071166999999996
            ],
            [
              -118.73025,
              34.071162
            ],
            [
              -118.730245,
              34.071166999999996
            ],
            [
              -118.730245,
              34.071172
            ],
            [
              -118.730235,
              34.071182
            ],
            [
              -118.730235,
              34.071186999999995
            ],
            [
              -118.730225,
              34.071197
            ],
            [
              -118.730225,
              34.071202
            ],
            [
              -118.730215,
              34.071211999999996
            ],
            [
              -118.730215,
              34.071217
            ],
            [
              -118.73021,
              34.071222
            ],
            [
              -118.730215,
              34.071227
            ],
            [
              -118.730215,
              34.071231999999995
            ],
            [
              -118.73022,
              34.071236999999996
            ],
            [
              -118.73022,
              34.071242
            ],
            [
              -118.730225,
              34.071242
            ],
            [
              -118.73023,
              34.071247
            ],
            [
              -118.730235,
              34.071247
            ],
            [
              -118.73024,
              34.071251999999994
            ],
            [
              -118.730245,
              34.071251999999994
            ],
            [
              -118.73025,
              34.071256999999996
            ],
            [
              -118.730255,
              34.071256999999996
            ],
            [
              -118.73026,
              34.071262
            ],
            [
              -118.730265,
              34.071262
            ],
            [
              -118.730265,
              34.071256999999996
            ],
            [
              -118.73027,
              34.071251999999994
            ],
            [
              -118.73028,
              34.071251999999994
            ],
            [
              -118.73029,
              34.071262
            ],
            [
              -118.730295,
              34.071262
            ],
            [
              -118.7303,
              34.071267
            ]
          ]
        ]
      },
      "properties": {
        "building_id": 358,
        "scenario_id": 1,
        "damage_class": "no-damage",
        "confidence": 0.6802,
        "probabilities": {
          "no-damage": 0.6802,
          "minor-damage": 0.1502,
          "major-damage": 0.1582,
          "destroyed": 0.0114
        },
        "gt_damage_class": "no-damage",
        "source": "AI Prediction (Siamese ResNet18)",
        "is_prediction": true
      }
    },
    {
      "type": "Feature",
      "geometry": {
        "type": "Polygon",
        "coordinates": [
          [
            [
              -118.729885,
              34.071607
            ],
            [
              -118.72989,
              34.071602
            ],
            [
              -118.729895,
              34.071602
            ],
            [
              -118.729905,
              34.071591999999995
            ],
            [
              -118.72991,
              34.071591999999995
            ],
            [
              -118.729925,
              34.071577
            ],
            [
              -118.72993,
              34.071577
            ],
            [
              -118.72994,
              34.071566999999995
            ],
            [
              -118.729945,
              34.071566999999995
            ],
            [
              -118.72995,
              34.071562
            ],
            [
              -118.72995,
              34.071537
            ],
            [
              -118.72996,
              34.071526999999996
            ],
            [
              -118.72996499999999,
              34.071526999999996
            ],
            [
              -118.72999,
              34.071501999999995
            ],
            [
              -118.729995,
              34.071501999999995
            ],
            [
              -118.730005,
              34.071492
            ],
            [
              -118.730005,
              34.071487
            ],
            [
              -118.73,
              34.071481999999996
            ],
            [
              -118.73,
              34.071476999999994
            ],
            [
              -118.729995,
              34.071472
            ],
            [
              -118.729995,
              34.071467
            ],
            [
              -118.72999,
              34.071462
            ],
            [
              -118.72999,
              34.071456999999995
            ],
            [
              -118.729985,
              34.071452
            ],
            [
              -118.729985,
              34.071447
            ],
            [
              -118.72998,
              34.071442
            ],
            [
              -118.729975,
              34.071442
            ],
            [
              -118.72997,
              34.071447
            ],
            [
              -118.72996499999999,
              34.071447
            ],
            [
              -118.72996,
              34.071452
            ],
            [
              -118.729955,
              34.071452
            ],
            [
              -118.72995,
              34.071456999999995
            ],
            [
              -118.729945,
              34.071452
            ],
            [
              -118.729945,
              34.071447
            ],
            [
              -118.729935,
              34.071436999999996
            ],
            [
              -118.729935,
              34.071431999999994
            ],
            [
              -118.729925,
              34.071422
            ],
            [
              -118.729925,
              34.071417
            ],
            [
              -118.72991999999999,
              34.071411999999995
            ],
            [
              -118.72991999999999,
              34.071407
            ],
            [
              -118.72991,
              34.071397
            ],
            [
              -118.72991,
              34.071391999999996
            ],
            [
              -118.7299,
              34.071382
            ],
            [
              -118.7299,
              34.071377
            ],
            [
              -118.72989,
              34.071366999999995
            ],
            [
              -118.72989,
              34.071362
            ],
            [
              -118.729885,
              34.071357
            ],
            [
              -118.729885,
              34.071607
            ]
          ]
        ]
      },
      "properties": {
        "building_id": 359,
        "scenario_id": 1,
        "damage_class": "no-damage",
        "confidence": 0.563,
        "probabilities": {
          "no-damage": 0.563,
          "minor-damage": 0.2672,
          "major-damage": 0.1416,
          "destroyed": 0.0283
        },
        "gt_damage_class": "no-damage",
        "source": "AI Prediction (Siamese ResNet18)",
        "is_prediction": true
      }
    },
    {
      "type": "Feature",
      "geometry": {
        "type": "Polygon",
        "coordinates": [
          [
            [
              -118.72999,
              34.072002
            ],
            [
              -118.729995,
              34.071996999999996
            ],
            [
              -118.73,
              34.071996999999996
            ],
            [
              -118.730005,
              34.071991999999995
            ],
            [
              -118.730015,
              34.071991999999995
            ],
            [
              -118.73002,
              34.071987
            ],
            [
              -118.730025,
              34.071987
            ],
            [
              -118.73003,
              34.071982
            ],
            [
              -118.730035,
              34.071982
            ],
            [
              -118.73004,
              34.071977
            ],
            [
              -118.73005,
              34.071977
            ],
            [
              -118.730055,
              34.071971999999995
            ],
            [
              -118.73006,
              34.071971999999995
            ],
            [
              -118.730065,
              34.071967
            ],
            [
              -118.730075,
              34.071967
            ],
            [
              -118.73008,
              34.071962
            ],
            [
              -118.730085,
              34.071962
            ],
            [
              -118.73009,
              34.071957
            ],
            [
              -118.730095,
              34.071957
            ],
            [
              -118.730095,
              34.071926999999995
            ],
            [
              -118.7301,
              34.071922
            ],
            [
              -118.730105,
              34.071922
            ],
            [
              -118.73011,
              34.071917
            ],
            [
              -118.730115,
              34.071917
            ],
            [
              -118.730115,
              34.071912
            ],
            [
              -118.73011,
              34.071906999999996
            ],
            [
              -118.73011,
              34.071901999999994
            ],
            [
              -118.730105,
              34.071897
            ],
            [
              -118.730105,
              34.071892
            ],
            [
              -118.7301,
              34.071887
            ],
            [
              -118.7301,
              34.071881999999995
            ],
            [
              -118.730095,
              34.071877
            ],
            [
              -118.730095,
              34.071872
            ],
            [
              -118.73009,
              34.071867
            ],
            [
              -118.73009,
              34.071852
            ],
            [
              -118.730085,
              34.071847
            ],
            [
              -118.730085,
              34.071832
            ],
            [
              -118.73008,
              34.071827
            ],
            [
              -118.73008,
              34.071822
            ],
            [
              -118.73006,
              34.071822
            ],
            [
              -118.730045,
              34.071807
            ],
            [
              -118.73004,
              34.071807
            ],
            [
              -118.730035,
              34.071811999999994
            ],
            [
              -118.73003,
              34.071811999999994
            ],
            [
              -118.730025,
              34.071816999999996
            ],
            [
              -118.730015,
              34.071816999999996
            ],
            [
              -118.73001,
              34.071822
            ],
            [
              -118.730005,
              34.071822
            ],
            [
              -118.73,
              34.071827
            ],
            [
              -118.72999,
              34.071827
            ],
            [
              -118.729985,
              34.071832
            ],
            [
              -118.72998,
              34.071832
            ],
            [
              -118.729975,
              34.071836999999995
            ],
            [
              -118.72996499999999,
              34.071836999999995
            ],
            [
              -118.72996,
              34.071842
            ],
            [
              -118.729955,
              34.071842
            ],
            [
              -118.72995,
              34.071847
            ],
            [
              -118.729945,
              34.071847
            ],
            [
              -118.729945,
              34.071861999999996
            ],
            [
              -118.72994,
              34.071867
            ],
            [
              -118.72994,
              34.071887
            ],
            [
              -118.729945,
              34.071892
            ],
            [
              -118.729945,
              34.071897
            ],
            [
              -118.72995,
              34.071901999999994
            ],
            [
              -118.72995,
              34.071912
            ],
            [
              -118.729955,
              34.071917
            ],
            [
              -118.729955,
              34.071926999999995
            ],
            [
              -118.72996,
              34.071932
            ],
            [
              -118.72996,
              34.071937
            ],
            [
              -118.72996499999999,
              34.071942
            ],
            [
              -118.72996499999999,
              34.071951999999996
            ],
            [
              -118.72997,
              34.071957
            ],
            [
              -118.72997,
              34.071967
            ],
            [
              -118.729975,
              34.071971999999995
            ],
            [
              -118.729975,
              34.071977
            ],
            [
              -118.72998,
              34.071982
            ],
            [
              -118.72998,
              34.071991999999995
            ],
            [
              -118.729985,
              34.071996999999996
            ],
            [
              -118.729985,
              34.072002
            ],
            [
              -118.72999,
              34.072002
            ]
          ]
        ]
      },
      "properties": {
        "building_id": 360,
        "scenario_id": 1,
        "damage_class": "minor-damage",
        "confidence": 0.5282,
        "probabilities": {
          "no-damage": 0.1933,
          "minor-damage": 0.5282,
          "major-damage": 0.2564,
          "destroyed": 0.0221
        },
        "gt_damage_class": "no-damage",
        "source": "AI Prediction (Siamese ResNet18)",
        "is_prediction": true
      }
    }
  ],
  "metadata": {
    "scenario": "Woolsey Fire (Scenario 1)",
    "total_buildings": 181,
    "ai_damage_counts": {
      "no-damage": 106,
      "minor-damage": 41,
      "major-damage": 24,
      "destroyed": 10
    },
    "gt_damage_counts": {
      "no-damage": 169,
      "minor-damage": 0,
      "major-damage": 0,
      "destroyed": 12
    },
    "model": "Two-Stage ResNet34 + Siamese ResNet18"
  }
}